pl_name,hostname,ra,dec,discoverymethod,disc_year,sy_dist
"11 Com b","11 Com",185.1787793,17.7932516,"Radial Velocity",2007,93.18460000
"11 UMi b","11 UMi",229.2745954,71.8239428,"Radial Velocity",2009,125.32100000
"14 And b","14 And",352.8241500,39.2358367,"Radial Velocity",2008,75.43920000
"14 Her b","14 Her",242.6021014,43.8163621,"Radial Velocity",2002,17.93230000
"16 Cyg B b","16 Cyg B",295.4656422,50.5168243,"Radial Velocity",1996,21.13970000
"17 Sco b","17 Sco",243.4620874,-11.8377905,"Radial Velocity",2020,124.95300000
"18 Del b","18 Del",314.6078375,10.8391378,"Radial Velocity",2008,76.22200000
"1RXS J160929.1-210524 b","1RXS J160929.1-210524",242.3762343,-21.0831403,"Imaging",2008,139.13500000
"24 Boo b","24 Boo",217.1555242,49.8446488,"Radial Velocity",2018,95.98630000
"24 Sex b","24 Sex",155.8684866,-0.9023998,"Radial Velocity",2010,72.06910000
"24 Sex c","24 Sex",155.8684866,-0.9023998,"Radial Velocity",2010,72.06910000
"2M0437 b","2MASS J04372171+2651014",69.3405531,26.8502997,"Imaging",2021,128.48400000
"2MASS J01033563-5515561 AB b","2MASS J01033563-5515561 A",15.8992489,-55.2658291,"Imaging",2013,47.20000000
"2MASS J01225093-2439505 b","2MASS J01225093-2439505",20.7128012,-24.6646128,"Imaging",2013,33.82810000
"2MASS J02192210-3925225 b","2MASS J02192210-3925225",34.8427046,-39.4230767,"Imaging",2015,40.08964117
"2MASS J0249-0557 c","2MASS J0249-0557 A",42.4851627,-5.9599921,"Imaging",2018,66.06130000
"2MASS J03590986+2009361 b","2MASS J03590986+2009361",59.7911026,20.1599759,"Imaging",2024,117.43500000
"2MASS J04414489+2301513 b","2MASS J04414489+2301513",70.4371079,23.0308544,"Imaging",2010,120.42398696
"2MASS J11011926-7732383 b","2MASS J11011926-7732383",165.3295388,-77.5440912,"Imaging",2024,
"2MASS J11550485-7919108 b","2MASS J11550485-7919108",178.7691634,-79.3197558,"Imaging",2024,100.86200000
"2MASS J12073346-3932539 b","2MASS J12073346-3932539",181.8890906,-39.5484399,"Imaging",2004,64.30800000
"2MASS J19383260+4603591 b","2MASS J19383260+4603591",294.6359173,46.0664076,"Eclipse Timing Variations",2015,396.33200000
"2MASS J21252752-8138278 b","2MASS J21252752-8138278",321.3662989,-81.6414894,"Imaging",2024,34.11540000
"2MASS J22362452+4751425 b","2MASS J22362452+4751425",339.1025931,47.8616830,"Imaging",2016,69.57370000
"2MASS J22501512+2325342 b","2MASS J22501512+2325342",342.5634097,23.4259058,"Imaging",2018,57.23090000
"4 UMa b","4 UMa",130.0528099,64.3280504,"Radial Velocity",2006,73.46030000
"47 UMa b","47 UMa",164.8647611,40.4304931,"Radial Velocity",1996,13.79670000
"47 UMa c","47 UMa",164.8647611,40.4304931,"Radial Velocity",2001,13.79670000
"47 UMa d","47 UMa",164.8647611,40.4304931,"Radial Velocity",2009,13.79670000
"51 Eri b","51 Eri",69.4007424,-2.4738245,"Imaging",2015,29.75750000
"51 Peg b","51 Peg",344.3675399,20.7690958,"Radial Velocity",1995,15.46140000
"55 Cnc B b","55 Cnc B",133.1679080,28.3152863,"Radial Velocity",2025,12.47730000
"55 Cnc B c","55 Cnc B",133.1679080,28.3152863,"Radial Velocity",2025,12.47730000
"55 Cnc b","55 Cnc",133.1468373,28.3298154,"Radial Velocity",1996,12.58550000
"55 Cnc c","55 Cnc",133.1468373,28.3298154,"Radial Velocity",2004,12.58550000
"55 Cnc d","55 Cnc",133.1468373,28.3298154,"Radial Velocity",2002,12.58550000
"55 Cnc e","55 Cnc",133.1468373,28.3298154,"Radial Velocity",2004,12.58550000
"55 Cnc f","55 Cnc",133.1468373,28.3298154,"Radial Velocity",2007,12.58550000
"6 Lyn b","6 Lyn",97.6960311,58.1611753,"Radial Velocity",2008,54.65990000
"61 Vir b","61 Vir",199.5964550,-18.3157745,"Radial Velocity",2009,8.50332000
"61 Vir c","61 Vir",199.5964550,-18.3157745,"Radial Velocity",2009,8.50332000
"61 Vir d","61 Vir",199.5964550,-18.3157745,"Radial Velocity",2009,8.50332000
"7 CMa b","7 CMa",99.1712760,-19.2561808,"Radial Velocity",2011,19.81010000
"7 CMa c","7 CMa",99.1712760,-19.2561808,"Radial Velocity",2019,19.81010000
"70 Vir b","70 Vir",202.1064898,13.7763085,"Radial Velocity",1996,17.90110000
"75 Cet b","75 Cet",38.0391598,-1.0350269,"Radial Velocity",2012,82.96130000
"75 Cet c","75 Cet",38.0391598,-1.0350269,"Radial Velocity",2023,82.96130000
"8 UMi b","8 UMi",224.2016850,74.9009379,"Radial Velocity",2015,162.55200000
"81 Cet b","81 Cet",39.4243555,-3.3963607,"Radial Velocity",2008,101.26000000
"91 Aqr b","91 Aqr",348.9745031,-9.0878076,"Radial Velocity",2013,44.03040000
"AB Aur b","AB Aur",73.9410446,30.5510888,"Imaging",2022,162.12700000
"AB Pic b","AB Pic",94.8039208,-58.0541184,"Imaging",2005,50.04750000
"AF Lep b","AF Lep",81.7699216,-11.9011752,"Imaging",2023,26.85640000
"AT2021ueyL b","AT2021ueyL",324.5450417,26.4665694,"Microlensing",2025,1040.00000000
"AU Mic b","AU Mic",311.2911369,-31.3424500,"Transit",2020,9.72210000
"AU Mic c","AU Mic",311.2911369,-31.3424500,"Transit",2021,9.72210000
"AU Mic d","AU Mic",311.2911369,-31.3424500,"Transit Timing Variations",2023,9.72210000
"AU Mic e","AU Mic",311.2911369,-31.3424500,"Radial Velocity",2025,9.72210000
"BD+03 2562 b","BD+03 2562",177.5647268,2.7601075,"Radial Velocity",2017,1070.63000000
"BD+05 4868 A b","BD+05 4868 A",326.8614036,6.6053185,"Transit",2025,43.56870000
"BD+14 4559 b","BD+14 4559",318.4010002,14.6893834,"Radial Velocity",2009,49.35200000
"BD+15 2375 b","BD+15 2375",176.4820239,14.6163182,"Radial Velocity",2016,768.04500000
"BD+15 2940 b","BD+15 2940",240.0956400,15.5467507,"Radial Velocity",2013,426.42000000
"BD+20 2457 b","BD+20 2457",154.1867820,19.8912626,"Radial Velocity",2009,1539.71000000
"BD+20 2457 c","BD+20 2457",154.1867820,19.8912626,"Radial Velocity",2009,1539.71000000
"BD+20 274 b","BD+20 274",25.9203179,21.0052692,"Radial Velocity",2012,1322.51000000
"BD+20 594 b","BD+20 594",53.6511231,20.5990205,"Transit",2016,179.46100000
"BD+37 3172 b","BD+37 3172",278.8155071,38.1153886,"Radial Velocity",2023,454.25100000
"BD+42 2315 b","BD+42 2315",187.5887597,41.2695674,"Radial Velocity",2023,610.71500000
"BD+45 564 b","BD+45 564",32.9470485,45.9242187,"Radial Velocity",2021,53.62200000
"BD+48 738 b","BD+48 738",40.7102869,49.5869395,"Radial Velocity",2011,871.49300000
"BD+48 740 b","BD+48 740",40.7425426,48.9300579,"Radial Velocity",2018,666.58900000
"BD+49 828 b","BD+49 828",45.6406187,49.7299481,"Radial Velocity",2015,442.04200000
"BD+55 362 b","BD+55 362",23.9636676,56.6982282,"Radial Velocity",2021,52.56970000
"BD+60 1417 b","BD+60 1417",190.8875453,60.0143636,"Imaging",2021,44.95430000
"BD+63 1405 b","BD+63 1405",271.3979337,63.6700064,"Radial Velocity",2021,38.04730000
"BD-06 1339 b","BD-06 1339",88.2511811,-5.9963378,"Radial Velocity",2013,20.26950000
"BD-06 1339 c","BD-06 1339",88.2511811,-5.9963378,"Radial Velocity",2013,20.26950000
"BD-08 2823 b","BD-08 2823",150.1971964,-9.5165689,"Radial Velocity",2009,41.33420000
"BD-08 2823 c","BD-08 2823",150.1971964,-9.5165689,"Radial Velocity",2009,41.33420000
"BD-10 3166 b","BD-10 3166",164.6191243,-10.7704227,"Radial Velocity",2000,84.40690000
"BD-11 4672 b","BD-11 4672",278.3688659,-11.6370481,"Radial Velocity",2014,27.16650000
"BD-11 4672 c","BD-11 4672",278.3688659,-11.6370481,"Radial Velocity",2020,27.16650000
"BD-13 2130 b","BD-13 2130",114.2884692,-13.9066703,"Radial Velocity",2007,925.21400000
"BD-14 3065 b","BD-14 3065 A",153.6696689,-15.6428372,"Transit",2024,589.42300000
"BD-17 63 b","BD-17 63",7.1413494,-16.2273254,"Radial Velocity",2008,34.46030000
"BD-210397 b","BD-210397",33.3024198,-21.1962147,"Radial Velocity",2023,23.73240000
"BD-210397 c","BD-210397",33.3024198,-21.1962147,"Radial Velocity",2023,23.73240000
"BEBOP-3 b","BEBOP-3",110.9026550,79.1323952,"Radial Velocity",2025,119.05200000
"BEBOP-4 AB b","BEBOP-4 A",192.5772651,26.1595358,"Radial Velocity",2025,234.29400000
"Barnard b","Barnard's star",269.4486144,4.7379808,"Radial Velocity",2024,1.82655000
"Barnard c","Barnard's star",269.4486144,4.7379808,"Radial Velocity",2025,1.82655000
"Barnard d","Barnard's star",269.4486144,4.7379808,"Radial Velocity",2025,1.82655000
"Barnard e","Barnard's star",269.4486144,4.7379808,"Radial Velocity",2025,1.82655000
"CD Cet b","CD Cet",48.3530155,4.7751881,"Radial Velocity",2020,8.60715000
"CD-35 2722 b","CD-35 2722",92.3300147,-35.8255375,"Imaging",2011,22.38960000
"CFBDSIR J145829+101343 b","CFBDSIR J145829+101343",224.6208333,10.2286111,"Imaging",2011,23.10000000
"CFHTWIR-Oph 98 b","CFHTWIR-Oph 98 A",246.9342770,-23.9811500,"Imaging",2020,
"CHXR 73 b","CHXR 73",166.6193985,-77.6258725,"Imaging",2006,190.37400000
"CI Tau c","CI Tau",68.4667685,22.8416192,"Radial Velocity",2024,157.99800000
"COCONUTS-2 b","COCONUTS-2 A",117.3009140,-76.7026960,"Imaging",2021,10.88640000
"CT Cha b","CT Cha",166.0375038,-76.4553693,"Imaging",2007,190.72000000
"CWISEP J193518.59-154620.3 b","CWISEP J193518.59-154620.3",293.8262172,-15.7725727,"Imaging",2025,14.43000000
"CoRoT-1 b","CoRoT-1",102.0798591,-3.1021394,"Transit",2008,787.90900000
"CoRoT-10 b","CoRoT-10",291.0636813,0.7460143,"Transit",2010,338.38600000
"CoRoT-11 b","CoRoT-11",280.6872998,5.9376586,"Transit",2010,655.03700000
"CoRoT-12 b","CoRoT-12",100.7656871,-1.2964437,"Transit",2010,1126.37000000
"CoRoT-13 b","CoRoT-13",102.7211432,-5.0864557,"Transit",2010,1148.93000000
"CoRoT-14 b","CoRoT-14",103.4242023,-5.5360385,"Transit",2010,1744.60000000
"CoRoT-16 b","CoRoT-16",278.5246658,-6.0026026,"Transit",2011,732.40900000
"CoRoT-17 b","CoRoT-17",278.6992360,-6.6122880,"Transit",2011,1176.12000000
"CoRoT-18 b","CoRoT-18",98.1724172,-0.0316045,"Transit",2011,764.88900000
"CoRoT-19 b","CoRoT-19",97.0335983,-0.1707293,"Transit",2011,790.66300000
"CoRoT-2 b","CoRoT-2",291.7770457,1.3836634,"Transit",2008,213.28300000
"CoRoT-20 b","CoRoT-20",97.7204249,0.2268931,"Transit",2011,844.06100000
"CoRoT-20 c","CoRoT-20",97.7204249,0.2268931,"Radial Velocity",2018,844.06100000
"CoRoT-21 b","CoRoT-21",101.0526207,-0.2991544,"Transit",2012,1398.83419686
"CoRoT-22 b","CoRoT-22",280.6671392,6.2191669,"Transit",2014,627.15800000
"CoRoT-23 b","CoRoT-23",279.7826586,4.3577516,"Transit",2011,1060.97000000
"CoRoT-24 b","CoRoT-24",101.9225430,-3.7192892,"Transit",2014,591.55500000
"CoRoT-24 c","CoRoT-24",101.9225430,-3.7192892,"Transit",2014,591.55500000
"CoRoT-25 b","CoRoT-25",280.6296561,6.5138223,"Transit",2013,1103.48000000
"CoRoT-26 b","CoRoT-26",279.7504991,6.9697828,"Transit",2013,1045.18000000
"CoRoT-27 b","CoRoT-27",278.4958319,5.5383811,"Transit",2014,1010.28000000
"CoRoT-28 b","CoRoT-28",278.6883216,5.5736911,"Transit",2015,766.18300000
"CoRoT-29 b","CoRoT-29",278.9020691,6.4795703,"Transit",2015,806.50700000
"CoRoT-3 b","CoRoT-3",292.0552827,0.1218359,"Transit",2008,768.77100000
"CoRoT-30 b","CoRoT-30",277.6011767,6.8359338,"Transit",2020,1032.23000000
"CoRoT-31 b","CoRoT-31",94.8207350,-4.4222978,"Transit",2020,2005.76000000
"CoRoT-32 b","CoRoT-32",100.1951714,9.2573953,"Transit",2018,576.68300000
"CoRoT-35 b","CoRoT-35",289.3143526,-2.7747085,"Transit",2022,1123.21000000
"CoRoT-36 b","CoRoT-36",277.7510149,7.1833465,"Transit",2022,925.95800000
"CoRoT-4 b","CoRoT-4",102.1946233,-0.6727861,"Transit",2008,726.41200000
"CoRoT-5 b","CoRoT-5",101.2772396,0.8152163,"Transit",2009,882.47200000
"CoRoT-6 b","CoRoT-6",281.0725563,6.6632062,"Transit",2009,645.29400000
"CoRoT-7 b","CoRoT-7",100.9561682,-1.0630076,"Transit",2009,159.90600000
"CoRoT-7 c","CoRoT-7",100.9561682,-1.0630076,"Radial Velocity",2009,159.90600000
"CoRoT-7 d","CoRoT-7",100.9561682,-1.0630076,"Radial Velocity",2022,159.90600000
"CoRoT-8 b","CoRoT-8",291.5885696,1.4262972,"Transit",2010,322.03700000
"CoRoT-9 b","CoRoT-9",280.7866461,6.2040783,"Transit",2009,412.98000000
"DE CVn b","DE CVn",201.7207198,45.5455449,"Eclipse Timing Variations",2018,30.52250000
"DENIS-P J082303.1-491201 b","DENIS-P J082303.1-491201",125.7620668,-49.2003008,"Astrometry",2013,20.77000000
"DH Tau b","DH Tau",67.4231674,26.5493897,"Imaging",2004,134.84600000
"DMPP-1 b","DMPP-1",86.7761233,-10.6303217,"Radial Velocity",2019,62.53880000
"DMPP-1 c","DMPP-1",86.7761233,-10.6303217,"Radial Velocity",2019,62.53880000
"DMPP-1 d","DMPP-1",86.7761233,-10.6303217,"Radial Velocity",2019,62.53880000
"DMPP-1 e","DMPP-1",86.7761233,-10.6303217,"Radial Velocity",2019,62.53880000
"DMPP-2 b","DMPP-2",27.4077310,-34.4590985,"Radial Velocity",2019,137.94000000
"DMPP-2 c","DMPP-2",27.4077310,-34.4590985,"Radial Velocity",2026,137.94000000
"DMPP-2 d","DMPP-2",27.4077310,-34.4590985,"Radial Velocity",2026,137.94000000
"DMPP-3 A b","DMPP-3 A",91.6243532,-72.5143057,"Radial Velocity",2019,46.89170000
"DMPP-4 b","DMPP-4",293.5826648,51.2358069,"Radial Velocity",2023,25.32840000
"DMPP-6 b","DMPP-6",120.3857827,-70.0234291,"Radial Velocity",2026,54.63030000
"DMPP-6 c","DMPP-6",120.3857827,-70.0234291,"Radial Velocity",2026,54.63030000
"DMPP-7 b","DMPP-7",203.5284651,0.4988127,"Radial Velocity",2026,101.38600000
"DMPP-8 b","DMPP-8",305.3083517,-81.6166664,"Radial Velocity",2026,76.13350000
"DMPP-9 b","DMPP-9",316.3060007,-66.9581622,"Radial Velocity",2026,109.53900000
"DP Leo b","DP Leo",169.3162193,17.9615717,"Eclipse Timing Variations",2009,305.68400000
"DS Tuc A b","DS Tuc A",354.9154673,-69.1960430,"Transit",2019,44.06220000
"EPIC 201170410.02","EPIC 201170410",170.1408561,-4.8070039,"Transit",2020,134.00000000
"EPIC 201238110 b","EPIC 201238110",179.7058532,-3.3894613,"Transit",2019,159.25900000
"EPIC 201427007 b","EPIC 201427007",184.6021322,-0.5512886,"Transit",2021,706.39100000
"EPIC 201497682 b","EPIC 201497682",168.9366786,0.4880606,"Transit",2019,253.02600000
"EPIC 201595106 b","EPIC 201595106",183.7203635,1.9681688,"Transit",2021,232.10000000
"EPIC 201615463 c","K2-166",185.1880932,2.2823788,"Transit",2019,476.88200000
"EPIC 201754305 d","K2-16",175.0972238,4.5574311,"Transit",2019,334.96700000
"EPIC 201757695.02","EPIC 201757695",173.9385102,4.6164303,"Transit",2020,577.60000000
"EPIC 201833600 c","K2-50",169.4836540,5.9882890,"Transit",2019,257.44300000
"EPIC 201841433 b","EPIC 201841433",175.2067520,6.1348146,"Transit",2019,436.48800000
"EPIC 205950854 c","K2-168",333.1100738,-16.3418863,"Transit",2019,243.93500000
"EPIC 206024342 b","EPIC 206024342",331.2771441,-14.1218019,"Transit",2019,369.88800000
"EPIC 206024342 c","EPIC 206024342",331.2771441,-14.1218019,"Transit",2021,369.88800000
"EPIC 206024342 d","EPIC 206024342",331.2771441,-14.1218019,"Transit",2021,369.88800000
"EPIC 206032309 b","EPIC 206032309",341.2404563,-13.9011223,"Transit",2019,161.36500000
"EPIC 206042996 b","EPIC 206042996",337.5136198,-13.6101475,"Transit",2019,451.76900000
"EPIC 206042996 c","EPIC 206042996",337.5136198,-13.6101475,"Transit",2021,451.76900000
"EPIC 206215704 b","EPIC 206215704",335.0949721,-9.5097112,"Transit",2019,109.88800000
"EPIC 206317286 b","EPIC 206317286",337.6178427,-7.9724560,"Transit",2019,314.35000000
"EPIC 206317286 c","EPIC 206317286",337.6178427,-7.9724560,"Transit",2022,314.35000000
"EPIC 211822797 b","EPIC 211822797",130.4102091,17.6399744,"Transit",2016,186.19700000
"EPIC 211945201 b","EPIC 211945201",136.5741931,19.4020565,"Transit",2018,181.69000000
"EPIC 212297394 b","EPIC 212297394",207.2061241,-17.6098985,"Transit",2019,418.39500000
"EPIC 212297394 c","EPIC 212297394",207.2061241,-17.6098985,"Transit",2021,418.39500000
"EPIC 212424622 b","EPIC 212424622",202.3313765,-14.3594358,"Transit",2019,611.80400000
"EPIC 212499991 b","EPIC 212499991",202.4887520,-12.7347749,"Transit",2019,283.29000000
"EPIC 212587672 b","EPIC 212587672",205.4445125,-10.8625468,"Transit",2019,320.07000000
"EPIC 212587672 c","EPIC 212587672",205.4445125,-10.8625468,"Transit",2021,320.07000000
"EPIC 212624936 b","EPIC 212624936",210.6376171,-10.0236852,"Transit",2021,561.92900000
"EPIC 212624936 c","EPIC 212624936",210.6376171,-10.0236852,"Transit",2021,561.92900000
"EPIC 212737443 b","EPIC 212737443",204.2215065,-7.3180577,"Transit",2019,336.25000000
"EPIC 212737443 c","EPIC 212737443",204.2215065,-7.3180577,"Transit",2019,336.25000000
"EPIC 220492298 b","EPIC 220492298",16.7615005,6.5887980,"Transit",2021,624.51200000
"EPIC 220554210 c","K2-282",13.4321524,7.9952914,"Transit",2019,496.28900000
"EPIC 220674823 b","EPIC 220674823",13.0800239,10.7947051,"Transit",2016,244.59000000
"EPIC 220674823 c","EPIC 220674823",13.0800239,10.7947051,"Transit",2016,244.59000000
"EPIC 228836835 b","EPIC 228836835",189.5748998,-5.2446247,"Transit",2021,150.12400000
"EPIC 229004835 b","EPIC 229004835",186.4860415,-1.4047214,"Transit",2023,121.97100000
"EPIC 246851721 b","EPIC 246851721",78.9198197,16.2786991,"Transit",2018,372.63200000
"EPIC 248847494 b","EPIC 248847494",159.3890808,11.8427484,"Transit",2018,551.88600000
"EPIC 249893012 b","EPIC 249893012",228.2482353,-16.7246474,"Transit",2020,321.29600000
"EPIC 249893012 c","EPIC 249893012",228.2482353,-16.7246474,"Transit",2020,321.29600000
"EPIC 249893012 d","EPIC 249893012",228.2482353,-16.7246474,"Transit",2020,321.29600000
"FU Tau b","FU Tau",65.8974962,25.0506711,"Imaging",2008,133.49504660
"G 192-15 b","G 192-15",90.6220931,49.8619390,"Radial Velocity",2025,9.53114000
"G 192-15 c","G 192-15",90.6220931,49.8619390,"Radial Velocity",2025,9.53114000
"G 196-3 b","G 196-3",151.0884754,50.3861806,"Imaging",2024,21.79120000
"G 261-6 b","G 261-6",291.0743200,75.5558405,"Radial Velocity",2025,10.62670000
"G 264-012 b","G 264-012",326.6719598,66.8038480,"Radial Velocity",2021,16.00900000
"G 264-012 c","G 264-012",326.6719598,66.8038480,"Radial Velocity",2021,16.00900000
"G 268-110 b","G 268-110",16.2236880,-18.1248020,"Radial Velocity",2025,
"G 9-40 b","G 9-40",134.7188514,21.0747961,"Transit",2019,27.92760000
"GJ 1002 b","GJ 1002",1.6764641,-7.5462123,"Radial Velocity",2022,4.84867000
"GJ 1002 c","GJ 1002",1.6764641,-7.5462123,"Radial Velocity",2022,4.84867000
"GJ 1061 b","GJ 1061",54.0032486,-44.5143104,"Radial Velocity",2020,3.67278000
"GJ 1061 c","GJ 1061",54.0032486,-44.5143104,"Radial Velocity",2020,3.67278000
"GJ 1061 d","GJ 1061",54.0032486,-44.5143104,"Radial Velocity",2020,3.67278000
"GJ 1132 b","GJ 1132",153.7090696,-47.1549358,"Transit",2015,12.61300000
"GJ 1132 c","GJ 1132",153.7090696,-47.1549358,"Radial Velocity",2018,12.61300000
"GJ 1137 c","HD 93083",161.0866672,-33.5776794,"Radial Velocity",2026,28.51590000
"GJ 1148 b","GJ 1148",175.4326081,42.7515862,"Radial Velocity",2010,11.01430000
"GJ 1148 c","GJ 1148",175.4326081,42.7515862,"Radial Velocity",2017,11.01430000
"GJ 1151 c","GJ 1151",177.7304866,48.3732334,"Radial Velocity",2023,8.03625000
"GJ 1214 b","GJ 1214",258.8313991,4.9606795,"Transit",2009,14.64270000
"GJ 1252 b","GJ 1252",306.9286462,-56.4622865,"Transit",2020,20.37300000
"GJ 1265 b","GJ 1265",333.4324675,-17.6870623,"Radial Velocity",2018,10.25250000
"GJ 1289 b","GJ 1289",355.7813464,36.5363314,"Radial Velocity",2024,8.35147000
"GJ 143 b","GJ 143",51.7501882,-63.5001660,"Transit",2019,16.32000000
"GJ 15 A b","GJ 15 A",4.6126677,44.0247296,"Radial Velocity",2014,3.56228000
"GJ 15 A c","GJ 15 A",4.6126677,44.0247296,"Radial Velocity",2018,3.56228000
"GJ 160.2 b","GJ 160.2",61.6454173,-20.8564724,"Radial Velocity",2014,25.85570000
"GJ 163 b","GJ 163",62.3228353,-53.3711768,"Radial Velocity",2013,15.12850000
"GJ 163 c","GJ 163",62.3228353,-53.3711768,"Radial Velocity",2013,15.12850000
"GJ 163 d","GJ 163",62.3228353,-53.3711768,"Radial Velocity",2013,15.12850000
"GJ 179 b","GJ 179",73.0245495,6.4752347,"Radial Velocity",2009,12.35600000
"GJ 180 b","GJ 180",73.4600970,-17.7761940,"Radial Velocity",2014,11.94070000
"GJ 180 c","GJ 180",73.4600970,-17.7761940,"Radial Velocity",2014,11.94070000
"GJ 180 d","GJ 180",73.4600970,-17.7761940,"Radial Velocity",2020,11.94070000
"GJ 2030 b","GJ 2030",50.8237604,-7.7950429,"Radial Velocity",2022,37.07880000
"GJ 2030 c","GJ 2030",50.8237604,-7.7950429,"Radial Velocity",2022,37.07880000
"GJ 2056 b","GJ 2056",108.0194945,-24.8921008,"Radial Velocity",2020,28.44340000
"GJ 2126 b","GJ 2126",257.3606793,-35.3917190,"Radial Velocity",2025,38.12900000
"GJ 229 A c","GJ 229",92.6435993,-21.8677233,"Radial Velocity",2020,5.75624000
"GJ 229 b","GJ 229",92.6435993,-21.8677233,"Radial Velocity",2014,5.75624000
"GJ 238 b","GJ 238",98.4548810,-58.5250316,"Transit",2024,15.21420000
"GJ 251 b","GJ 251",103.7002499,33.2664632,"Radial Velocity",2020,5.58057000
"GJ 251 c","GJ 251",103.7002499,33.2664632,"Radial Velocity",2025,5.58057000
"GJ 27.1 b","GJ 27.1",9.9980016,-44.2541679,"Radial Velocity",2014,23.60620000
"GJ 273 b","GJ 273",111.8520910,5.2258070,"Radial Velocity",2017,5.92153500
"GJ 273 c","GJ 273",111.8520910,5.2258070,"Radial Velocity",2017,5.92153500
"GJ 3021 b","GJ 3021",4.0634323,-79.8514218,"Radial Velocity",2000,17.55590000
"GJ 3082 b","GJ 3082",18.6432425,-53.9407751,"Radial Velocity",2020,16.61860000
"GJ 3090 b","GJ 3090",20.4384281,-46.7147234,"Transit",2022,22.47510000
"GJ 3090 c","GJ 3090",20.4384281,-46.7147234,"Radial Velocity",2026,22.47510000
"GJ 3138 b","GJ 3138",32.2977385,-16.3392495,"Radial Velocity",2017,28.47120000
"GJ 3138 c","GJ 3138",32.2977385,-16.3392495,"Radial Velocity",2017,28.47120000
"GJ 3138 d","GJ 3138",32.2977385,-16.3392495,"Radial Velocity",2017,28.47120000
"GJ 317 b","GJ 317",130.2445254,-23.4528090,"Radial Velocity",2007,15.19680000
"GJ 317 c","GJ 317",130.2445254,-23.4528090,"Radial Velocity",2016,15.19680000
"GJ 3222 b","GJ 3222",50.8972464,-40.0762325,"Radial Velocity",2022,18.23817000
"GJ 328 b","GJ 328",133.7819507,1.5420011,"Radial Velocity",2013,20.52660000
"GJ 328 c","GJ 328",133.7819507,1.5420011,"Radial Velocity",2023,20.52660000
"GJ 3293 b","GJ 3293",67.1484425,-25.1713396,"Radial Velocity",2015,20.19030000
"GJ 3293 c","GJ 3293",67.1484425,-25.1713396,"Radial Velocity",2015,20.19030000
"GJ 3293 d","GJ 3293",67.1484425,-25.1713396,"Radial Velocity",2017,20.19030000
"GJ 3293 e","GJ 3293",67.1484425,-25.1713396,"Radial Velocity",2017,20.19030000
"GJ 3323 b","GJ 3323",75.4868824,-6.9485133,"Radial Velocity",2017,5.37484000
"GJ 3323 c","GJ 3323",75.4868824,-6.9485133,"Radial Velocity",2017,5.37484000
"GJ 3341 b","GJ 3341",78.9471415,-31.2948458,"Radial Velocity",2015,23.61900000
"GJ 3378 b","GJ 3378",90.2951302,59.5931917,"Radial Velocity",2026,7.72274000
"GJ 338 B b","GJ 338 B",138.5916722,52.6835211,"Radial Velocity",2020,6.33256000
"GJ 341 b","GJ 341",140.3993759,-60.2811692,"Transit",2025,10.45400000
"GJ 3470 b","GJ 3470",119.7735021,15.3912090,"Radial Velocity",2012,29.42140000
"GJ 3473 b","GJ 3473",120.5936065,3.3371629,"Transit",2020,27.36440000
"GJ 3473 c","GJ 3473",120.5936065,3.3371629,"Radial Velocity",2020,27.36440000
"GJ 3512 b","GJ 3512",130.3316616,59.4918364,"Radial Velocity",2019,9.48637000
"GJ 3512 c","GJ 3512",130.3316616,59.4918364,"Radial Velocity",2020,9.48637000
"GJ 357 b","GJ 357",144.0074644,-21.6650634,"Transit",2019,9.44181000
"GJ 357 c","GJ 357",144.0074644,-21.6650634,"Radial Velocity",2019,9.44181000
"GJ 357 d","GJ 357",144.0074644,-21.6650634,"Radial Velocity",2019,9.44181000
"GJ 3634 b","GJ 3634",164.6433493,-31.1443383,"Radial Velocity",2010,20.37790000
"GJ 367 b","GJ 367",146.1214640,-45.7790165,"Transit",2021,9.41263000
"GJ 367 c","GJ 367",146.1214640,-45.7790165,"Radial Velocity",2023,9.41263000
"GJ 367 d","GJ 367",146.1214640,-45.7790165,"Radial Velocity",2023,9.41263000
"GJ 3779 b","GJ 3779",200.7335358,24.4639425,"Radial Velocity",2018,13.74300000
"GJ 3929 b","GJ 3929",239.5775678,35.4081141,"Transit",2022,15.80950000
"GJ 3929 c","GJ 3929",239.5775678,35.4081141,"Radial Velocity",2022,15.80950000
"GJ 393 b","GJ 393",157.2288672,0.8378485,"Radial Velocity",2021,7.03149000
"GJ 3942 b","GJ 3942",242.2645452,52.9441443,"Radial Velocity",2017,16.92870000
"GJ 3988 b","GJ 3988",255.8503747,51.4089795,"Radial Velocity",2023,9.91050000
"GJ 3998 b","GJ 3998",259.0020507,11.0561751,"Radial Velocity",2016,18.14590000
"GJ 3998 c","GJ 3998",259.0020507,11.0561751,"Radial Velocity",2016,18.14590000
"GJ 3998 d","GJ 3998",259.0020507,11.0561751,"Radial Velocity",2025,18.14590000
"GJ 411 b","GJ 411",165.8344710,35.9723170,"Radial Velocity",2019,5.67577300
"GJ 414 A b","GJ 414 A",167.7745044,30.4451688,"Radial Velocity",2021,11.88930000
"GJ 414 A c","GJ 414 A",167.7745044,30.4451688,"Radial Velocity",2021,11.88930000
"GJ 422 b","GJ 422",168.9810458,-57.5425629,"Radial Velocity",2014,12.66310000
"GJ 4274 b","GJ 4274",335.7805478,-17.6104078,"Radial Velocity",2026,7.23556000
"GJ 4274 c","GJ 4274",335.7805478,-17.6104078,"Radial Velocity",2026,7.23556000
"GJ 4276 b","GJ 4276",336.3221454,59.4125030,"Radial Velocity",2019,21.33620000
"GJ 433 b","GJ 433",173.8619194,-32.5436302,"Radial Velocity",2013,9.06456000
"GJ 433 c","GJ 433",173.8619194,-32.5436302,"Radial Velocity",2014,9.06456000
"GJ 433 d","GJ 433",173.8619194,-32.5436302,"Radial Velocity",2020,9.06456000
"GJ 436 b","GJ 436",175.5505363,26.7030669,"Radial Velocity",2004,9.75321000
"GJ 463 b","GJ 463",185.7440496,64.0324311,"Radial Velocity",2022,18.35540000
"GJ 480 b","GJ 480",189.7134226,11.6950708,"Radial Velocity",2020,14.23580000
"GJ 486 b","GJ 486",191.9815310,9.7494181,"Radial Velocity",2021,8.07426000
"GJ 504 b","GJ 504",199.1923480,9.4249781,"Imaging",2013,17.52990000
"GJ 508.2 b","GJ 508.2",200.2443854,34.2776644,"Radial Velocity",2025,16.63740000
"GJ 514 b","GJ 514",202.5040424,10.3725387,"Radial Velocity",2022,7.61778000
"GJ 536 b","GJ 536",210.2597264,-2.6522901,"Radial Velocity",2016,10.40920000
"GJ 536 c","GJ 536",210.2597264,-2.6522901,"Radial Velocity",2025,10.40920000
"GJ 581 b","GJ 581",229.8564725,-7.7226935,"Radial Velocity",2005,6.29810000
"GJ 581 c","GJ 581",229.8564725,-7.7226935,"Radial Velocity",2007,6.29810000
"GJ 581 e","GJ 581",229.8564725,-7.7226935,"Radial Velocity",2009,6.29810000
"GJ 625 b","GJ 625",246.3557854,54.3033625,"Radial Velocity",2017,6.47249000
"GJ 649 b","GJ 649",254.5363221,25.7419719,"Radial Velocity",2009,10.37960000
"GJ 667 C b","GJ 667 C",259.7510609,-34.9977651,"Radial Velocity",2012,7.24396000
"GJ 667 C c","GJ 667 C",259.7510609,-34.9977651,"Radial Velocity",2013,7.24396000
"GJ 667 C e","GJ 667 C",259.7510609,-34.9977651,"Radial Velocity",2013,7.24396000
"GJ 667 C f","GJ 667 C",259.7510609,-34.9977651,"Radial Velocity",2013,7.24396000
"GJ 667 C g","GJ 667 C",259.7510609,-34.9977651,"Radial Velocity",2013,7.24396000
"GJ 674 b","GJ 674",262.1700476,-46.8989826,"Radial Velocity",2007,4.54896000
"GJ 676 A b","GJ 676 A",262.5448903,-51.6377777,"Radial Velocity",2010,16.02720000
"GJ 676 A c","GJ 676 A",262.5448903,-51.6377777,"Radial Velocity",2016,16.02720000
"GJ 676 A d","GJ 676 A",262.5448903,-51.6377777,"Radial Velocity",2012,16.02720000
"GJ 676 A e","GJ 676 A",262.5448903,-51.6377777,"Radial Velocity",2012,16.02720000
"GJ 680 b","GJ 680",263.8072214,-48.6788427,"Radial Velocity",2022,9.67315000
"GJ 682 b","GJ 682",264.2610245,-44.3232519,"Radial Velocity",2014,5.00671000
"GJ 682 c","GJ 682",264.2610245,-44.3232519,"Radial Velocity",2014,5.00671000
"GJ 685 b","GJ 685",263.8960378,61.6793482,"Radial Velocity",2019,14.31550000
"GJ 687 b","GJ 687",264.1041731,68.3336741,"Radial Velocity",2014,4.54939000
"GJ 687 c","GJ 687",264.1041731,68.3336741,"Radial Velocity",2020,4.54939000
"GJ 720 A b","GJ 720 A",278.8294172,45.7456038,"Radial Velocity",2021,15.55750000
"GJ 724 b","GJ 724",280.2383650,-13.3824997,"Radial Velocity",2023,16.96580000
"GJ 740 b","GJ 740",284.4997178,5.9028670,"Radial Velocity",2021,11.10170000
"GJ 806 b","GJ 806",311.2697002,44.5002351,"Transit",2023,12.04450000
"GJ 806 c","GJ 806",311.2697002,44.5002351,"Radial Velocity",2023,12.04450000
"GJ 832 b","GJ 832",323.3912616,-49.0125169,"Radial Velocity",2008,4.96435000
"GJ 849 b","GJ 849",332.4229938,-4.6408317,"Radial Velocity",2006,8.80058000
"GJ 849 c","GJ 849",332.4229938,-4.6408317,"Radial Velocity",2014,8.80058000
"GJ 86 b","GJ 86",32.6224785,-50.8209945,"Radial Velocity",1999,10.78360000
"GJ 876 b","GJ 876",343.3239737,-14.2665958,"Radial Velocity",1998,4.67517000
"GJ 876 c","GJ 876",343.3239737,-14.2665958,"Radial Velocity",2000,4.67517000
"GJ 876 d","GJ 876",343.3239737,-14.2665958,"Radial Velocity",2005,4.67517000
"GJ 876 e","GJ 876",343.3239737,-14.2665958,"Radial Velocity",2010,4.67517000
"GJ 887 b","GJ 887",346.5027573,-35.8473489,"Radial Velocity",2020,3.28679000
"GJ 887 c","GJ 887",346.5027573,-35.8473489,"Radial Velocity",2020,3.28679000
"GJ 887 d","GJ 887",346.5027573,-35.8473489,"Radial Velocity",2026,3.28679000
"GJ 887 e","GJ 887",346.5027573,-35.8473489,"Radial Velocity",2026,3.28679000
"GJ 896 A b","GJ 896 A",352.9700384,19.9370011,"Astrometry",2022,6.26022000
"GJ 900 b","GJ 900 A",353.7526177,1.6055211,"Imaging",2024,20.80650000
"GJ 9066 c","GJ 9066",30.0588307,13.0443172,"Radial Velocity",2020,4.47100000
"GJ 9404 b","GJ 9404",184.8472095,28.3827126,"Radial Velocity",2023,23.88390000
"GJ 96 b","GJ 96",35.5624031,47.8802075,"Radial Velocity",2018,11.93150000
"GJ 9689 b","GJ 9689",303.4677310,13.3888921,"Radial Velocity",2020,30.62030000
"GJ 9714 b","GJ 9714",315.4141767,-32.5250028,"Radial Velocity",2022,20.51210000
"GJ 9773 b","GJ 9773",333.1502333,8.5503355,"Radial Velocity",2025,15.92110000
"GJ 9827 b","GJ 9827",351.7717763,-1.2853435,"Transit",2017,29.66100000
"GJ 9827 c","GJ 9827",351.7717763,-1.2853435,"Transit",2017,29.66100000
"GJ 9827 d","GJ 9827",351.7717763,-1.2853435,"Transit",2017,29.66100000
"GPX-1 b","GPX-1",38.3691648,56.0257080,"Transit",2021,655.01300000
"GQ Lup b","GQ Lup",237.3003643,-35.6515055,"Imaging",2004,151.16900000
"GSC 06214-00210 b","GSC 06214-00210",245.4776921,-20.7193398,"Imaging",2010,108.50000000
"GU Psc b","GU Psc",18.1464850,17.0650029,"Imaging",2014,47.55010000
"Gaia-1 b","Gaia-1",90.6436658,-0.5771099,"Transit",2022,363.66000000
"Gaia-2 b","Gaia-2",110.7353308,67.2526565,"Transit",2022,209.22900000
"Gaia-4 b","Gaia-4",209.5063762,31.6954898,"Astrometry",2025,73.48290000
"Gaia-5 b","Gaia-5",302.0408173,41.9415455,"Astrometry",2025,41.18130000
"Gaia22dkvL b","Gaia22dkvL",151.7690000,-66.1808889,"Microlensing",2024,1270.00000000
"Gaia23braL b","Gaia23braL",155.6294583,-63.2639167,"Microlensing",2026,4330.00000000
"Gl 378 b","Gl 378",150.5865513,48.0824515,"Radial Velocity",2019,14.95450000
"Gl 410 b","Gl 410",165.6604212,21.9669164,"Radial Velocity",2025,11.93240000
"Gl 49 b","Gl 49",15.6687321,62.3454386,"Radial Velocity",2019,9.85280000
"Gl 686 b","Gl 686",264.4764878,18.5959509,"Radial Velocity",2018,8.15728000
"Gl 725 A b","Gl 725 A",280.6834312,59.6381090,"Radial Velocity",2025,3.52140000
"Gliese 12 b","Gliese 12",3.9579137,13.5576175,"Transit",2024,12.21000000
"Gliese 48 b","Gliese 48",15.6582402,71.6781735,"Radial Velocity",2026,8.23366000
"HAT-P-1 b","HAT-P-1",344.4453632,38.6749190,"Transit",2006,158.97900000
"HAT-P-11 b","HAT-P-11",297.7101763,48.0818635,"Transit",2010,37.76470000
"HAT-P-11 c","HAT-P-11",297.7101763,48.0818635,"Radial Velocity",2018,37.76470000
"HAT-P-12 b","HAT-P-12",209.3886452,43.4933100,"Transit",2009,142.75100000
"HAT-P-13 b","HAT-P-13",129.8823772,47.3519076,"Transit",2009,246.81000000
"HAT-P-13 c","HAT-P-13",129.8823772,47.3519076,"Radial Velocity",2009,246.81000000
"HAT-P-14 b","HAT-P-14",260.1161719,38.2421682,"Transit",2010,222.66300000
"HAT-P-15 b","HAT-P-15",66.2481420,39.4606020,"Transit",2010,192.51600000
"HAT-P-16 b","HAT-P-16",9.5730343,42.4630961,"Transit",2010,226.63700000
"HAT-P-17 b","HAT-P-17",324.5359781,30.4881882,"Transit",2012,92.38310000
"HAT-P-17 c","HAT-P-17",324.5359781,30.4881882,"Radial Velocity",2012,92.38310000
"HAT-P-18 b","HAT-P-18",256.3463760,33.0123251,"Transit",2010,161.40000000
"HAT-P-19 b","HAT-P-19",9.5165832,34.7114025,"Transit",2010,202.07800000
"HAT-P-2 b","HAT-P-2",245.1514324,41.0479601,"Transit",2007,127.77400000
"HAT-P-2 c","HAT-P-2",245.1514324,41.0479601,"Radial Velocity",2023,127.77400000
"HAT-P-20 b","HAT-P-20",111.9164295,24.3361185,"Transit",2010,71.03740000
"HAT-P-21 b","HAT-P-21",171.2749348,41.0280207,"Transit",2010,277.27800000
"HAT-P-22 b","HAT-P-22",155.6814593,50.1287115,"Transit",2010,81.76470000
"HAT-P-23 b","HAT-P-23",306.1239076,16.7621462,"Transit",2010,364.81300000
"HAT-P-24 b","HAT-P-24",108.8251171,14.2626064,"Transit",2010,415.34400000
"HAT-P-25 b","HAT-P-25",48.4354731,25.1973548,"Transit",2012,300.38400000
"HAT-P-26 b","HAT-P-26",213.1565508,4.0594175,"Transit",2010,141.83700000
"HAT-P-27 b","HAT-P-27",222.7673221,5.9473626,"Transit",2011,199.17300000
"HAT-P-28 b","HAT-P-28",13.0009159,34.7284020,"Transit",2011,401.31900000
"HAT-P-29 b","HAT-P-29",33.1310921,51.7787754,"Transit",2011,313.57600000
"HAT-P-3 b","HAT-P-3",206.0940142,48.0285650,"Transit",2007,134.55400000
"HAT-P-30 b","HAT-P-30",123.9498431,5.8368669,"Transit",2011,213.98500000
"HAT-P-31 b","HAT-P-31",271.5376722,26.4266061,"Transit",2011,344.05000000
"HAT-P-32 b","HAT-P-32",31.0427614,46.6878512,"Transit",2011,289.20500000
"HAT-P-33 b","HAT-P-33",113.1842383,33.8350214,"Transit",2011,396.11000000
"HAT-P-34 b","HAT-P-34",303.1954355,18.1047776,"Transit",2011,249.32500000
"HAT-P-35 b","HAT-P-35",123.2507030,4.7870288,"Transit",2011,506.96500000
"HAT-P-36 b","HAT-P-36",188.2662048,44.9153672,"Transit",2011,294.41900000
"HAT-P-37 b","HAT-P-37",284.2960393,51.2691212,"Transit",2011,390.59400000
"HAT-P-38 b","HAT-P-38",35.3834942,32.2460441,"Transit",2012,255.20600000
"HAT-P-39 b","HAT-P-39",113.7582526,17.8300283,"Transit",2012,697.00400000
"HAT-P-4 b","HAT-P-4",229.9912200,36.2295450,"Transit",2007,320.45100000
"HAT-P-40 b","HAT-P-40",335.5129199,45.4573423,"Transit",2012,464.46900000
"HAT-P-41 b","HAT-P-41",297.3226523,4.6724124,"Transit",2012,348.18500000
"HAT-P-42 b","HAT-P-42",135.3443583,6.0970828,"Transit",2012,405.23800000
"HAT-P-43 b","HAT-P-43",128.9256885,10.2065866,"Transit",2012,528.82500000
"HAT-P-44 b","HAT-P-44",213.1438604,47.0147826,"Transit",2014,347.85000000
"HAT-P-44 c","HAT-P-44",213.1438604,47.0147826,"Radial Velocity",2014,347.85000000
"HAT-P-45 b","HAT-P-45",274.3732697,-3.3810594,"Transit",2014,298.64000000
"HAT-P-46 b","HAT-P-46",270.4441831,-2.9709800,"Transit",2014,290.73600000
"HAT-P-47 b","HAT-P-47",38.3080745,30.3604530,"Transit",2026,282.09600000
"HAT-P-49 b","HAT-P-49",305.4413294,26.6926759,"Transit",2014,350.35100000
"HAT-P-5 b","HAT-P-5",274.4055335,36.6214617,"Transit",2007,303.33600000
"HAT-P-50 b","HAT-P-50",118.0634379,12.1393474,"Transit",2015,515.45800000
"HAT-P-51 b","HAT-P-51",21.0651251,32.8107000,"Transit",2015,440.08900000
"HAT-P-52 b","HAT-P-52",42.7217412,29.0222492,"Transit",2015,361.15500000
"HAT-P-53 b","HAT-P-53",21.8711012,38.9681137,"Transit",2015,666.80200000
"HAT-P-54 b","HAT-P-54",99.8979924,25.4824005,"Transit",2015,143.65100000
"HAT-P-55 b","HAT-P-55",264.2735096,25.7311468,"Transit",2015,511.38800000
"HAT-P-56 b","HAT-P-56",100.8480137,27.2521823,"Transit",2015,320.63900000
"HAT-P-57 b","HAT-P-57",274.7434180,10.5971968,"Transit",2015,279.86000000
"HAT-P-58 b","HAT-P-58",68.8465093,56.8682691,"Transit",2021,515.59000000
"HAT-P-59 b","HAT-P-59",292.4588212,62.5291892,"Transit",2021,265.47100000
"HAT-P-6 b","HAT-P-6",354.7740917,42.4659866,"Transit",2007,275.35800000
"HAT-P-60 b","HAT-P-60",28.2825719,52.0539209,"Transit",2021,233.22000000
"HAT-P-61 b","HAT-P-61",75.4801665,50.1311784,"Transit",2021,338.84000000
"HAT-P-62 b","HAT-P-62",74.5043816,48.3008551,"Transit",2021,348.81500000
"HAT-P-63 b","HAT-P-63",269.5720695,5.7613709,"Transit",2021,403.45800000
"HAT-P-64 b","HAT-P-64",68.9743955,2.4312732,"Transit",2021,651.89700000
"HAT-P-65 b","HAT-P-65",315.9054895,11.9893675,"Transit",2016,738.51900000
"HAT-P-66 b","HAT-P-66",150.5726262,53.9508237,"Transit",2016,935.45600000
"HAT-P-67 b","HAT-P-67",256.6107279,44.7768849,"Transit",2017,371.68600000
"HAT-P-68 b","HAT-P-68",118.4831501,23.9382192,"Transit",2020,202.15200000
"HAT-P-69 b","HAT-P-69",130.5056385,3.7105662,"Transit",2019,341.26300000
"HAT-P-7 b","HAT-P-7",292.2471900,47.9695429,"Transit",2008,341.07900000
"HAT-P-70 b","HAT-P-70",74.5523332,9.9979794,"Transit",2019,330.73900000
"HAT-P-8 b","HAT-P-8",343.0414932,35.4471778,"Transit",2008,211.55300000
"HAT-P-9 b","HAT-P-9",110.1685157,37.1405946,"Transit",2008,455.20300000
"HATS-1 b","HATS-1",175.5252399,-23.3548451,"Transit",2012,283.97100000
"HATS-10 b","HATS-10",294.3068385,-22.2044872,"Transit",2015,534.88900000
"HATS-11 b","HATS-11",289.4007603,-22.3900092,"Transit",2016,944.60300000
"HATS-12 b","HATS-12",289.2024020,-19.3559227,"Transit",2016,746.13800000
"HATS-13 b","HATS-13",316.9614798,-26.0967205,"Transit",2015,421.85500000
"HATS-14 b","HATS-14",313.2154754,-25.6873756,"Transit",2015,513.01100000
"HATS-15 b","HATS-15",311.0920041,-19.4375266,"Transit",2016,1139.55000000
"HATS-16 b","HATS-16",358.5588439,-30.0130385,"Transit",2016,757.04400000
"HATS-17 b","HATS-17",192.1895676,-47.6136789,"Transit",2016,400.33100000
"HATS-18 b","HATS-18",173.9574203,-29.1560639,"Transit",2016,624.36800000
"HATS-2 b","HATS-2",176.7388264,-22.5630097,"Transit",2013,341.92500000
"HATS-22 b","HATS-22",174.0098693,-29.5433642,"Transit",2017,229.51800000
"HATS-23 b","HATS-23",286.3667500,-50.0673496,"Transit",2017,639.00400000
"HATS-24 b","HATS-24",268.8907069,-61.7474000,"Transit",2017,494.18200000
"HATS-25 b","HATS-25",207.9076746,-23.7812403,"Transit",2016,471.15800000
"HATS-26 b","HATS-26",144.9268593,-28.5856004,"Transit",2016,861.84300000
"HATS-27 b","HATS-27",193.5524603,-46.5877159,"Transit",2016,816.98800000
"HATS-28 b","HATS-28",284.3997616,-49.1385126,"Transit",2016,535.38300000
"HATS-29 b","HATS-29",285.0965172,-54.8933408,"Transit",2016,353.89100000
"HATS-3 b","HATS-3",312.4574879,-24.4286938,"Transit",2013,411.21100000
"HATS-30 b","HATS-30",5.6185250,-59.9425892,"Transit",2016,342.14000000
"HATS-31 b","HATS-31",191.7028214,-24.4273897,"Transit",2016,773.97400000
"HATS-32 b","HATS-32",346.0750861,-21.2720168,"Transit",2016,745.11600000
"HATS-33 b","HATS-33",294.6336944,-55.3302692,"Transit",2016,248.46000000
"HATS-34 b","HATS-34",0.7744866,-62.4693167,"Transit",2016,508.84200000
"HATS-35 b","HATS-35",296.6884420,-63.5656488,"Transit",2016,514.55500000
"HATS-36 b","HATS-36",291.4787013,-23.2028183,"Transit",2018,856.43600000
"HATS-37 A b","HATS-37 A",199.8018300,-22.9868431,"Transit",2020,211.89600000
"HATS-38 b","HATS-38",154.2710615,-25.2762982,"Transit",2020,343.52500000
"HATS-39 b","HATS-39",112.4192251,-29.9379163,"Transit",2018,878.52100000
"HATS-4 b","HATS-4",94.1120914,-22.5468824,"Transit",2014,416.45900000
"HATS-40 b","HATS-40",100.5712467,-29.7767800,"Transit",2018,1342.29000000
"HATS-41 b","HATS-41",103.5173558,-27.0504156,"Transit",2018,737.66800000
"HATS-42 b","HATS-42",108.4523991,-33.4373462,"Transit",2018,800.37700000
"HATS-43 b","HATS-43",80.5382418,-30.9708179,"Transit",2018,362.27300000
"HATS-44 b","HATS-44",84.3267559,-27.9725758,"Transit",2018,446.03500000
"HATS-45 b","HATS-45",101.9942455,-21.9107112,"Transit",2018,772.11000000
"HATS-46 b","HATS-46",6.7026401,-56.3161021,"Transit",2018,453.80800000
"HATS-47 b","HATS-47",287.4844021,-49.6649424,"Transit",2020,300.67000000
"HATS-48 A b","HATS-48 A",288.6720048,-59.5793505,"Transit",2020,263.60900000
"HATS-49 b","HATS-49",6.6135927,-56.3442798,"Transit",2020,324.41300000
"HATS-5 b","HATS-5",67.2228465,-21.4820568,"Transit",2014,246.38400000
"HATS-50 b","HATS-50",300.4280761,-26.0775640,"Transit",2017,756.74200000
"HATS-51 b","HATS-51",102.8474248,-29.0586551,"Transit",2017,389.57000000
"HATS-52 b","HATS-52",140.0875894,-31.2692116,"Transit",2017,555.13400000
"HATS-53 b","HATS-53",176.6283230,-33.8600764,"Transit",2017,585.77000000
"HATS-54 b","HATS-54",200.6348641,-44.6888393,"Transit",2019,748.58500000
"HATS-55 b","HATS-55",114.2833819,-32.7554188,"Transit",2019,609.83800000
"HATS-56 b","HATS-56",180.1650720,-45.7994559,"Transit",2019,564.40900000
"HATS-57 b","HATS-57",60.9482779,-19.0568182,"Transit",2019,279.48500000
"HATS-58 A b","HATS-58 A",186.7873036,-48.9784105,"Transit",2019,403.59100000
"HATS-59 b","HATS-59",170.3243250,-22.3881770,"Transit",2018,642.88400000
"HATS-59 c","HATS-59",170.3243250,-22.3881770,"Radial Velocity",2018,642.88400000
"HATS-6 b","HATS-6",88.1468079,-19.0316268,"Transit",2015,169.31800000
"HATS-60 b","HATS-60",341.3640336,-14.9917747,"Transit",2018,486.47400000
"HATS-61 b","HATS-61",61.6578005,-25.3496674,"Transit",2018,679.76100000
"HATS-62 b","HATS-62",312.4493079,-24.3035060,"Transit",2018,523.06700000
"HATS-63 b","HATS-63",67.4185820,-28.1972149,"Transit",2018,623.23200000
"HATS-64 b","HATS-64",144.2876092,-29.8004440,"Transit",2018,1080.15000000
"HATS-65 b","HATS-65",292.9397825,-26.7402021,"Transit",2018,493.32000000
"HATS-66 b","HATS-66",101.3948048,-33.8816918,"Transit",2018,1477.98000000
"HATS-67 b","HATS-67",180.2087883,-46.1364201,"Transit",2018,960.10900000
"HATS-68 b","HATS-68",15.0060770,-58.9047242,"Transit",2018,603.95500000
"HATS-69 b","HATS-69",289.2974275,-60.8917599,"Transit",2018,414.53700000
"HATS-7 b","HATS-7",208.8567465,-21.2078587,"Transit",2015,240.70700000
"HATS-70 b","HATS-70",109.1045212,-31.2443947,"Transit",2019,1458.83000000
"HATS-71 b","HATS-71",15.5518893,-61.7561333,"Transit",2020,140.22500000
"HATS-72 b","HATS-72",339.0258401,-17.0003046,"Transit",2020,127.58900000
"HATS-74 A b","HATS-74 A",171.0147921,-19.5569588,"Transit",2021,299.38900000
"HATS-75 b","HATS-75",60.9493919,-25.4089214,"Transit",2021,194.96400000
"HATS-76 b","HATS-76",70.3397665,-32.3204175,"Transit",2021,385.68900000
"HATS-77 b","HATS-77",149.8236672,-27.3928174,"Transit",2021,436.17600000
"HATS-8 b","HATS-8",294.9416887,-25.7483655,"Transit",2015,794.63700000
"HATS-9 b","HATS-9",290.8101704,-20.1663771,"Transit",2015,638.70000000
"HD 100508 b","HD 100508",173.3014057,-67.0546386,"Radial Velocity",2026,32.75480000
"HD 100546 b","HD 100546",173.3555116,-70.1947897,"Imaging",2014,109.67700000
"HD 100655 b","HD 100655",173.7653631,20.4415410,"Radial Velocity",2011,137.17800000
"HD 100777 b","HD 100777",173.9646303,-4.7555425,"Radial Velocity",2007,49.53360000
"HD 101581 b","HIP 56998",175.2563039,-44.4041485,"Transit",2025,12.77810000
"HD 101581 c","HIP 56998",175.2563039,-44.4041485,"Transit",2025,12.77810000
"HD 10180 c","HD 10180",24.4731133,-60.5114881,"Radial Velocity",2010,38.96070000
"HD 10180 d","HD 10180",24.4731133,-60.5114881,"Radial Velocity",2010,38.96070000
"HD 10180 e","HD 10180",24.4731133,-60.5114881,"Radial Velocity",2010,38.96070000
"HD 10180 f","HD 10180",24.4731133,-60.5114881,"Radial Velocity",2010,38.96070000
"HD 10180 g","HD 10180",24.4731133,-60.5114881,"Radial Velocity",2010,38.96070000
"HD 10180 h","HD 10180",24.4731133,-60.5114881,"Radial Velocity",2010,38.96070000
"HD 101930 b","HD 101930",175.8756080,-58.0053798,"Radial Velocity",2005,30.02740000
"HD 102117 b","HD 102117",176.2097267,-58.7040134,"Radial Velocity",2005,39.57920000
"HD 102195 b","HD 102195",176.4254063,2.8209912,"Radial Velocity",2006,29.33860000
"HD 102272 b","HD 102272",176.5980316,14.1240201,"Radial Velocity",2008,347.09700000
"HD 102329 b","HD 102329",176.6941567,3.4742143,"Radial Velocity",2011,217.10700000
"HD 102329 c","HD 102329",176.6941567,3.4742143,"Radial Velocity",2016,217.10700000
"HD 102843 b","HD 102843",177.5854673,-1.2522989,"Radial Velocity",2019,62.75800000
"HD 102888 b","HD 102888",177.6545263,-27.2779074,"Radial Velocity",2025,126.48400000
"HD 102956 b","HD 102956",177.8436988,57.6406584,"Radial Velocity",2010,121.89000000
"HD 103197 b","HD 103197",178.2201971,-50.2927911,"Radial Velocity",2011,57.14630000
"HD 103720 b","HD 103720",179.1713308,-2.7791393,"Radial Velocity",2014,45.53520000
"HD 103774 b","HD 103774",179.2310729,-12.1079951,"Radial Velocity",2013,56.40890000
"HD 103891 b","HD 103891",179.4382907,-8.5486195,"Radial Velocity",2022,55.52130000
"HD 103949 b","HD 103949",179.5479558,-23.9241221,"Radial Velocity",2019,26.49970000
"HD 104067 b","HD 104067",179.7923543,-20.3556058,"Radial Velocity",2011,20.36320000
"HD 104067 c","HD 104067",179.7923543,-20.3556058,"Radial Velocity",2024,20.36320000
"HD 10442 b","HD 10442",25.4715240,2.7044193,"Radial Velocity",2014,135.37400000
"HD 104985 b","HD 104985",181.3157854,76.9053359,"Radial Velocity",2003,100.57600000
"HD 105618 b","HD 105618",182.4021288,11.2115695,"Radial Velocity",2022,70.08370000
"HD 105618 c","HD 105618",182.4021288,11.2115695,"Radial Velocity",2022,70.08370000
"HD 105779 b","HD 105779",182.6612053,-16.9564908,"Radial Velocity",2022,55.24110000
"HD 106252 b","HD 106252",183.3730583,10.0404302,"Radial Velocity",2002,38.18500000
"HD 106270 b","HD 106270",183.4049258,-9.5135645,"Radial Velocity",2011,93.80800000
"HD 106315 b","HD 106315",183.4724742,-0.3934357,"Transit",2017,109.35300000
"HD 106315 c","HD 106315",183.4724742,-0.3934357,"Transit",2017,109.35300000
"HD 10647 b","HD 10647",25.6233526,-53.7412852,"Radial Velocity",2006,17.33570000
"HD 106515 A b","HD 106515 A",183.7762699,-7.2575413,"Radial Velocity",2012,34.09150000
"HD 106906 b","HD 106906",184.4713308,-55.9755805,"Imaging",2013,103.02900000
"HD 10697 b","HD 10697",26.2324076,20.0826974,"Radial Velocity",1999,33.12050000
"HD 107148 b","HD 107148",184.8059773,-3.3199927,"Radial Velocity",2005,49.41560000
"HD 107148 c","HD 107148",184.8059773,-3.3199927,"Radial Velocity",2021,49.41560000
"HD 108147 b","HD 108147",186.4409852,-64.0223492,"Radial Velocity",2002,38.92000000
"HD 108202 b","HD 108202",186.4613189,-1.1109233,"Radial Velocity",2023,38.68460000
"HD 108236 b","HD 108236",186.5740627,-51.3630519,"Transit",2020,64.59780000
"HD 108236 c","HD 108236",186.5740627,-51.3630519,"Transit",2020,64.59780000
"HD 108236 e","HD 108236",186.5740627,-51.3630519,"Transit",2020,64.59780000
"HD 108236 f","HD 108236",186.5740627,-51.3630519,"Transit",2021,64.59780000
"HD 108341 b","HD 108341",186.8791724,-71.4224896,"Radial Velocity",2014,48.91020000
"HD 108863 b","HD 108863",187.5826081,21.9480993,"Radial Velocity",2011,164.74200000
"HD 108874 b","HD 108874",187.6126029,22.8794399,"Radial Velocity",2002,59.51750000
"HD 108874 c","HD 108874",187.6126029,22.8794399,"Radial Velocity",2005,59.51750000
"HD 109246 b","HD 109246",188.0271840,74.4893379,"Radial Velocity",2010,67.83490000
"HD 109271 b","HD 109271",188.3973970,-11.6215204,"Radial Velocity",2013,55.87160000
"HD 109271 c","HD 109271",188.3973970,-11.6215204,"Radial Velocity",2013,55.87160000
"HD 109286 b","HD 109286",188.3958418,7.2809064,"Radial Velocity",2021,55.41560000
"HD 109749 b","HD 109749",189.3173489,-40.8121458,"Radial Velocity",2005,63.08210000
"HD 10975 b","HD 10975",27.1628025,37.9527542,"Radial Velocity",2021,116.50600000
"HD 109833 b","HD 109833",189.7758591,-74.5740205,"Transit",2022,79.55610000
"HD 109833 c","HD 109833",189.7758591,-74.5740205,"Transit",2022,79.55610000
"HD 109988 b","HD 109988",189.8154662,-32.7263607,"Radial Velocity",2022,42.52790000
"HD 110014 b","HD 110014",189.8111935,-7.9956702,"Radial Velocity",2009,100.75800000
"HD 110067 b","HD 110067",189.8392243,20.0273377,"Transit",2023,32.15850000
"HD 110067 c","HD 110067",189.8392243,20.0273377,"Transit",2023,32.15850000
"HD 110067 d","HD 110067",189.8392243,20.0273377,"Transit",2023,32.15850000
"HD 110067 e","HD 110067",189.8392243,20.0273377,"Transit",2023,32.15850000
"HD 110067 f","HD 110067",189.8392243,20.0273377,"Transit",2023,32.15850000
"HD 110067 g","HD 110067",189.8392243,20.0273377,"Transit",2023,32.15850000
"HD 110082 b","HD 110082",192.5892855,-88.1211107,"Transit",2021,105.09600000
"HD 110113 b","HD 110113",190.0365636,-44.3120777,"Transit",2021,106.30700000
"HD 110113 c","HD 110113",190.0365636,-44.3120777,"Radial Velocity",2021,106.30700000
"HD 110537 b","HD 110537",190.7462412,-4.0501059,"Radial Velocity",2022,45.08580000
"HD 11112 b","HD 11112",27.0881399,-41.4944106,"Radial Velocity",2022,44.38040000
"HD 111232 b","HD 111232",192.2159553,-68.4246679,"Radial Velocity",2003,28.95710000
"HD 111232 c","HD 111232",192.2159553,-68.4246679,"Radial Velocity",2022,28.95710000
"HD 111591 b","HD 111591",192.5725483,22.8631285,"Radial Velocity",2017,114.16600000
"HD 111998 b","HD 111998",193.2953521,-3.5531133,"Radial Velocity",2016,33.22370000
"HD 112300 b","HD 112300",193.8988441,3.3972376,"Radial Velocity",2023,62.07324000
"HD 112570 b","HD 112570",194.2824262,46.1765638,"Radial Velocity",2023,101.16600000
"HD 112640 b","HD 112640",194.2415171,67.2429122,"Radial Velocity",2020,323.33500000
"HD 113337 b","HD 113337",195.4438496,63.6103280,"Radial Velocity",2013,36.18000000
"HD 113337 c","HD 113337",195.4438496,63.6103280,"Radial Velocity",2020,36.18000000
"HD 11343 c","HIP 8541",27.5271962,-54.4651633,"Radial Velocity",2022,155.12100000
"HD 113538 b","HD 113538",196.2339330,-52.4463502,"Radial Velocity",2010,16.28170000
"HD 113538 c","HD 113538",196.2339330,-52.4463502,"Radial Velocity",2010,16.28170000
"HD 113996 b","HD 113996",196.7948740,27.6244384,"Radial Velocity",2017,116.33400000
"HD 114082 b","HD 114082",197.3171237,-60.3084347,"Radial Velocity",2022,95.39060000
"HD 114386 b","HD 114386",197.6652124,-35.0561807,"Radial Velocity",2003,27.92430000
"HD 114386 c","HD 114386",197.6652124,-35.0561807,"Radial Velocity",2026,27.92430000
"HD 114729 b","HD 114729",198.1833997,-31.8746756,"Radial Velocity",2002,37.80630000
"HD 114783 b","HD 114783",198.1818436,-2.2649921,"Radial Velocity",2001,21.06280000
"HD 114783 c","HD 114783",198.1818436,-2.2649921,"Radial Velocity",2016,21.06280000
"HD 11505 b","HD 11505",28.2750265,-1.3284416,"Radial Velocity",2022,38.96790000
"HD 11506 b","HD 11506",28.2106607,-19.5073960,"Radial Velocity",2007,51.26100000
"HD 11506 c","HD 11506",28.2106607,-19.5073960,"Radial Velocity",2008,51.26100000
"HD 11506 d","HD 11506",28.2106607,-19.5073960,"Radial Velocity",2022,51.26100000
"HD 115404 A b","HD 115404 A",199.2155793,17.0160384,"Radial Velocity",2022,10.98160000
"HD 115404 A c","HD 115404 A",199.2155793,17.0160384,"Radial Velocity",2022,10.98160000
"HD 115954 b","HD 115954",199.9853694,38.3691383,"Radial Velocity",2021,87.64370000
"HD 116029 b","HD 116029",200.1646905,24.6484725,"Radial Velocity",2011,123.24500000
"HD 116029 c","HD 116029",200.1646905,24.6484725,"Radial Velocity",2016,123.24500000
"HD 117207 b","HD 117207",202.3368806,-35.5713041,"Radial Velocity",2004,32.35470000
"HD 11755 b","HD 11755",29.7078360,73.1521372,"Radial Velocity",2015,235.04500000
"HD 117618 b","HD 117618",203.1066418,-47.2719049,"Radial Velocity",2004,37.77810000
"HD 118203 b","HD 118203",203.5099560,53.7281876,"Radial Velocity",2005,92.25890000
"HD 118203 c","HD 118203",203.5099560,53.7281876,"Radial Velocity",2024,92.25890000
"HD 11964 b","HD 11964",29.2884252,-10.2434693,"Radial Velocity",2005,33.53690000
"HD 11964 c","HD 11964",29.2884252,-10.2434693,"Radial Velocity",2008,33.53690000
"HD 11977 b","HD 11977",28.7347403,-67.6469871,"Radial Velocity",2005,67.93310000
"HD 120084 b","HD 120084",205.6619890,78.0646376,"Radial Velocity",2013,103.04400000
"HD 121504 b","HD 121504",209.3199062,-56.0404085,"Radial Velocity",2003,41.65920000
"HD 12235 b","HD 12235",30.0391601,3.0959098,"Radial Velocity",2022,31.76270000
"HD 12235 c","HD 12235",30.0391601,3.0959098,"Radial Velocity",2022,31.76270000
"HD 122562 c","HD 122562",210.5886904,20.8810286,"Radial Velocity",2022,53.25280000
"HD 124330 b","HD 124330",212.8207093,54.4089731,"Radial Velocity",2021,60.19770000
"HD 12484 b","HD 12484",30.6115322,2.8158078,"Radial Velocity",2016,48.33670000
"HD 125136 b","HD 125136",215.3703435,-72.3175327,"Radial Velocity",2026,121.25700000
"HD 125271 b","HD 125271",216.6474037,-81.4542756,"Radial Velocity",2022,39.34660000
"HD 125390 b","HD 125390",214.5387463,38.9669132,"Radial Velocity",2019,153.64700000
"HD 125595 b","HD 125595",215.3434326,-40.3942443,"Radial Velocity",2011,28.19890000
"HD 125612 b","HD 125612",215.2227183,-17.4818147,"Radial Velocity",2007,57.62070000
"HD 125612 c","HD 125612",215.2227183,-17.4818147,"Radial Velocity",2009,57.62070000
"HD 125612 d","HD 125612",215.2227183,-17.4818147,"Radial Velocity",2009,57.62070000
"HD 126105 b","HD 126105",216.0016789,-19.8010960,"Radial Velocity",2026,82.88110000
"HD 12648 b","HD 12648",34.7480718,85.7365329,"Radial Velocity",2015,182.19200000
"HD 126525 b","HD 126525",216.8852514,-51.9329118,"Radial Velocity",2018,37.65060000
"HD 12661 b","HD 12661",31.1423525,25.4135632,"Radial Velocity",2000,37.84780000
"HD 12661 c","HD 12661",31.1423525,25.4135632,"Radial Velocity",2002,37.84780000
"HD 126614 b","HD 126614",216.7005171,-5.1784093,"Radial Velocity",2009,73.09610000
"HD 127195 b","HD 127195",217.8714193,-47.7292571,"Radial Velocity",2026,84.71670000
"HD 127195 c","HD 127195",217.8714193,-47.7292571,"Radial Velocity",2026,84.71670000
"HD 127506 b","HD 127506",217.6848544,35.4546059,"Radial Velocity",2022,22.52790000
"HD 128311 b","HD 128311",219.0032292,9.7454368,"Radial Velocity",2002,16.32920000
"HD 128311 c","HD 128311",219.0032292,9.7454368,"Radial Velocity",2005,16.32920000
"HD 128356 b","HD 128356",219.2702793,-25.8031728,"Radial Velocity",2016,26.15480000
"HD 128717 b","HD 128717",219.0881687,57.5609512,"Astrometry",2025,73.63600000
"HD 129445 b","HD 129445",221.5104196,-68.7629901,"Radial Velocity",2009,67.43860000
"HD 130322 b","HD 130322",221.8857975,-0.2820782,"Radial Velocity",1999,31.87660000
"HD 131496 b","HD 131496",223.3461495,18.2352618,"Radial Velocity",2011,131.84900000
"HD 13167 b","HD 13167",32.0576350,-24.6955750,"Radial Velocity",2018,148.93400000
"HD 13189 b","HD 13189",32.4173964,32.3164548,"Radial Velocity",2005,497.82300000
"HD 132406 b","HD 132406",224.2276121,53.3809615,"Radial Velocity",2007,70.78320000
"HD 132563 b","HD 132563",224.5892892,44.0428571,"Radial Velocity",2011,105.15500000
"HD 133131 A b","HD 133131 A",225.8984524,-27.8431369,"Radial Velocity",2016,51.47360000
"HD 133131 A c","HD 133131 A",225.8984524,-27.8431369,"Radial Velocity",2016,51.47360000
"HD 133131 B b","HD 133131 B",225.8999745,-27.8415947,"Radial Velocity",2016,51.29930000
"HD 134060 b","HD 134060",227.6847587,-61.4223747,"Radial Velocity",2019,24.01250000
"HD 134060 c","HD 134060",227.6847587,-61.4223747,"Radial Velocity",2019,24.01250000
"HD 134606 b","HD 134606",228.8103897,-70.5203328,"Radial Velocity",2024,26.79090000
"HD 134606 c","HD 134606",228.8103897,-70.5203328,"Radial Velocity",2024,26.79090000
"HD 134606 d","HD 134606",228.8103897,-70.5203328,"Radial Velocity",2024,26.79090000
"HD 134606 e","HD 134606",228.8103897,-70.5203328,"Radial Velocity",2024,26.79090000
"HD 134606 f","HD 134606",228.8103897,-70.5203328,"Radial Velocity",2024,26.79090000
"HD 134987 b","HD 134987",228.3675397,-25.3096721,"Radial Velocity",1999,26.18040000
"HD 134987 c","HD 134987",228.3675397,-25.3096721,"Radial Velocity",2009,26.18040000
"HD 135344 A b","HD 135344 A",228.9538416,-37.1489176,"Imaging",2025,141.59500000
"HD 135625 b","HD 135625",229.4511514,-45.9225871,"Radial Velocity",2023,56.51800000
"HD 135694 b","HD 135694",227.8678636,71.8412965,"Transit",2023,73.87130000
"HD 135872 b","HD 135872",229.4213643,-5.2024735,"Radial Velocity",2022,82.42510000
"HD 136118 b","HD 136118",229.7306046,-1.5922913,"Radial Velocity",2022,51.43590000
"HD 136352 b","HD 136352",230.4401147,-48.3188174,"Radial Velocity",2019,14.68200000
"HD 136352 c","HD 136352",230.4401147,-48.3188174,"Radial Velocity",2019,14.68200000
"HD 136352 d","HD 136352",230.4401147,-48.3188174,"Radial Velocity",2019,14.68200000
"HD 136418 b","HD 136418",229.7756438,41.7324230,"Radial Velocity",2009,105.16800000
"HD 136925 b","HD 136925",230.7157509,13.3663117,"Radial Velocity",2021,47.87400000
"HD 13724 c","HD 13724",33.0859626,-46.8166738,"Radial Velocity",2022,43.46500000
"HD 137388 b","HD 137388",233.9150820,-80.2044169,"Radial Velocity",2011,40.48410000
"HD 137496 b","HD 137496",231.7420543,-16.5090014,"Transit",2021,155.31700000
"HD 137496 c","HD 137496",231.7420543,-16.5090014,"Radial Velocity",2021,155.31700000
"HD 13808 b","HD 13808",33.1780708,-53.7437591,"Radial Velocity",2021,28.23050000
"HD 13808 c","HD 13808",33.1780708,-53.7437591,"Radial Velocity",2021,28.23050000
"HD 13908 b","HD 13908",34.5609102,65.5941901,"Radial Velocity",2013,79.55150000
"HD 13908 c","HD 13908",34.5609102,65.5941901,"Radial Velocity",2013,79.55150000
"HD 13931 b","HD 13931",34.1979991,43.7722065,"Radial Velocity",2009,47.39630000
"HD 139357 b","HD 139357",233.8173564,53.9221505,"Radial Velocity",2008,112.09000000
"HD 1397 b","HD 1397",4.4471631,-66.3589285,"Transit",2018,79.57020000
"HD 14067 b","HD 14067",34.2933480,23.7676546,"Radial Velocity",2014,142.02400000
"HD 140901 b","HD 140901",236.8689866,-37.9172333,"Radial Velocity",2022,15.25280000
"HD 140901 c","HD 140901",236.8689866,-37.9172333,"Radial Velocity",2022,15.25280000
"HD 141004 b","HD 141004",236.6099205,7.3527684,"Radial Velocity",2021,11.81480000
"HD 141399 b","HD 141399",236.7235392,46.9862880,"Radial Velocity",2014,37.01690000
"HD 141399 c","HD 141399",236.7235392,46.9862880,"Radial Velocity",2014,37.01690000
"HD 141399 d","HD 141399",236.7235392,46.9862880,"Radial Velocity",2014,37.01690000
"HD 141399 e","HD 141399",236.7235392,46.9862880,"Radial Velocity",2014,37.01690000
"HD 141937 b","HD 141937",238.0735585,-18.4359716,"Radial Velocity",2002,33.36220000
"HD 142 A d","HD 142",1.5836771,-49.0753625,"Radial Velocity",2022,26.18530000
"HD 142 b","HD 142",1.5836771,-49.0753625,"Radial Velocity",2001,26.18530000
"HD 142 c","HD 142",1.5836771,-49.0753625,"Radial Velocity",2012,26.18530000
"HD 142022 A b","HD 142022 A",242.5481731,-84.2317494,"Radial Velocity",2005,34.28020000
"HD 142245 b","HD 142245",238.2342443,15.4306118,"Radial Velocity",2011,97.23050000
"HD 142415 b","HD 142415",239.4189890,-60.2006948,"Radial Velocity",2003,35.53180000
"HD 143105 b","HD 143105",238.4023547,68.7199779,"Radial Velocity",2016,46.77890000
"HD 143361 b","HD 143361",240.4588405,-44.4350575,"Radial Velocity",2008,68.51460000
"HD 143811 AB b","HD 143811 A",240.8891972,-30.1371574,"Imaging",2025,136.60800000
"HD 144899 b","HD 144899",242.5721002,-47.9146826,"Radial Velocity",2022,115.66500000
"HD 145377 b","HD 145377",242.9019658,-27.0781199,"Radial Velocity",2008,53.48840000
"HD 145457 b","HD 145457",242.5162215,26.7429068,"Radial Velocity",2010,135.29200000
"HD 145675 c","14 Her",242.6021014,43.8163621,"Radial Velocity",2021,17.93230000
"HD 145934 b","HD 145934",243.2912249,13.2394527,"Radial Velocity",2015,227.88100000
"HD 1461 b","HD 1461",4.6762645,-8.0536206,"Radial Velocity",2010,23.45340000
"HD 1461 c","HD 1461",4.6762645,-8.0536206,"Radial Velocity",2015,23.45340000
"HD 147018 b","HD 147018",245.7490012,-61.6901291,"Radial Velocity",2009,40.42560000
"HD 147018 c","HD 147018",245.7490012,-61.6901291,"Radial Velocity",2009,40.42560000
"HD 147379 b","HD 147379",244.1725686,67.2392041,"Radial Velocity",2017,10.76430000
"HD 147513 b","HD 147513",246.0057894,-39.1929661,"Radial Velocity",2003,12.90320000
"HD 14787 b","HD 14787",35.8085099,10.8367972,"Radial Velocity",2018,119.13700000
"HD 147873 b","HD 147873",246.4380471,-33.5672217,"Radial Velocity",2016,109.05500000
"HD 147873 c","HD 147873",246.4380471,-33.5672217,"Radial Velocity",2016,109.05500000
"HD 148156 b","HD 148156",247.0723035,-46.3175085,"Radial Velocity",2009,57.12890000
"HD 148164 b","HD 148164",246.4351678,11.9190729,"Radial Velocity",2018,77.19710000
"HD 148164 c","HD 148164",246.4351678,11.9190729,"Radial Velocity",2018,77.19710000
"HD 148427 b","HD 148427",247.1171311,-13.3996231,"Radial Velocity",2009,71.34990000
"HD 149026 b","HD 149026",247.6229827,38.3475349,"Radial Velocity",2005,75.86430000
"HD 149143 b","HD 149143",248.2126715,2.0844547,"Radial Velocity",2005,73.28010000
"HD 149806 b","HD 149806",249.2855187,0.2546794,"Radial Velocity",2022,20.27270000
"HD 150010 b","HD 150010",247.8670682,72.6125804,"Radial Velocity",2022,144.49000000
"HD 1502 b","HD 1502",4.8214389,14.0546830,"Radial Velocity",2011,190.95300000
"HD 150706 b","HD 150706",247.8255687,79.7894032,"Radial Velocity",2012,28.26970000
"HD 151450 b","HD 151450",252.0080127,-15.9643450,"Radial Velocity",2022,43.60020000
"HD 151450 c","HD 151450",252.0080127,-15.9643450,"Radial Velocity",2022,43.60020000
"HD 152079 b","HD 152079",253.3732313,-46.3333582,"Radial Velocity",2009,87.88880000
"HD 152581 b","HD 152581",253.4316451,11.9736828,"Radial Velocity",2011,165.76000000
"HD 152843 b","HD 152843",253.7848853,20.4915240,"Transit",2021,107.89800000
"HD 152843 c","HD 152843",253.7848853,20.4915240,"Transit",2021,107.89800000
"HD 15337 b","HD 15337",36.8678846,-27.6361171,"Transit",2019,44.81550000
"HD 15337 c","HD 15337",36.8678846,-27.6361171,"Transit",2019,44.81550000
"HD 153557 b","HD 153557",254.4706516,47.3678558,"Radial Velocity",2022,17.94120000
"HD 153557 c","HD 153557",254.4706516,47.3678558,"Radial Velocity",2022,17.94120000
"HD 153557 d","HD 153557",254.4706516,47.3678558,"Radial Velocity",2022,17.94120000
"HD 153950 b","HD 153950",256.1292826,-43.3103753,"Radial Velocity",2008,48.45490000
"HD 154088 b","HD 154088",256.1164214,-28.5838342,"Radial Velocity",2021,18.26920000
"HD 154345 b","HD 154345",255.6524619,47.0855544,"Radial Velocity",2006,18.28400000
"HD 154391 b","HD 154391",255.3201345,60.6489226,"Radial Velocity",2023,100.94700000
"HD 154672 b","HD 154672",257.5206970,-56.4498041,"Radial Velocity",2008,63.04840000
"HD 154857 b","HD 154857",257.8161940,-56.6810380,"Radial Velocity",2004,63.44820000
"HD 154857 c","HD 154857",257.8161940,-56.6810380,"Radial Velocity",2014,63.44820000
"HD 155193 b","HD 155193",257.4208876,10.0381003,"Radial Velocity",2021,57.79950000
"HD 155358 b","HD 155358",257.3930947,33.3549277,"Radial Velocity",2007,43.61970000
"HD 155358 c","HD 155358",257.3930947,33.3549277,"Radial Velocity",2007,43.61970000
"HD 155918 b","HD 155918",260.5364025,-75.3492390,"Radial Velocity",2022,27.56100000
"HD 155918 c","HD 155918",260.5364025,-75.3492390,"Radial Velocity",2022,27.56100000
"HD 156098 b","HD 156098",259.2646870,-32.6630768,"Radial Velocity",2022,48.24900000
"HD 156098 c","HD 156098",259.2646870,-32.6630768,"Radial Velocity",2022,48.24900000
"HD 156279 b","HD 156279",258.0966686,63.3527828,"Radial Velocity",2011,36.19450000
"HD 156279 c","HD 156279",258.0966686,63.3527828,"Radial Velocity",2016,36.19450000
"HD 156411 b","HD 156411",259.9639522,-48.5502313,"Radial Velocity",2009,56.86550000
"HD 156668 b","HD 156668",259.4183491,29.2281610,"Radial Velocity",2010,24.33230000
"HD 156668 c","HD 156668",259.4183491,29.2281610,"Radial Velocity",2021,24.33230000
"HD 156846 b","HD 156846",260.1423366,-19.3343650,"Radial Velocity",2007,47.73320000
"HD 158038 b","HD 158038",261.4395312,27.3030721,"Radial Velocity",2011,94.86250000
"HD 158259 b","HD 158259",261.3495847,52.7904721,"Radial Velocity",2020,27.04980000
"HD 158259 c","HD 158259",261.3495847,52.7904721,"Radial Velocity",2020,27.04980000
"HD 158259 d","HD 158259",261.3495847,52.7904721,"Radial Velocity",2020,27.04980000
"HD 158259 e","HD 158259",261.3495847,52.7904721,"Radial Velocity",2020,27.04980000
"HD 158259 f","HD 158259",261.3495847,52.7904721,"Radial Velocity",2020,27.04980000
"HD 158996 b","HD 158996",259.9051092,80.1364033,"Radial Velocity",2018,283.65900000
"HD 15906 b","HD 15906",38.2712534,-10.3521780,"Transit",2023,45.56210000
"HD 15906 c","HD 15906",38.2712534,-10.3521780,"Transit",2023,45.56210000
"HD 159243 b","HD 159243",263.3395365,5.7008254,"Radial Velocity",2013,73.30550000
"HD 159243 c","HD 159243",263.3395365,5.7008254,"Radial Velocity",2013,73.30550000
"HD 159868 b","HD 159868",264.7466665,-43.1462347,"Radial Velocity",2006,55.85030000
"HD 159868 c","HD 159868",264.7466665,-43.1462347,"Radial Velocity",2012,55.85030000
"HD 1605 b","HD 1605",5.1317548,30.9750611,"Radial Velocity",2015,88.80470000
"HD 1605 c","HD 1605",5.1317548,30.9750611,"Radial Velocity",2015,88.80470000
"HD 160691 b","HD 160691",266.0361585,-51.8348751,"Radial Velocity",2000,15.59810000
"HD 160691 c","HD 160691",266.0361585,-51.8348751,"Radial Velocity",2004,15.59810000
"HD 160691 d","HD 160691",266.0361585,-51.8348751,"Radial Velocity",2004,15.59810000
"HD 160691 e","HD 160691",266.0361585,-51.8348751,"Radial Velocity",2006,15.59810000
"HD 161178 b","HD 161178",264.2873565,72.4558590,"Radial Velocity",2021,107.18800000
"HD 16141 b","HD 16141",38.8323674,-3.5624887,"Radial Velocity",2000,37.78610000
"HD 16175 b","HD 16175",39.2577379,42.0624526,"Radial Velocity",2009,59.85900000
"HD 162020 b","HD 162020",267.6599252,-40.3184646,"Radial Velocity",2002,30.82480000
"HD 163607 b","HD 163607",268.4181383,56.3924701,"Radial Velocity",2012,67.78550000
"HD 163607 c","HD 163607",268.4181383,56.3924701,"Radial Velocity",2012,67.78550000
"HD 16417 b","HD 16417",39.2441029,-34.5790905,"Radial Velocity",2008,25.39360000
"HD 164509 b","HD 164509",270.3800811,0.1044685,"Radial Velocity",2012,53.11190000
"HD 164595 b","HD 164595",270.1613723,29.5726698,"Radial Velocity",2015,28.25400000
"HD 164604 b","HD 164604",270.7787177,-28.5608343,"Radial Velocity",2009,39.36330000
"HD 164604 c","HD 164604",270.7787177,-28.5608343,"Radial Velocity",2026,39.36330000
"HD 164922 b","HD 164922",270.6304652,26.3104077,"Radial Velocity",2005,22.00160000
"HD 164922 c","HD 164922",270.6304652,26.3104077,"Radial Velocity",2016,22.00160000
"HD 164922 d","HD 164922",270.6304652,26.3104077,"Radial Velocity",2020,22.00160000
"HD 164922 e","HD 164922",270.6304652,26.3104077,"Radial Velocity",2021,22.00160000
"HD 165131 b","HD 165131",271.3444007,-21.6737039,"Radial Velocity",2023,57.42630000
"HD 165155 b","HD 165155",271.4893395,-29.9172536,"Radial Velocity",2016,63.35740000
"HD 1666 b","HD 1666",5.2180424,-19.9314823,"Radial Velocity",2015,117.90800000
"HD 166724 b","HD 166724",273.4988604,-42.5757218,"Radial Velocity",2012,45.13420000
"HD 167042 b","HD 167042",272.6326268,54.2876184,"Radial Velocity",2007,49.66330000
"HD 16760 b","HD 16760",40.5892123,38.6182163,"Radial Velocity",2009,50.17561000
"HD 167677 b","HD 167677",274.2067844,-11.4067857,"Radial Velocity",2023,54.32580000
"HD 167768 b","HD 167768",274.2213308,-3.0085807,"Radial Velocity",2022,107.21400000
"HD 168009 b","HD 168009",273.8847918,45.2088229,"Radial Velocity",2021,23.30320000
"HD 168443 b","HD 168443",275.0159879,-9.5966905,"Radial Velocity",1998,39.62450000
"HD 168443 c","HD 168443",275.0159879,-9.5966905,"Radial Velocity",2000,39.62450000
"HD 168746 b","HD 168746",275.4573269,-11.9229757,"Radial Velocity",2002,41.56810000
"HD 168863 b","HD 168863",275.6642157,-18.0219726,"Radial Velocity",2022,39.89790000
"HD 1690 b","HD 1690",5.3055886,-8.2811442,"Radial Velocity",2010,752.61500000
"HD 16905 b","HD 16905",40.0136203,-61.3550396,"Radial Velocity",2022,39.74010000
"HD 169142 b","HD 169142",276.1240717,-29.7805318,"Imaging",2023,113.60000000
"HD 169830 b","HD 169830",276.9561859,-29.8167919,"Radial Velocity",2000,37.60480000
"HD 169830 c","HD 169830",276.9561859,-29.8167919,"Radial Velocity",2003,37.60480000
"HD 170469 b","HD 170469",277.2955423,11.6954244,"Radial Velocity",2007,60.17800000
"HD 17092 b","HD 17092",41.5924261,49.6530375,"Radial Velocity",2007,228.42200000
"HD 171028 b","HD 171028",278.0643694,6.9456827,"Radial Velocity",2007,111.65900000
"HD 171238 b","HD 171238",278.6818389,-28.0727849,"Radial Velocity",2009,44.81130000
"HD 17156 b","HD 17156",42.4366123,71.7530882,"Radial Velocity",2007,78.08630000
"HD 173416 b","HD 173416",280.9005676,36.5568570,"Radial Velocity",2008,132.18400000
"HD 174205 b","HD 174205",280.7932014,70.7928237,"Radial Velocity",2022,234.02700000
"HD 175167 b","HD 175167",285.0033888,-69.9450664,"Radial Velocity",2009,71.08630000
"HD 175541 b","HD 175541",283.9203211,4.2649344,"Radial Velocity",2007,129.60300000
"HD 175607 b","HD 175607",285.2742901,-66.1943379,"Radial Velocity",2015,40.33030000
"HD 17674 b","HD 17674",42.7684964,30.2865981,"Radial Velocity",2017,44.42640000
"HD 176986 b","HD 176986",285.7739138,-11.0449410,"Radial Velocity",2017,27.78430000
"HD 176986 c","HD 176986",285.7739138,-11.0449410,"Radial Velocity",2017,27.78430000
"HD 176986 d","HD 176986",285.7739138,-11.0449410,"Radial Velocity",2026,27.78430000
"HD 177565 b","HD 177565",286.7175787,-37.8122394,"Radial Velocity",2017,16.91790000
"HD 177830 b","HD 177830",286.3363574,25.9204327,"Radial Velocity",1999,62.76740000
"HD 177830 c","HD 177830",286.3363574,25.9204327,"Radial Velocity",2010,62.76740000
"HD 178911 B b","HD 178911 B",287.2632091,34.6006972,"Radial Velocity",2001,40.97270000
"HD 179079 b","HD 179079",287.7903733,-2.6387703,"Radial Velocity",2008,69.71160000
"HD 179949 b","HD 179949",288.8890182,-24.1797939,"Radial Velocity",2000,27.45730000
"HD 180053 b","HD 180053",288.4008374,34.9146658,"Radial Velocity",2018,137.04300000
"HD 18015 b","HD 18015",43.3636339,-8.8480392,"Radial Velocity",2018,123.80100000
"HD 180314 b","HD 180314",288.7094401,31.8604391,"Radial Velocity",2010,122.36200000
"HD 180617 b","HD 180617",289.2277322,5.1631615,"Radial Velocity",2018,5.91059000
"HD 180902 b","HD 180902",289.8239604,-23.5582432,"Radial Velocity",2009,104.57700000
"HD 181234 b","HD 181234",289.9998695,-9.3249700,"Radial Velocity",2019,47.74580000
"HD 181342 b","HD 181342",290.2674078,-23.6196996,"Radial Velocity",2009,120.39100000
"HD 18143 b","HD 18143",43.9140248,26.8723829,"Radial Velocity",2022,22.52430000
"HD 18143 c","HD 18143",43.9140248,26.8723829,"Radial Velocity",2022,22.52430000
"HD 181433 b","HD 181433",291.2873731,-66.4677838,"Radial Velocity",2008,26.87620000
"HD 181433 c","HD 181433",291.2873731,-66.4677838,"Radial Velocity",2008,26.87620000
"HD 181433 d","HD 181433",291.2873731,-66.4677838,"Radial Velocity",2008,26.87620000
"HD 181720 b","HD 181720",290.7212224,-32.9208401,"Radial Velocity",2009,60.20460000
"HD 183263 b","HD 183263",292.1022982,8.3579183,"Radial Velocity",2004,54.19550000
"HD 183263 c","HD 183263",292.1022982,8.3579183,"Radial Velocity",2008,54.19550000
"HD 183579 b","HD 183579",293.2866147,-54.5327284,"Transit",2021,57.26510000
"HD 184010 b","HD 184010",292.8401421,26.6172796,"Radial Velocity",2022,60.79930000
"HD 184010 c","HD 184010",292.8401421,26.6172796,"Radial Velocity",2022,60.79930000
"HD 184010 d","HD 184010",292.8401421,26.6172796,"Radial Velocity",2022,60.79930000
"HD 18438 b","HD 18438",46.5318358,79.4185800,"Radial Velocity",2023,224.14600000
"HD 185269 b","HD 185269",294.2987668,28.4995140,"Radial Velocity",2006,51.99170000
"HD 185283 b","HD 185283",295.3233609,-56.3221096,"Radial Velocity",2023,31.39500000
"HD 18599 b","HD 18599",44.2620144,-56.1918694,"Transit",2022,38.56530000
"HD 187085 b","HD 187085",297.3915731,-37.7809929,"Radial Velocity",2006,45.89930000
"HD 187123 b","HD 187123",296.7428786,34.4189900,"Radial Velocity",1998,45.95480000
"HD 187123 c","HD 187123",296.7428786,34.4189900,"Radial Velocity",2008,45.95480000
"HD 18742 b","HD 18742",45.0443115,-20.8027024,"Radial Velocity",2011,162.68500000
"HD 188015 b","HD 188015",298.0191857,28.0999769,"Radial Velocity",2004,50.67060000
"HD 188641 b","HD 188641",299.4048303,-37.7448845,"Radial Velocity",2022,64.33990000
"HD 189567 b","HD 189567",301.3959616,-67.3237992,"Radial Velocity",2021,17.90550000
"HD 189567 c","HD 189567",301.3959616,-67.3237992,"Radial Velocity",2021,17.90550000
"HD 189733 b","HD 189733",300.1821223,22.7097759,"Radial Velocity",2005,19.76380000
"HD 190007 b","HD 190007",300.6956339,3.3266992,"Radial Velocity",2020,12.71410000
"HD 190228 b","HD 190228",300.7537294,28.3065564,"Radial Velocity",2022,62.71460000
"HD 190360 b","HD 190360",300.9092476,29.8945410,"Radial Velocity",2003,16.00690000
"HD 190360 c","HD 190360",300.9092476,29.8945410,"Radial Velocity",2005,16.00690000
"HD 190360 d","HD 190360",300.9092476,29.8945410,"Radial Velocity",2026,16.00690000
"HD 190647 b","HD 190647",301.8318167,-35.5395236,"Radial Velocity",2007,54.47380000
"HD 190984 b","HD 190984",302.8779827,-64.6202728,"Radial Velocity",2009,148.18700000
"HD 191806 b","HD 191806",302.3687580,52.2767265,"Radial Velocity",2016,65.66680000
"HD 191939 b","HD 191939",302.0256247,66.8503014,"Transit",2020,53.60890000
"HD 191939 c","HD 191939",302.0256247,66.8503014,"Transit",2020,53.60890000
"HD 191939 d","HD 191939",302.0256247,66.8503014,"Transit",2020,53.60890000
"HD 191939 e","HD 191939",302.0256247,66.8503014,"Radial Velocity",2022,53.60890000
"HD 191939 f","HD 191939",302.0256247,66.8503014,"Radial Velocity",2022,53.60890000
"HD 191939 g","HD 191939",302.0256247,66.8503014,"Radial Velocity",2022,53.60890000
"HD 192263 b","HD 192263",303.4990864,-0.8657574,"Radial Velocity",1999,19.63590000
"HD 192310 b","HD 192310",303.8284712,-27.0337556,"Radial Velocity",2011,8.79687000
"HD 192310 c","HD 192310",303.8284712,-27.0337556,"Radial Velocity",2011,8.79687000
"HD 192699 b","HD 192699",304.0248392,4.5805708,"Radial Velocity",2007,71.86270000
"HD 194490 b","HD 194490",306.9980087,-51.6644646,"Radial Velocity",2022,80.23490000
"HD 195019 b","HD 195019",307.0792427,18.7692509,"Radial Velocity",1998,37.66810000
"HD 196050 b","HD 196050",309.4637796,-60.6347649,"Radial Velocity",2002,50.67420000
"HD 196067 b","HD 196067",310.4364195,-75.3514992,"Radial Velocity",2012,39.93460000
"HD 196067 c","HD 196067",310.4364195,-75.3514992,"Radial Velocity",2025,39.93460000
"HD 19615 b","HD 19615",48.7813299,73.8680150,"Radial Velocity",2022,265.15500000
"HD 196885 A b","HD 196885 A",309.9664609,11.2500236,"Radial Velocity",2007,34.16920000
"HD 197037 b","HD 197037",309.8869681,42.2475930,"Radial Velocity",2012,33.19440000
"HD 199509 b","HD 199509",317.3445632,-82.0274926,"Radial Velocity",2022,24.30560000
"HD 19994 b","HD 19994",48.1943193,-1.1963955,"Radial Velocity",2003,22.52420000
"HD 20003 b","HD 20003",46.9090081,-72.3219221,"Radial Velocity",2019,41.83160000
"HD 20003 c","HD 20003",46.9090081,-72.3219221,"Radial Velocity",2019,41.83160000
"HD 200964 b","HD 200964",316.6664183,3.8033357,"Radial Velocity",2010,72.59220000
"HD 200964 c","HD 200964",316.6664183,3.8033357,"Radial Velocity",2010,72.59220000
"HD 202206 c","HD 202206",318.7405221,-20.7897284,"Radial Velocity",2004,45.96650000
"HD 202696 b","HD 202696",319.2250346,27.2582799,"Radial Velocity",2019,188.54600000
"HD 202696 c","HD 202696",319.2250346,27.2582799,"Radial Velocity",2019,188.54600000
"HD 202772 A b","HD 202772 A",319.6995877,-26.6163743,"Transit",2019,161.49800000
"HD 203030 b","HD 203030",319.7432238,26.2305846,"Imaging",2006,39.25030000
"HD 20329 b","HD 20329",49.1781240,15.6563542,"Transit",2022,63.67960000
"HD 203387 b","HD 203387",320.5617820,-16.8345229,"Radial Velocity",2022,61.74770000
"HD 203387 c","HD 203387",320.5617820,-16.8345229,"Radial Velocity",2022,61.74770000
"HD 2039 b","HD 2039",6.0851069,-56.6499880,"Radial Velocity",2002,85.69220000
"HD 204313 b","HD 204313",322.0510568,-21.7274194,"Radial Velocity",2010,47.79450000
"HD 204313 c","HD 204313",322.0510568,-21.7274194,"Radial Velocity",2015,47.79450000
"HD 204313 e","HD 204313",322.0510568,-21.7274194,"Radial Velocity",2022,47.79450000
"HD 204941 b","HD 204941",323.0966714,-20.9579570,"Radial Velocity",2011,28.71650000
"HD 205158 b","HD 205158",323.9186227,-59.6933144,"Radial Velocity",2022,86.61590000
"HD 205739 b","HD 205739",324.5351273,-31.7378373,"Radial Velocity",2008,92.50870000
"HD 206255 b","HD 206255",325.5917768,-50.0935884,"Radial Velocity",2019,75.23630000
"HD 206610 b","HD 206610",325.8537599,-7.4082451,"Radial Velocity",2009,147.19200000
"HD 206893 b","HD 206893",326.3416874,-12.7833522,"Imaging",2021,40.75830000
"HD 206893 c","HD 206893",326.3416874,-12.7833522,"Imaging",2022,40.75830000
"HD 207496 b","HD 207496",328.7181708,-77.3388025,"Transit",2023,23.60600000
"HD 20781 b","HD 20781",50.0139757,-28.7841175,"Radial Velocity",2019,35.97150000
"HD 20781 c","HD 20781",50.0139757,-28.7841175,"Radial Velocity",2019,35.97150000
"HD 20781 d","HD 20781",50.0139757,-28.7841175,"Radial Velocity",2019,35.97150000
"HD 20781 e","HD 20781",50.0139757,-28.7841175,"Radial Velocity",2019,35.97150000
"HD 20782 b","HD 20782",50.0166232,-28.8543535,"Radial Velocity",2006,35.98640000
"HD 207832 b","HD 207832",328.1517893,-26.0271749,"Radial Velocity",2012,58.92910000
"HD 207832 c","HD 207832",328.1517893,-26.0271749,"Radial Velocity",2012,58.92910000
"HD 207897 b","HD 207897",325.2016451,84.3337613,"Transit",2021,28.29380000
"HD 20794 b","HD 20794",49.9997666,-43.0666533,"Radial Velocity",2011,6.00278000
"HD 20794 d","HD 20794",49.9997666,-43.0666533,"Radial Velocity",2011,6.00278000
"HD 20794 e","HD 20794",49.9997666,-43.0666533,"Radial Velocity",2017,6.00278000
"HD 20794 f","HD 20794",49.9997666,-43.0666533,"Radial Velocity",2025,6.00278000
"HD 208487 b","HD 208487",329.3332489,-37.7641354,"Radial Velocity",2004,45.14700000
"HD 208527 b","HD 208527",329.0999413,21.2399220,"Radial Velocity",2012,312.20200000
"HD 20868 b","HD 20868",50.1794053,-33.7296900,"Radial Velocity",2008,47.72230000
"HD 208897 b","HD 208897",329.7490639,19.0201591,"Radial Velocity",2017,67.48720000
"HD 209458 b","HD 209458",330.7950219,18.8842419,"Radial Velocity",1999,48.30160000
"HD 210193 b","HD 210193",332.3951324,-41.2252050,"Radial Velocity",2019,42.20290000
"HD 210277 b","HD 210277",332.3748117,-7.5505962,"Radial Velocity",1998,21.29850000
"HD 210702 b","HD 210702",332.9638643,16.0404806,"Radial Velocity",2007,54.19630000
"HD 211403 b","HD 211403",333.8158177,58.2755601,"Radial Velocity",2021,83.09190000
"HD 211810 b","HD 211810",334.5286724,61.1349912,"Radial Velocity",2018,64.63530000
"HD 211970 b","HD 211970",335.5661579,-54.5596006,"Radial Velocity",2019,13.12770000
"HD 212301 b","HD 212301",336.8803957,-77.7183219,"Radial Velocity",2005,54.23040000
"HD 212771 b","HD 212771",336.7624130,-17.2641046,"Radial Velocity",2009,111.15500000
"HD 213240 b","HD 213240",337.7506266,-49.4341037,"Radial Velocity",2001,40.87070000
"HD 213472 b","HD 213472",337.7069969,40.7222277,"Radial Velocity",2021,64.45270000
"HD 213519 b","HD 213519",337.7727845,45.1452472,"Radial Velocity",2022,41.00140000
"HD 213885 b","HD 213885",338.9837166,-59.8648290,"Transit",2019,48.08830000
"HD 213885 c","HD 213885",338.9837166,-59.8648290,"Radial Velocity",2019,48.08830000
"HD 21411 b","HD 21411",51.5474155,-30.6168403,"Radial Velocity",2019,29.13280000
"HD 214823 b","HD 214823",340.0832062,31.7875183,"Radial Velocity",2016,101.36800000
"HD 215152 b","HD 215152",340.8380941,-6.4020685,"Radial Velocity",2018,21.59740000
"HD 215152 c","HD 215152",340.8380941,-6.4020685,"Radial Velocity",2018,21.59740000
"HD 215152 d","HD 215152",340.8380941,-6.4020685,"Radial Velocity",2018,21.59740000
"HD 215152 e","HD 215152",340.8380941,-6.4020685,"Radial Velocity",2018,21.59740000
"HD 21520 b","HD 21520",51.6403449,-43.6136649,"Transit",2024,79.20800000
"HD 215497 b","HD 215497",341.6527140,-56.5997984,"Radial Velocity",2009,40.54680000
"HD 215497 c","HD 215497",341.6527140,-56.5997984,"Radial Velocity",2009,40.54680000
"HD 216435 b","HD 216435",343.4094703,-48.5986332,"Radial Velocity",2002,32.98340000
"HD 216437 b","HD 216437",343.6639631,-70.0733957,"Radial Velocity",2002,26.69020000
"HD 216520 b","HD 216520",341.8768719,83.6975307,"Radial Velocity",2020,19.55200000
"HD 216520 c","HD 216520",341.8768719,83.6975307,"Radial Velocity",2020,19.55200000
"HD 216536 b","HD 216536",343.2665641,44.4777303,"Radial Velocity",2015,376.23300000
"HD 216770 b","HD 216770",343.9748751,-26.6595286,"Radial Velocity",2003,36.66250000
"HD 21693 b","HD 21693",51.8040469,-58.3232726,"Radial Velocity",2019,33.25500000
"HD 21693 c","HD 21693",51.8040469,-58.3232726,"Radial Velocity",2019,33.25500000
"HD 217107 b","HD 217107",344.5647243,-2.3954489,"Radial Velocity",1998,20.06190000
"HD 217107 c","HD 217107",344.5647243,-2.3954489,"Radial Velocity",2005,20.06190000
"HD 21749 c","GJ 143",51.7501882,-63.5001660,"Transit",2019,16.32000000
"HD 217786 b","HD 217786",345.7838088,-0.4303594,"Radial Velocity",2011,55.48470000
"HD 217786 c","HD 217786",345.7838088,-0.4303594,"Radial Velocity",2022,55.48470000
"HD 217958 b","HD 217958",346.1365770,-25.6917758,"Radial Velocity",2022,61.79570000
"HD 218566 b","HD 218566",347.2974170,-2.2611645,"Radial Velocity",2010,28.82740000
"HD 219077 b","HD 219077",348.5319387,-62.7018297,"Radial Velocity",2012,29.18640000
"HD 219134 b","HD 219134",348.3372026,57.1696255,"Radial Velocity",2015,6.53127000
"HD 219134 c","HD 219134",348.3372026,57.1696255,"Radial Velocity",2015,6.53127000
"HD 219134 d","HD 219134",348.3372026,57.1696255,"Radial Velocity",2015,6.53127000
"HD 219134 f","HD 219134",348.3372026,57.1696255,"Radial Velocity",2015,6.53127000
"HD 219134 g","HD 219134",348.3372026,57.1696255,"Radial Velocity",2015,6.53127000
"HD 219134 h","HD 219134",348.3372026,57.1696255,"Radial Velocity",2015,6.53127000
"HD 219139 b","HD 219139",348.3604055,11.0649832,"Radial Velocity",2021,104.93500000
"HD 219415 b","HD 219415",348.7243579,56.7303001,"Radial Velocity",2012,165.18400000
"HD 219666 b","HD 219666",349.5592665,-56.9039857,"Transit",2018,94.17190000
"HD 219828 b","HD 219828",349.6947029,18.6457524,"Radial Velocity",2007,73.11400000
"HD 219828 c","HD 219828",349.6947029,18.6457524,"Radial Velocity",2016,73.11400000
"HD 220074 b","HD 220074",350.0599827,61.9701062,"Radial Velocity",2012,324.54000000
"HD 220197 b","HD 220197",350.4946927,16.6323305,"Radial Velocity",2018,64.41100000
"HD 220689 b","HD 220689",351.4707282,-20.6167923,"Radial Velocity",2012,46.87780000
"HD 220773 b","HD 220773",351.6144715,8.6428871,"Radial Velocity",2011,50.51030000
"HD 220842 b","HD 220842",351.6534162,56.8871415,"Radial Velocity",2016,64.64980000
"HD 221287 b","HD 221287",352.8362230,-58.2097540,"Radial Velocity",2007,55.92310000
"HD 221416 b","HD 221416",353.0331863,-21.8012007,"Transit",2019,95.54830000
"HD 221420 b","HD 221420",353.3319001,-77.3853286,"Radial Velocity",2019,31.14150000
"HD 221585 b","HD 221585",353.2293802,63.1556146,"Radial Velocity",2016,55.85350000
"HD 222076 b","HD 222076",354.5319820,-70.9032461,"Radial Velocity",2016,91.15380000
"HD 222155 b","HD 222155",354.5025617,48.9960191,"Radial Velocity",2011,50.60780000
"HD 222237 b","HD 222237",354.9078642,-72.7253271,"Radial Velocity",2024,11.44690000
"HD 222582 b","HD 222582",355.4640788,-5.9862379,"Radial Velocity",1999,42.15860000
"HD 224018 b","HD 224018",358.6390056,-4.7233362,"Radial Velocity",2025,105.48000000
"HD 224018 c","HD 224018",358.6390056,-4.7233362,"Transit",2025,105.48000000
"HD 224018 d","HD 224018",358.6390056,-4.7233362,"Transit",2025,105.48000000
"HD 224538 b","HD 224538",359.7164302,-61.5868613,"Radial Velocity",2016,79.06080000
"HD 224693 b","HD 224693",359.9749837,-22.4279999,"Radial Velocity",2006,93.50150000
"HD 22496 b","HD 22496",53.7565398,-48.4178173,"Radial Velocity",2021,13.59560000
"HD 22532 b","HD 22532",53.8148478,-49.4172669,"Radial Velocity",2022,161.18300000
"HD 22781 b","HD 22781",55.2065581,31.8258855,"Radial Velocity",2011,32.60340000
"HD 22946 d","HD 22946",54.8195380,-42.7630276,"Transit",2023,62.77920000
"HD 23079 b","HD 23079",54.9281897,-52.9162344,"Radial Velocity",2001,33.45910000
"HD 23079 c","HD 23079",54.9281897,-52.9162344,"Radial Velocity",2025,33.45910000
"HD 23127 b","HD 23127",54.8491271,-60.0772290,"Radial Velocity",2006,93.85550000
"HD 231701 b","HD 231701",293.0176220,16.4743566,"Radial Velocity",2007,108.87700000
"HD 233604 b","HD 233604",137.4535054,53.5682016,"Radial Velocity",2013,847.05800000
"HD 233832 b","HD 233832",171.5196515,50.3763099,"Radial Velocity",2018,58.74200000
"HD 23472 b","HD 23472",55.4590314,-62.7672667,"Transit",2019,39.03410000
"HD 23472 c","HD 23472",55.4590314,-62.7672667,"Transit",2019,39.03410000
"HD 23472 d","HD 23472",55.4590314,-62.7672667,"Transit",2022,39.03410000
"HD 23472 e","HD 23472",55.4590314,-62.7672667,"Transit",2022,39.03410000
"HD 23472 f","HD 23472",55.4590314,-62.7672667,"Transit",2022,39.03410000
"HD 235088 b","HD 235088",300.6154535,53.3774418,"Transit",2023,41.17060000
"HD 23596 b","HD 23596",57.0018601,40.5307308,"Radial Velocity",2003,52.00180000
"HD 238090 b","HD 238090",183.0886375,54.4861530,"Radial Velocity",2020,15.23540000
"HD 238914 b","HD 238914",279.5842102,59.2538819,"Radial Velocity",2018,519.45200000
"HD 240210 b","HD 240210",347.6219227,57.0294818,"Radial Velocity",2009,372.40500000
"HD 240237 b","HD 240237",348.9259334,58.0432233,"Radial Velocity",2011,933.37700000
"HD 24040 b","HD 24040",57.5962104,17.4752873,"Radial Velocity",2006,46.62240000
"HD 24040 c","HD 24040",57.5962104,17.4752873,"Radial Velocity",2021,46.62240000
"HD 24064 b","HD 24064",59.1510071,74.0800789,"Radial Velocity",2015,300.24700000
"HD 24085 b","HD 24085",56.2563447,-70.0245193,"Radial Velocity",2019,54.90040000
"HD 25015 b","HD 25015",59.4335463,-20.2673347,"Radial Velocity",2019,37.43300000
"HD 25171 b","HD 25171",58.9574779,-65.1863239,"Radial Velocity",2010,55.61460000
"HD 25463 b","HD 25463",60.7483361,9.2077676,"Transit",2023,45.61810000
"HD 25463 c","HD 25463",60.7483361,9.2077676,"Transit",2023,45.61810000
"HD 25723 b","HD 25723",61.0947182,-12.7922241,"Radial Velocity",2020,114.81600000
"HD 25912 b","HD 25912",60.9074988,-51.9315058,"Radial Velocity",2022,49.16610000
"HD 25912 c","HD 25912",60.9074988,-51.9315058,"Radial Velocity",2022,49.16610000
"HD 260655 b","HD 260655",99.2915429,17.5662696,"Transit",2022,10.00550000
"HD 260655 c","HD 260655",99.2915429,17.5662696,"Transit",2022,10.00550000
"HD 26161 b","HD 26161",62.4122255,31.6524346,"Radial Velocity",2021,40.91280000
"HD 2638 b","HD 2638",7.4990038,-5.7649600,"Radial Velocity",2005,54.96210000
"HD 2685 b","HD 2685",7.3289156,-76.3040320,"Transit",2019,196.85200000
"HD 27442 b","HD 27442",64.1205476,-59.3028771,"Radial Velocity",2000,18.27040000
"HD 27631 b","HD 27631",64.9392168,-41.9606604,"Radial Velocity",2012,50.28620000
"HD 27894 b","HD 27894",65.1975693,-59.4096776,"Radial Velocity",2005,43.82140000
"HD 27894 c","HD 27894",65.1975693,-59.4096776,"Radial Velocity",2017,43.82140000
"HD 27894 d","HD 27894",65.1975693,-59.4096776,"Radial Velocity",2017,43.82140000
"HD 27969 b","HD 27969",66.7068364,42.9087200,"Radial Velocity",2021,67.93280000
"HD 28109 b","HD 28109",65.2383065,-68.1026875,"Transit",2022,139.61100000
"HD 28109 c","HD 28109",65.2383065,-68.1026875,"Transit",2022,139.61100000
"HD 28109 d","HD 28109",65.2383065,-68.1026875,"Transit",2022,139.61100000
"HD 28185 b","HD 28185",66.6100461,-10.5510754,"Radial Velocity",2001,39.38090000
"HD 28185 c","HD 28185",66.6100461,-10.5510754,"Radial Velocity",2022,39.38090000
"HD 28192 b","HD 28192",66.7032517,-1.7244842,"Radial Velocity",2022,49.80630000
"HD 28254 b","HD 28254",66.2108141,-50.6228081,"Radial Velocity",2010,55.28840000
"HD 284149 AB b","HD 284149 A",61.6616887,20.3030344,"Imaging",2017,117.80700000
"HD 28471 b","HD 28471",66.2875166,-64.0786861,"Radial Velocity",2025,43.64550000
"HD 28471 c","HD 28471",66.2875166,-64.0786861,"Radial Velocity",2025,43.64550000
"HD 28471 d","HD 28471",66.2875166,-64.0786861,"Radial Velocity",2025,43.64550000
"HD 285507 b","HD 285507",61.7556630,15.3349441,"Radial Velocity",2013,45.02930000
"HD 285968 b","HD 285968",70.7353853,18.9533580,"Radial Velocity",2008,9.47045000
"HD 28678 b","HD 28678",67.8560643,4.5752495,"Radial Velocity",2011,189.90800000
"HD 29021 b","HD 29021",69.4681379,60.6762985,"Radial Velocity",2017,30.99390000
"HD 290327 b","HD 290327",80.8399887,-2.2780391,"Radial Velocity",2009,56.43300000
"HD 29399 b","HD 29399",68.3903471,-62.8237576,"Radial Velocity",2022,44.15180000
"HD 2952 b","HD 2952",8.2938367,54.8948177,"Radial Velocity",2013,110.10300000
"HD 29985 b","HD 29985",70.5216589,-33.9210696,"Radial Velocity",2022,31.27070000
"HD 30177 b","HD 30177",70.4770964,-58.0208085,"Radial Velocity",2002,55.58670000
"HD 30177 c","HD 30177",70.4770964,-58.0208085,"Radial Velocity",2016,55.58670000
"HD 30562 b","HD 30562",72.1529519,-5.6751152,"Radial Velocity",2009,26.15970000
"HD 30669 b","HD 30669",72.1198522,-28.4190757,"Radial Velocity",2014,58.08440000
"HD 30856 b","HD 30856",72.5745099,-24.3689282,"Radial Velocity",2011,131.19900000
"HD 31253 b","HD 31253",73.6822877,12.3520103,"Radial Velocity",2010,58.14380000
"HD 31527 b","HD 31527",73.9096193,-23.2413163,"Radial Velocity",2019,38.44730000
"HD 31527 c","HD 31527",73.9096193,-23.2413163,"Radial Velocity",2019,38.44730000
"HD 31527 d","HD 31527",73.9096193,-23.2413163,"Radial Velocity",2019,38.44730000
"HD 3167 b","HD 3167",8.7401487,4.3807215,"Transit",2016,47.28990000
"HD 3167 c","HD 3167",8.7401487,4.3807215,"Transit",2016,47.28990000
"HD 3167 d","HD 3167",8.7401487,4.3807215,"Radial Velocity",2017,47.28990000
"HD 3167 e","HD 3167",8.7401487,4.3807215,"Radial Velocity",2022,47.28990000
"HD 32518 b","HD 32518",77.4037569,69.6391355,"Radial Velocity",2009,122.11500000
"HD 32963 b","HD 32963",76.9820146,26.3276805,"Radial Velocity",2015,38.07860000
"HD 330075 b","HD 330075",237.4054997,-49.9639199,"Radial Velocity",2004,45.29890000
"HD 331093 b","HD 331093",295.6200054,31.7395451,"Radial Velocity",2021,50.19280000
"HD 33142 b","HD 33142",76.8980559,-13.9863374,"Radial Velocity",2011,121.37500000
"HD 33142 c","HD 33142",76.8980559,-13.9863374,"Radial Velocity",2016,121.37500000
"HD 33142 d","HD 33142",76.8980559,-13.9863374,"Radial Velocity",2022,121.37500000
"HD 332231 b","HD 332231",306.7411340,33.7443882,"Transit",2020,80.66650000
"HD 33283 b","HD 33283",77.0044889,-26.7976689,"Radial Velocity",2006,89.86230000
"HD 33564 b","HD 33564",80.6378979,79.2318488,"Radial Velocity",2005,20.95310000
"HD 33844 b","HD 33844",78.1505649,-14.9509775,"Radial Velocity",2015,105.77900000
"HD 33844 c","HD 33844",78.1505649,-14.9509775,"Radial Velocity",2015,105.77900000
"HD 34445 b","HD 34445",79.4207483,7.3527156,"Radial Velocity",2009,46.09070000
"HD 34445 c","HD 34445",79.4207483,7.3527156,"Radial Velocity",2017,46.09070000
"HD 34445 d","HD 34445",79.4207483,7.3527156,"Radial Velocity",2017,46.09070000
"HD 34445 e","HD 34445",79.4207483,7.3527156,"Radial Velocity",2017,46.09070000
"HD 34445 f","HD 34445",79.4207483,7.3527156,"Radial Velocity",2017,46.09070000
"HD 34445 g","HD 34445",79.4207483,7.3527156,"Radial Velocity",2017,46.09070000
"HD 35759 b","HD 35759",82.8886636,64.3183753,"Radial Velocity",2016,71.24230000
"HD 35843 b","HD 35843",81.3488924,-44.4312849,"Radial Velocity",2025,69.60260000
"HD 35843 c","HD 35843",81.3488924,-44.4312849,"Transit",2025,69.60260000
"HD 360 b","HD 360",2.0729030,-8.8242618,"Radial Velocity",2021,111.54200000
"HD 36384 b","HD 36384",84.9319998,75.0439884,"Radial Velocity",2023,209.30900000
"HD 3651 b","HD 3651",9.8387218,21.2488844,"Radial Velocity",2003,11.13360000
"HD 37124 b","HD 37124",84.2599947,20.7289784,"Radial Velocity",2002,31.66340000
"HD 37124 c","HD 37124",84.2599947,20.7289784,"Radial Velocity",2002,31.66340000
"HD 37124 d","HD 37124",84.2599947,20.7289784,"Radial Velocity",2005,31.66340000
"HD 37605 b","HD 37605",85.0074276,6.0595116,"Radial Velocity",2004,46.78640000
"HD 37605 c","HD 37605",85.0074276,6.0595116,"Radial Velocity",2012,46.78640000
"HD 3765 b","HD 3765",10.2072994,40.1842918,"Radial Velocity",2021,17.92600000
"HD 38283 b","HD 38283",84.2605324,-73.6998131,"Radial Velocity",2010,38.06150000
"HD 38529 b","HD 38529",86.6451363,1.1675866,"Radial Velocity",2000,42.35380000
"HD 38529 c","HD 38529",86.6451363,1.1675866,"Radial Velocity",2000,42.35380000
"HD 38801 b","HD 38801",86.9963141,-8.3280256,"Radial Velocity",2009,91.43490000
"HD 39091 b","HD 39091",84.2992798,-80.4646041,"Radial Velocity",2001,18.27020000
"HD 39194 b","HD 39194",86.1290710,-70.1382377,"Radial Velocity",2021,26.41310000
"HD 39194 c","HD 39194",86.1290710,-70.1382377,"Radial Velocity",2021,26.41310000
"HD 39194 d","HD 39194",86.1290710,-70.1382377,"Radial Velocity",2021,26.41310000
"HD 39855 b","HD 39855",88.6260731,-19.7044472,"Radial Velocity",2019,23.25990000
"HD 40307 b","HD 40307",88.5172191,-60.0237289,"Radial Velocity",2009,12.93630000
"HD 40307 c","HD 40307",88.5172191,-60.0237289,"Radial Velocity",2009,12.93630000
"HD 40307 d","HD 40307",88.5172191,-60.0237289,"Radial Velocity",2009,12.93630000
"HD 40307 f","HD 40307",88.5172191,-60.0237289,"Radial Velocity",2013,12.93630000
"HD 40307 g","HD 40307",88.5172191,-60.0237289,"Radial Velocity",2013,12.93630000
"HD 40956 b","HD 40956",91.6628015,63.4538750,"Radial Velocity",2017,116.59300000
"HD 40979 b","HD 40979",91.1253346,44.2597855,"Radial Velocity",2002,34.08830000
"HD 41004 A b","HD 41004 A",89.9566041,-48.2394189,"Radial Velocity",2004,36.69117000
"HD 41004 B b","HD 41004 B",89.9565956,-48.2394114,"Radial Velocity",2003,41.55040000
"HD 4113 b","HD 4113",10.8027515,-37.9831248,"Radial Velocity",2007,41.87270000
"HD 42012 b","HD 42012",92.4854730,34.1341722,"Radial Velocity",2017,36.79840000
"HD 4203 b","HD 4203",11.1722288,20.4483925,"Radial Velocity",2001,81.37950000
"HD 4203 c","HD 4203",11.1722288,20.4483925,"Radial Velocity",2014,81.37950000
"HD 4208 b","HD 4208",11.1125532,-26.5150392,"Radial Velocity",2001,34.19370000
"HD 42618 b","HD 42618",93.0032173,6.7819742,"Radial Velocity",2016,24.33580000
"HD 4308 b","HD 4308",11.1652594,-65.6527159,"Radial Velocity",2005,22.01580000
"HD 4313 b","HD 4313",11.4181301,7.8450492,"Radial Velocity",2009,136.30800000
"HD 43197 b","HD 43197",93.3993231,-29.8971929,"Radial Velocity",2010,62.41120000
"HD 43197 c","HD 43197",93.3993231,-29.8971929,"Radial Velocity",2022,62.41120000
"HD 43691 b","HD 43691",94.8946124,41.0920773,"Radial Velocity",2007,85.60090000
"HD 44219 b","HD 44219",95.0599971,-10.7250799,"Radial Velocity",2010,52.90510000
"HD 45184 b","HD 45184",96.1820205,-28.7806402,"Radial Velocity",2019,21.95320000
"HD 45184 c","HD 45184",96.1820205,-28.7806402,"Radial Velocity",2019,21.95320000
"HD 45350 b","HD 45350",97.1902262,38.9627315,"Radial Velocity",2004,46.87330000
"HD 45364 b","HD 45364",96.4105736,-31.4810037,"Radial Velocity",2008,34.35400000
"HD 45364 c","HD 45364",96.4105736,-31.4810037,"Radial Velocity",2008,34.35400000
"HD 45652 b","HD 45652",97.3058709,10.9336212,"Radial Velocity",2008,34.85410000
"HD 457 b","HD 457",2.2492922,-39.7372401,"Radial Velocity",2022,55.03750000
"HD 46375 b","HD 46375",98.3030763,5.4625071,"Radial Velocity",2000,29.55290000
"HD 47186 b","HD 47186",99.0367212,-27.6234285,"Radial Velocity",2008,37.45740000
"HD 47186 c","HD 47186",99.0367212,-27.6234285,"Radial Velocity",2008,37.45740000
"HD 4732 b","HD 4732",12.3085089,-24.1369079,"Radial Velocity",2012,54.78410000
"HD 4732 c","HD 4732",12.3085089,-24.1369079,"Radial Velocity",2012,54.78410000
"HD 47366 b","HD 47366",99.4200181,-12.9856593,"Radial Velocity",2016,84.35520000
"HD 47366 c","HD 47366",99.4200181,-12.9856593,"Radial Velocity",2016,84.35520000
"HD 47536 b","HD 47536",99.4489580,-32.3394531,"Radial Velocity",2002,122.53600000
"HD 4760 b","HD 4760",12.4161652,6.4071412,"Radial Velocity",2021,537.87300000
"HD 48265 b","HD 48265",100.0073683,-48.5418284,"Radial Velocity",2008,90.54460000
"HD 48265 c","HD 48265",100.0073683,-48.5418284,"Radial Velocity",2026,90.54460000
"HD 48948 b","HD 48948",102.4898110,60.3373133,"Radial Velocity",2024,16.90430000
"HD 48948 c","HD 48948",102.4898110,60.3373133,"Radial Velocity",2024,16.90430000
"HD 48948 d","HD 48948",102.4898110,60.3373133,"Radial Velocity",2024,16.90430000
"HD 4917 b","HD 4917",12.7762624,-12.9276648,"Radial Velocity",2018,204.27700000
"HD 49674 b","HD 49674",102.8773483,40.8672284,"Radial Velocity",2002,43.03990000
"HD 50499 b","HD 50499",103.0080750,-33.9152670,"Radial Velocity",2005,46.28450000
"HD 50499 c","HD 50499",103.0080750,-33.9152670,"Radial Velocity",2019,46.28450000
"HD 50554 b","HD 50554",103.6782730,24.2451409,"Radial Velocity",2002,31.16640000
"HD 51608 b","HD 51608",103.7137102,-55.2600189,"Radial Velocity",2019,35.05530000
"HD 51608 c","HD 51608",103.7137102,-55.2600189,"Radial Velocity",2019,35.05530000
"HD 52265 b","HD 52265",105.0746449,-5.3668142,"Radial Velocity",2000,29.98030000
"HD 5278 b","HD 5278",12.5467785,-83.7437671,"Transit",2021,57.58460000
"HD 5278 c","HD 5278",12.5467785,-83.7437671,"Radial Velocity",2021,57.58460000
"HD 5319 b","HD 5319",13.7558096,0.7893425,"Radial Velocity",2007,121.40500000
"HD 5319 c","HD 5319",13.7558096,0.7893425,"Radial Velocity",2014,121.40500000
"HD 5388 b","HD 5388",13.7990300,-47.4067326,"Radial Velocity",2010,53.06610000
"HD 55696 b","HD 55696",108.0622029,-38.1746390,"Radial Velocity",2018,77.96930000
"HD 5583 b","HD 5583",14.4869460,34.9853306,"Radial Velocity",2016,219.21600000
"HD 5608 b","HD 5608",14.5594349,33.9505774,"Radial Velocity",2012,58.11050000
"HD 564 b","HD 564",2.4694459,-50.2678998,"Radial Velocity",2014,51.16590000
"HD 56414 b","HD 56414",107.8436846,-68.8333403,"Transit",2022,272.21700000
"HD 56957 b","HD 56957",109.3253986,-40.6560651,"Radial Velocity",2022,61.49250000
"HD 5891 b","HD 5891",15.1383168,20.2923139,"Radial Velocity",2011,283.50200000
"HD 59686 A b","HD 59686 A",112.9518629,17.0857195,"Radial Velocity",2016,89.27210000
"HD 60292 b","HD 60292",114.6201698,66.2350517,"Radial Velocity",2020,315.21100000
"HD 60532 b","HD 60532",113.5130656,-22.2958661,"Radial Velocity",2008,25.97160000
"HD 60532 c","HD 60532",113.5130656,-22.2958661,"Radial Velocity",2008,25.97160000
"HD 6061 b","HD 6061",15.5981441,37.1854394,"Transit",2023,67.62030000
"HD 62364 b","HD 62364",113.9052658,-75.5442707,"Radial Velocity",2022,53.11200000
"HD 62364 c","HD 62364",113.9052658,-75.5442707,"Radial Velocity",2022,53.11200000
"HD 62509 b","HD 62509",116.3288240,28.0261270,"Radial Velocity",2006,10.34000000
"HD 62549 b","HD 62549",116.0821439,-5.0541223,"Radial Velocity",2022,49.33050000
"HD 63433 b","HD 63433",117.4793699,27.3631342,"Transit",2020,22.40350000
"HD 63433 c","HD 63433",117.4793699,27.3631342,"Transit",2020,22.40350000
"HD 63433 d","HD 63433",117.4793699,27.3631342,"Transit",2023,22.40350000
"HD 63454 b","HD 63454",114.8406393,-78.2791464,"Radial Velocity",2005,37.68940000
"HD 63765 b","HD 63765",116.9582617,-54.2653450,"Radial Velocity",2011,32.53760000
"HD 63935 b","HD 63935",117.9246417,9.3852412,"Transit",2021,48.97390000
"HD 63935 c","HD 63935",117.9246417,9.3852412,"Radial Velocity",2021,48.97390000
"HD 64114 b","HD 64114",117.9825560,-11.0337221,"Radial Velocity",2019,31.52620000
"HD 64121 b","HD 64121",117.3651424,-54.8126136,"Radial Velocity",2022,129.96600000
"HD 6434 b","HD 6434",16.1663441,-39.4904909,"Radial Velocity",2003,42.35800000
"HD 65216 b","HD 65216",118.4209646,-63.6466892,"Radial Velocity",2003,35.12050000
"HD 65216 c","HD 65216",118.4209646,-63.6466892,"Radial Velocity",2013,35.12050000
"HD 66141 b","HD 66141",120.5662825,2.3350265,"Radial Velocity",2012,68.15090000
"HD 66428 b","HD 66428",120.8691654,-1.1636019,"Radial Velocity",2005,53.28170000
"HD 66428 c","HD 66428",120.8691654,-1.1636019,"Radial Velocity",2021,53.28170000
"HD 67087 b","HD 67087",121.9155672,31.5511553,"Radial Velocity",2015,76.52170000
"HD 67087 c","HD 67087",121.9155672,31.5511553,"Radial Velocity",2015,76.52170000
"HD 6718 b","HD 6718",16.9536005,-8.2336165,"Radial Velocity",2009,51.34440000
"HD 68402 b","HD 68402",121.3474609,-74.4100732,"Radial Velocity",2016,78.42930000
"HD 68475 b","HD 68475",122.7192621,-42.8128841,"Radial Velocity",2026,33.42970000
"HD 6860 b","HD 6860",17.4329790,35.6204990,"Radial Velocity",2023,61.12469000
"HD 68988 b","HD 68988",124.5935429,61.4608518,"Radial Velocity",2001,60.84470000
"HD 68988 c","HD 68988",124.5935429,61.4608518,"Radial Velocity",2021,60.84470000
"HD 69123 b","HD 69123",123.5549900,-35.4899246,"Radial Velocity",2022,75.11600000
"HD 69830 b","HD 69830",124.6010091,-12.6364246,"Radial Velocity",2006,12.55910000
"HD 69830 c","HD 69830",124.6010091,-12.6364246,"Radial Velocity",2006,12.55910000
"HD 69830 d","HD 69830",124.6010091,-12.6364246,"Radial Velocity",2006,12.55910000
"HD 70573 b","HD 70573",125.7079153,1.8591088,"Radial Velocity",2007,59.18200000
"HD 70642 b","HD 70642",125.3661079,-39.7044432,"Radial Velocity",2003,29.27600000
"HD 7199 b","HD 7199",17.6979344,-66.1886947,"Radial Velocity",2011,36.15310000
"HD 72490 b","HD 72490",128.4028287,13.5507189,"Radial Velocity",2018,126.33900000
"HD 72659 b","HD 72659",128.5128072,-1.5686323,"Radial Velocity",2002,51.89490000
"HD 72659 c","HD 72659",128.5128072,-1.5686323,"Radial Velocity",2022,51.89490000
"HD 72892 b","HD 72892",128.7195554,-14.4574311,"Radial Velocity",2016,69.73110000
"HD 73256 c","HD 73256",129.0949961,-30.0373339,"Radial Velocity",2023,36.70800000
"HD 73267 b","HD 73267",129.0735123,-34.4594469,"Radial Velocity",2008,50.40930000
"HD 73267 c","HD 73267",129.0735123,-34.4594469,"Radial Velocity",2022,50.40930000
"HD 73344 b","HD 73344",129.6894456,23.6852651,"Transit",2024,35.26000000
"HD 73344 c","HD 73344",129.6894456,23.6852651,"Radial Velocity",2025,35.26000000
"HD 73344 d","HD 73344",129.6894456,23.6852651,"Radial Velocity",2025,35.26000000
"HD 73526 b","HD 73526",129.3183310,-41.3184231,"Radial Velocity",2002,97.23960000
"HD 73526 c","HD 73526",129.3183310,-41.3184231,"Radial Velocity",2005,97.23960000
"HD 73534 b","HD 73534",129.8153421,12.9599703,"Radial Velocity",2008,83.33210000
"HD 73583 b","HD 73583",129.6883026,-13.2565267,"Transit",2022,31.56660000
"HD 73583 c","HD 73583",129.6883026,-13.2565267,"Transit",2022,31.56660000
"HD 74156 b","HD 74156",130.6047813,4.5772338,"Radial Velocity",2003,57.60300000
"HD 74156 c","HD 74156",130.6047813,4.5772338,"Radial Velocity",2003,57.60300000
"HD 7449 b","HD 7449",18.6214650,-5.0479716,"Radial Velocity",2011,38.66200000
"HD 74698 b","HD 74698",130.0744755,-71.8768726,"Radial Velocity",2023,52.06480000
"HD 74698 c","HD 74698",130.0744755,-71.8768726,"Radial Velocity",2023,52.06480000
"HD 75289 b","HD 75289",131.9181715,-41.7377748,"Radial Velocity",1999,29.11580000
"HD 75302 b","HD 75302",132.3015641,3.4850141,"Radial Velocity",2023,30.32880000
"HD 75784 b","HD 75784",133.0992289,13.2330548,"Radial Velocity",2014,85.43210000
"HD 75784 c","HD 75784",133.0992289,13.2330548,"Radial Velocity",2018,85.43210000
"HD 75898 b","HD 75898",133.4611999,33.0566885,"Radial Velocity",2007,78.05050000
"HD 75898 c","HD 75898",133.4611999,33.0566885,"Radial Velocity",2024,78.05050000
"HD 76700 b","HD 76700",133.4782248,-66.8004747,"Radial Velocity",2002,60.88310000
"HD 76920 b","HD 76920",133.8203530,-67.2653621,"Radial Velocity",2017,184.03100000
"HD 77338 b","HD 77338",135.3022475,-25.5282343,"Radial Velocity",2012,45.93500000
"HD 77946 b","HD 77946",136.7776440,46.6724251,"Transit",2024,99.45100000
"HD 79181 b","HD 79181",137.9944736,-19.7474341,"Radial Velocity",2021,103.33500000
"HD 7924 b","HD 7924",20.4956562,76.7101475,"Radial Velocity",2008,16.99220000
"HD 7924 c","HD 7924",20.4956562,76.7101475,"Radial Velocity",2015,16.99220000
"HD 7924 d","HD 7924",20.4956562,76.7101475,"Radial Velocity",2015,16.99220000
"HD 79498 b","HD 79498",138.7885794,23.3748792,"Radial Velocity",2011,48.94890000
"HD 80606 b","HD 80606",140.6569501,50.6037764,"Radial Velocity",2001,66.47110000
"HD 80653 b","HD 80653",140.3390845,14.3678691,"Transit",2020,109.86000000
"HD 80869 b","HD 80869",140.7912931,33.9048294,"Radial Velocity",2021,85.39510000
"HD 80883 b","HD 80883",139.9331831,-59.4780815,"Radial Velocity",2022,34.60110000
"HD 80913 b","HD 80913",138.1021548,-81.7684510,"Radial Velocity",2022,61.36030000
"HD 81040 b","HD 81040",140.9455027,20.3646078,"Radial Velocity",2005,34.43410000
"HD 81688 b","HD 81688",142.1665753,45.6009241,"Radial Velocity",2007,85.71830000
"HD 81817 b","HD 81817",144.2715659,81.3263096,"Radial Velocity",2020,269.12600000
"HD 81817 c","HD 81817",144.2715659,81.3263096,"Radial Velocity",2022,269.12600000
"HD 82886 b","HD 82886",143.9383526,34.7805902,"Radial Velocity",2011,127.06100000
"HD 82943 b","HD 82943",143.7114034,-12.1302976,"Radial Velocity",2003,27.59020000
"HD 82943 c","HD 82943",143.7114034,-12.1302976,"Radial Velocity",2003,27.59020000
"HD 8326 b","HD 8326",20.5314418,-26.8940678,"Radial Velocity",2019,30.68620000
"HD 83443 b","HD 83443",144.2994103,-43.2727210,"Radial Velocity",2002,40.89910000
"HD 83443 c","HD 83443",144.2994103,-43.2727210,"Radial Velocity",2022,40.89910000
"HD 8535 b","HD 8535",20.9054804,-41.2701007,"Radial Velocity",2010,55.44010000
"HD 85390 b","HD 85390",147.5105663,-49.7905254,"Radial Velocity",2011,33.52250000
"HD 85426 c","TOI-1774",148.1619305,35.1110080,"Radial Velocity",2026,53.97400000
"HD 8574 b","HD 8574",21.3033807,28.5660169,"Radial Velocity",2002,44.82640000
"HD 86065 b","HD 86065",148.9256674,-18.1069385,"Radial Velocity",2022,40.36610000
"HD 86081 b","HD 86081",149.0243714,-3.8083543,"Radial Velocity",2006,103.93600000
"HD 86226 b","HD 86226",149.1235154,-24.0991859,"Radial Velocity",2009,45.68300000
"HD 86226 c","HD 86226",149.1235154,-24.0991859,"Transit",2020,45.68300000
"HD 86264 b","HD 86264",149.2409308,-15.8953993,"Radial Velocity",2009,67.81070000
"HD 86728 b","HD 86728",150.2500540,31.9218216,"Radial Velocity",2025,14.92020000
"HD 8673 b","HD 8673",21.5378455,34.5793389,"Radial Velocity",2009,37.86190000
"HD 86950 b","HD 86950",150.4066612,-17.3330699,"Radial Velocity",2016,209.83900000
"HD 87646 b","HD 87646",151.6695435,17.8949795,"Radial Velocity",2016,73.58352000
"HD 87816 b","HD 87816",151.5296524,-52.1878679,"Radial Velocity",2025,133.23300000
"HD 87816 c","HD 87816",151.5296524,-52.1878679,"Radial Velocity",2025,133.23300000
"HD 87883 b","HD 87883",152.1794175,34.2419984,"Radial Velocity",2009,18.29120000
"HD 88072 b","HD 88072",152.3467466,2.3710540,"Radial Velocity",2022,35.90980000
"HD 88133 b","HD 88133",152.5319349,18.1857284,"Radial Velocity",2004,73.61230000
"HD 88986 b","HD 88986",154.1166869,28.6820708,"Radial Velocity",2023,33.26730000
"HD 89307 b","HD 89307",154.5874958,12.6209392,"Radial Velocity",2009,32.01040000
"HD 89345 b","HD 89345",154.6710977,10.1288464,"Transit",2018,132.34500000
"HD 89744 b","HD 89744",155.5433193,41.2289354,"Radial Velocity",1999,38.63640000
"HD 89839 b","HD 89839",155.1688790,-53.6640291,"Radial Velocity",2023,57.30630000
"HD 90156 b","HD 90156",155.9801144,-29.6451030,"Radial Velocity",2011,21.94960000
"HD 9174 b","HD 9174",22.5043352,-19.6052945,"Radial Velocity",2016,81.48930000
"HD 92788 b","HD 92788",160.7021351,-2.1847173,"Radial Velocity",2000,34.65380000
"HD 92788 c","HD 92788",160.7021351,-2.1847173,"Radial Velocity",2019,34.65380000
"HD 93083 b","HD 93083",161.0866672,-33.5776794,"Radial Velocity",2005,28.51590000
"HD 93351 b","HD 93351",161.6779279,-1.6885763,"Radial Velocity",2022,56.16300000
"HD 93351 c","HD 93351",161.6779279,-1.6885763,"Radial Velocity",2022,56.16300000
"HD 93385 b","HD 93385",161.5627065,-41.4646040,"Radial Velocity",2021,43.34750000
"HD 93385 c","HD 93385",161.5627065,-41.4646040,"Radial Velocity",2021,43.34750000
"HD 93385 d","HD 93385",161.5627065,-41.4646040,"Radial Velocity",2021,43.34750000
"HD 93963 A b","HD 93963 A",162.7766969,25.6410650,"Transit",2022,82.34320000
"HD 93963 A c","HD 93963 A",162.7766969,25.6410650,"Transit",2022,82.34320000
"HD 9446 b","HD 9446",23.3350424,29.2649187,"Radial Velocity",2009,50.35030000
"HD 9446 c","HD 9446",23.3350424,29.2649187,"Radial Velocity",2009,50.35030000
"HD 94771 b","HD 94771",163.9746776,-35.1145225,"Radial Velocity",2023,57.78070000
"HD 94834 b","HD 94834",164.3126363,24.1429374,"Radial Velocity",2018,98.16090000
"HD 94890 b","HD 94890",164.1797804,-37.1383035,"Radial Velocity",2025,61.70120000
"HD 94890 c","HD 94890",164.1797804,-37.1383035,"Radial Velocity",2025,61.70120000
"HD 95086 b","HD 95086",164.2621032,-68.6672917,"Imaging",2013,86.22790000
"HD 95089 b","HD 95089",164.6987480,1.7290087,"Radial Velocity",2009,136.95700000
"HD 95089 c","HD 95089",164.6987480,1.7290087,"Radial Velocity",2016,136.95700000
"HD 95127 b","HD 95127",164.8961152,43.8144094,"Radial Velocity",2015,676.57900000
"HD 95338 b","HD 95338",164.8563364,-56.6235564,"Radial Velocity",2020,36.99410000
"HD 95544 b","HD 95544",166.3231784,81.0389868,"Radial Velocity",2021,87.80490000
"HD 95735 c","GJ 411",165.8344710,35.9723170,"Radial Velocity",2021,5.67577300
"HD 95872 b","HD 95872",165.8658796,-22.0943303,"Radial Velocity",2015,72.21950000
"HD 96063 b","HD 96063",166.1853484,-2.5132966,"Radial Velocity",2011,140.06500000
"HD 96127 b","HD 96127",166.4415020,44.3015500,"Radial Velocity",2011,587.65900000
"HD 96167 b","HD 96167",166.3125657,-10.2913450,"Radial Velocity",2009,85.30060000
"HD 96700 b","HD 96700",166.9742616,-30.1751383,"Radial Velocity",2021,25.41110000
"HD 96700 c","HD 96700",166.9742616,-30.1751383,"Radial Velocity",2021,25.41110000
"HD 96700 d","HD 96700",166.9742616,-30.1751383,"Radial Velocity",2021,25.41110000
"HD 96992 b","HD 96992",167.5966158,43.9189897,"Radial Velocity",2021,396.08200000
"HD 97037 b","HD 97037",167.5545621,-7.3901483,"Radial Velocity",2022,32.41300000
"HD 97048 b","HD 97048",167.0133422,-77.6548530,"Disk Kinematics",2019,183.85700000
"HD 97658 b","HD 97658",168.6376584,25.7105962,"Radial Velocity",2010,21.56180000
"HD 98219 b","HD 98219",169.4475218,-23.9754880,"Radial Velocity",2011,113.70400000
"HD 98649 b","HD 98649",170.2147665,-23.2181063,"Radial Velocity",2012,42.17270000
"HD 98736 b","HD 98736",170.4549045,18.1896082,"Radial Velocity",2018,32.44590000
"HD 99109 b","HD 99109",171.0715576,-1.5297610,"Radial Velocity",2005,54.79010000
"HD 99283 b","HD 99283",171.4874082,55.8506653,"Radial Velocity",2021,111.09300000
"HD 99492 b","HD 99492",171.6896870,3.0071331,"Radial Velocity",2004,18.20380000
"HD 99492 c","HD 99492",171.6896870,3.0071331,"Radial Velocity",2023,18.20380000
"HD 99706 b","HD 99706",172.1261621,43.9662025,"Radial Velocity",2011,146.60000000
"HD 99706 c","HD 99706",172.1261621,43.9662025,"Radial Velocity",2016,146.60000000
"HIP 10090 b","HIP 10090",32.4351198,-30.7470844,"Radial Velocity",2026,82.39370000
"HIP 10090 c","HIP 10090",32.4351198,-30.7470844,"Radial Velocity",2026,82.39370000
"HIP 105854 b","HIP 105854",321.5962275,-37.8294782,"Radial Velocity",2014,78.63810000
"HIP 107772 b","HIP 107772",327.4977057,-41.2440371,"Radial Velocity",2020,23.64340000
"HIP 107773 b","HIP 107773",327.5005089,-64.7126993,"Radial Velocity",2015,105.18000000
"HIP 109384 b","HIP 109384",332.4089720,71.3139560,"Radial Velocity",2016,58.95820000
"HIP 109600 b","HIP 109600",333.0270790,29.0662082,"Radial Velocity",2016,66.33610000
"HIP 111909 b","HIP 111909",340.0304354,-49.5985391,"Radial Velocity",2025,88.07700000
"HIP 111909 c","HIP 111909",340.0304354,-49.5985391,"Radial Velocity",2025,88.07700000
"HIP 113103 b","HIP 113103",343.5723794,-43.0102291,"Transit",2023,46.21220000
"HIP 113103 c","HIP 113103",343.5723794,-43.0102291,"Transit",2023,46.21220000
"HIP 114933 b","HIP 114933",349.2071949,-21.2033101,"Radial Velocity",2021,101.76600000
"HIP 116454 b","HIP 116454",353.9543517,0.4447043,"Transit",2014,62.44910000
"HIP 12961 b","HIP 12961",41.6800749,-23.0860048,"Radial Velocity",2010,23.37100000
"HIP 14810 b","HIP 14810",47.8092750,21.0971302,"Radial Velocity",2005,50.48000000
"HIP 14810 c","HIP 14810",47.8092750,21.0971302,"Radial Velocity",2006,50.48000000
"HIP 14810 d","HIP 14810",47.8092750,21.0971302,"Radial Velocity",2009,50.48000000
"HIP 18606 b","HIP 18606",59.7181058,-5.4706979,"Radial Velocity",2025,47.02880000
"HIP 19976 b","HIP 19976",64.2597881,-40.7985198,"Radial Velocity",2022,40.27070000
"HIP 21152 b","HIP 21152",68.0205209,5.4100745,"Imaging",2022,43.40730000
"HIP 29442 c","TOI-469",93.0578446,-14.6493167,"Radial Velocity",2023,68.19200000
"HIP 29442 d","TOI-469",93.0578446,-14.6493167,"Radial Velocity",2023,68.19200000
"HIP 34222 b","HIP 34222",106.4257786,27.4704132,"Radial Velocity",2021,22.83860000
"HIP 35173 b","HIP 35173",109.0449329,-3.6661273,"Radial Velocity",2019,33.15620000
"HIP 35965 b","HIP 35965",111.2025182,-51.3257507,"Radial Velocity",2022,50.16770000
"HIP 38594 b","HIP 38594",118.5439118,-25.3023073,"Radial Velocity",2020,17.78860000
"HIP 38594 c","HIP 38594",118.5439118,-25.3023073,"Radial Velocity",2020,17.78860000
"HIP 39017 b","HIP 39017",119.7665756,-4.3326006,"Imaging",2024,66.32170000
"HIP 39330 b","HIP 39330",120.6116831,-46.3353155,"Radial Velocity",2026,36.39580000
"HIP 41378 b","HIP 41378",126.6158279,10.0803708,"Transit",2016,106.28900000
"HIP 41378 c","HIP 41378",126.6158279,10.0803708,"Transit",2016,106.28900000
"HIP 41378 d","HIP 41378",126.6158279,10.0803708,"Transit",2016,106.28900000
"HIP 41378 e","HIP 41378",126.6158279,10.0803708,"Transit",2016,106.28900000
"HIP 41378 f","HIP 41378",126.6158279,10.0803708,"Transit",2016,106.28900000
"HIP 41378 g","HIP 41378",126.6158279,10.0803708,"Radial Velocity",2025,106.28900000
"HIP 4845 b","HIP 4845",15.5881733,-10.4246208,"Radial Velocity",2020,21.09740000
"HIP 48714 b","HIP 48714",149.0332672,62.7859505,"Radial Velocity",2020,10.52980000
"HIP 5158 b","HIP 5158",16.5094891,-22.4536134,"Radial Velocity",2009,51.60260000
"HIP 5158 c","HIP 5158",16.5094891,-22.4536134,"Radial Velocity",2011,51.60260000
"HIP 54373 b","HIP 54373",166.8643532,-19.2916857,"Radial Velocity",2019,18.71680000
"HIP 54373 c","HIP 54373",166.8643532,-19.2916857,"Radial Velocity",2019,18.71680000
"HIP 54515 b","HIP 54515",167.3066308,-1.3332838,"Imaging",2026,82.81010000
"HIP 54597 b","HIP 54597",167.6082179,-29.4143018,"Radial Velocity",2023,39.74290000
"HIP 55507 b","HIP 55507",170.5227246,46.9078030,"Radial Velocity",2022,25.48930000
"HIP 56640 b","HIP 56640",174.2008941,-37.0391349,"Radial Velocity",2021,122.32400000
"HIP 57274 b","HIP 57274",176.1705487,30.9576484,"Radial Velocity",2011,25.86180000
"HIP 57274 c","HIP 57274",176.1705487,30.9576484,"Radial Velocity",2011,25.86180000
"HIP 57274 d","HIP 57274",176.1705487,30.9576484,"Radial Velocity",2011,25.86180000
"HIP 5763 b","HIP 5763",18.4953430,16.4942738,"Radial Velocity",2021,31.90430000
"HIP 63242 b","HIP 63242",194.3824825,-65.6463263,"Radial Velocity",2013,156.45600000
"HIP 65 A b","HIP 65 A",0.1856063,-54.8308228,"Transit",2020,61.78560000
"HIP 65407 b","HIP 65407",201.0876630,48.8847322,"Radial Velocity",2016,61.78040000
"HIP 65407 c","HIP 65407",201.0876630,48.8847322,"Radial Velocity",2016,61.78040000
"HIP 65426 b","HIP 65426",201.1501727,-51.5045384,"Imaging",2017,108.87500000
"HIP 65891 b","HIP 65891",202.6050857,-58.6643937,"Radial Velocity",2015,150.29200000
"HIP 66074 b","HIP 66074",203.1635632,75.0071038,"Astrometry",2023,35.44380000
"HIP 67522 b","HIP 67522",207.5260010,-40.8358961,"Transit",2020,127.28000000
"HIP 67522 c","HIP 67522",207.5260010,-40.8358961,"Transit",2024,127.28000000
"HIP 67537 b","HIP 67537",207.5808445,-39.9008996,"Radial Velocity",2017,116.04600000
"HIP 67851 b","HIP 67851",208.4653640,-35.3146536,"Radial Velocity",2015,64.11810000
"HIP 67851 c","HIP 67851",208.4653640,-35.3146536,"Radial Velocity",2015,64.11810000
"HIP 70849 b","HIP 70849",217.3270762,-46.4646840,"Radial Velocity",2011,24.05720000
"HIP 71135 b","HIP 71135",218.2158073,-52.6464757,"Radial Velocity",2019,32.33110000
"HIP 74890 b","HIP 74890",229.5714974,-41.4210961,"Radial Velocity",2016,78.65620000
"HIP 75092 b","HIP 75092",230.1724206,-25.9910525,"Radial Velocity",2021,81.66960000
"HIP 77900 b","HIP 77900",238.6253901,-27.3387434,"Imaging",2024,150.86200000
"HIP 78530 b","HIP 78530",240.4810052,-21.9804920,"Imaging",2010,136.75900000
"HIP 79098 AB b","HIP 79098 AB",242.1821202,-23.6855244,"Imaging",2019,145.79800000
"HIP 79431 b","HIP 79431",243.1742467,-18.8764247,"Radial Velocity",2009,14.53240000
"HIP 81208 C b","HIP 81208 C",248.8075000,-35.7247583,"Imaging",2023,147.53300000
"HIP 8152 b","HIP 8152",26.2092533,-18.4013844,"Transit",2023,101.69400000
"HIP 8152 c","HIP 8152",26.2092533,-18.4013844,"Transit",2023,101.69400000
"HIP 8541 b","HIP 8541",27.5271962,-54.4651633,"Radial Velocity",2016,155.12100000
"HIP 86221 b","HIP 86221",264.2948750,27.8963910,"Radial Velocity",2021,29.48980000
"HIP 8923 b","HIP 8923",28.7250931,-11.5113361,"Radial Velocity",2026,65.99570000
"HIP 90988 b","HIP 90988",278.3892816,-50.2116920,"Radial Velocity",2021,94.03490000
"HIP 91258 b","HIP 91258",279.2211173,61.7015065,"Radial Velocity",2013,45.88460000
"HIP 94235 b","HIP 94235",287.7411441,-60.2726358,"Transit",2022,58.51460000
"HIP 948 b","HIP 948",2.9276336,-39.2304879,"Radial Velocity",2022,34.85230000
"HIP 9618 b","HIP 9618",30.9050061,21.2813274,"Transit",2023,67.54780000
"HIP 9618 c","HIP 9618",30.9050061,21.2813274,"Transit",2023,67.54780000
"HIP 97166 b","HIP 97166",296.2446203,74.0628577,"Transit",2021,65.95010000
"HIP 97166 c","HIP 97166",296.2446203,74.0628577,"Radial Velocity",2021,65.95010000
"HIP 97233 b","HIP 97233",296.4221207,-0.6968794,"Radial Velocity",2014,102.27500000
"HIP 98599 b","HIP 98599",300.4090608,-22.1110649,"Radial Velocity",2026,75.94280000
"HIP 99770 b","HIP 99770",303.6338344,36.8066046,"Imaging",2023,40.07650000
"HN Lib b","HN Lib",218.5684823,-12.5170062,"Radial Velocity",2023,6.24442000
"HN Peg b","HN Peg",326.1315705,14.7714524,"Imaging",2006,18.11860000
"HR 2562 b","HR 2562",102.5042716,-60.2486775,"Imaging",2016,34.00710000
"HR 5183 b","HR 5183",206.7357992,6.3498994,"Radial Velocity",2019,31.46070000
"HR 810 b","HR 810",40.6417178,-50.7993484,"Radial Velocity",1999,17.31810000
"HR 858 b","HR 858",42.9849779,-30.8140609,"Transit",2019,31.96400000
"HR 858 c","HR 858",42.9849779,-30.8140609,"Transit",2019,31.96400000
"HR 858 d","HR 858",42.9849779,-30.8140609,"Transit",2019,31.96400000
"HR 8799 b","HR 8799",346.8701486,21.1340376,"Imaging",2008,41.24410000
"HR 8799 c","HR 8799",346.8701486,21.1340376,"Imaging",2008,41.24410000
"HR 8799 d","HR 8799",346.8701486,21.1340376,"Imaging",2008,41.24410000
"HR 8799 e","HR 8799",346.8701486,21.1340376,"Imaging",2010,41.24410000
"HS Psc b","HS Psc",24.3473790,26.9528036,"Radial Velocity",2024,37.66040000
"HU Aqr AB b","HU Aqr",316.9921976,-5.2948694,"Eclipse Timing Variations",2011,192.19807871
"HU Aqr AB c","HU Aqr",316.9921976,-5.2948694,"Eclipse Timing Variations",2011,192.19807871
"IC 4651 9122 b","IC 4651 9122",261.2086139,-49.9489317,"Radial Velocity",2018,859.32400000
"IRAS 04125+2902 b","IRAS 04125+2902",63.9283394,29.1665420,"Transit",2024,159.24400000
"ITG 15 b","ITG 15 A",69.9370379,26.0312128,"Imaging",2024,136.37000000
"K2-10 b","K2-10",172.1216476,1.6906217,"Transit",2015,272.36000000
"K2-100 b","K2-100",129.6010863,20.1060074,"Transit",2016,188.95900000
"K2-101 b","K2-101",130.3439097,18.9338205,"Transit",2016,188.33000000
"K2-102 b","K2-102",130.0558953,19.7787519,"Transit",2016,188.17500000
"K2-104 b","K2-104",129.6366594,19.7737202,"Transit",2016,189.28900000
"K2-105 b","K2-105",125.4202985,13.4975122,"Transit",2017,197.98900000
"K2-107 b","K2-107",284.9853550,-22.2934206,"Transit",2017,685.20000000
"K2-108 b","K2-108",123.3818484,16.4195160,"Transit",2017,477.29500000
"K2-11 b","K2-11",169.0418328,1.9866832,"Transit",2015,329.30900000
"K2-110 b","K2-110",207.3497402,-12.2849182,"Transit",2017,116.47400000
"K2-111 b","K2-111",59.8903081,21.2985263,"Transit",2017,200.39400000
"K2-111 c","K2-111",59.8903081,21.2985263,"Radial Velocity",2020,200.39400000
"K2-113 b","K2-113",19.4493823,6.8688469,"Transit",2017,635.72200000
"K2-114 b","K2-114",127.8829120,11.9222550,"Transit",2017,475.75800000
"K2-115 b","K2-115",126.5535002,12.2818510,"Transit",2017,413.59100000
"K2-116 b","K2-116",336.1523363,-11.5793181,"Transit",2017,49.38550000
"K2-117 b","K2-117",133.8557342,10.4692176,"Transit",2017,101.63200000
"K2-117 c","K2-117",133.8557342,10.4692176,"Transit",2017,101.63200000
"K2-118 b","K2-118",132.1268608,15.6558964,"Transit",2017,321.72200000
"K2-119 b","K2-119",132.0098683,16.9017663,"Transit",2017,365.58100000
"K2-12 b","K2-12",173.1919022,2.2446794,"Transit",2015,326.38100000
"K2-121 b","K2-121",126.9366624,17.5793267,"Transit",2017,169.39800000
"K2-122 b","K2-122",126.4762179,20.3593384,"Transit",2017,72.04440000
"K2-123 b","K2-123",134.4441404,21.4532748,"Transit",2017,161.55500000
"K2-124 b","K2-124",133.6410515,23.1329509,"Transit",2017,140.38500000
"K2-125 b","K2-125",204.1418754,-14.9478195,"Transit",2017,124.15600000
"K2-126 b","K2-126",203.5467021,-13.5769705,"Transit",2017,102.95300000
"K2-127 b","K2-127",207.0782895,-11.5889878,"Transit",2017,709.99900000
"K2-128 b","K2-128",204.4376666,-8.5970858,"Transit",2017,114.63700000
"K2-129 b","K2-129",289.1485491,-25.6463233,"Transit",2017,27.79570000
"K2-13 b","K2-13",170.1554763,2.5027534,"Transit",2015,342.39400000
"K2-130 b","K2-130",290.2705419,-19.6908744,"Transit",2017,118.01100000
"K2-131 b","K2-131",182.7514040,-9.7652392,"Transit",2017,152.50900000
"K2-132 b","K2-132",182.1662666,-8.7472172,"Transit",2017,609.81800000
"K2-133 b","K2-133",70.1493775,25.0098135,"Transit",2017,75.17030000
"K2-133 c","K2-133",70.1493775,25.0098135,"Transit",2017,75.17030000
"K2-133 d","K2-133",70.1493775,25.0098135,"Transit",2017,75.17030000
"K2-133 e","K2-133",70.1493775,25.0098135,"Transit",2019,75.17030000
"K2-136 b","K2-136",67.4128615,22.8825674,"Transit",2017,59.24740000
"K2-136 c","K2-136",67.4128615,22.8825674,"Transit",2017,59.24740000
"K2-136 d","K2-136",67.4128615,22.8825674,"Transit",2017,59.24740000
"K2-137 b","K2-137",186.8704260,-6.1952168,"Transit",2017,98.87650000
"K2-138 b","K2-138",348.9490311,-10.8497391,"Transit",2017,202.58500000
"K2-138 c","K2-138",348.9490311,-10.8497391,"Transit",2017,202.58500000
"K2-138 d","K2-138",348.9490311,-10.8497391,"Transit",2017,202.58500000
"K2-138 e","K2-138",348.9490311,-10.8497391,"Transit",2017,202.58500000
"K2-138 f","K2-138",348.9490311,-10.8497391,"Transit",2017,202.58500000
"K2-138 g","K2-138",348.9490311,-10.8497391,"Transit",2021,202.58500000
"K2-139 b","K2-139",289.0667070,-17.9107147,"Transit",2017,153.85600000
"K2-14 b","K2-14",178.0568745,2.5941222,"Transit",2015,364.04800000
"K2-140 b","K2-140",188.1373172,-9.6076115,"Transit",2017,347.91700000
"K2-141 b","K2-141",350.9170464,-1.1891827,"Transit",2018,61.87360000
"K2-141 c","K2-141",350.9170464,-1.1891827,"Transit",2018,61.87360000
"K2-146 b","K2-146",130.0266951,19.0923416,"Transit",2018,79.30020000
"K2-146 c","K2-146",130.0266951,19.0923416,"Transit",2019,79.30020000
"K2-147 b","K2-147",293.8330329,-28.4984750,"Transit",2018,90.54940000
"K2-148 b","K2-148",14.5176494,-0.1932580,"Transit",2018,124.45800000
"K2-148 c","K2-148",14.5176494,-0.1932580,"Transit",2018,124.45800000
"K2-148 d","K2-148",14.5176494,-0.1932580,"Transit",2018,124.45800000
"K2-149 b","K2-149",9.8217519,7.2769939,"Transit",2018,123.67600000
"K2-15 b","K2-15",178.1105741,4.2546649,"Transit",2015,493.99200000
"K2-150 b","K2-150",18.3443908,8.9874328,"Transit",2018,102.48300000
"K2-151 b","K2-151",19.3047733,9.5012663,"Transit",2018,69.47980000
"K2-152 b","K2-152",181.6324078,-5.8274311,"Transit",2018,108.44900000
"K2-153 b","K2-153",183.8088709,2.0208765,"Transit",2018,143.12500000
"K2-154 b","K2-154",189.0015173,-2.6696217,"Transit",2018,129.35600000
"K2-154 c","K2-154",189.0015173,-2.6696217,"Transit",2018,129.35600000
"K2-155 b","K2-155",65.4696140,21.3532633,"Transit",2018,72.79980000
"K2-155 c","K2-155",65.4696140,21.3532633,"Transit",2018,72.79980000
"K2-155 d","K2-155",65.4696140,21.3532633,"Transit",2018,72.79980000
"K2-156 b","K2-156",182.6996730,-6.2943552,"Transit",2018,150.21000000
"K2-157 b","K2-157",183.7514959,-5.7820178,"Transit",2018,298.37300000
"K2-157 c","K2-157",183.7514959,-5.7820178,"Radial Velocity",2025,298.37300000
"K2-157 d","K2-157",183.7514959,-5.7820178,"Radial Velocity",2025,298.37300000
"K2-158 b","K2-158",179.9397081,-5.7216879,"Transit",2018,197.29900000
"K2-158 c","K2-158",179.9397081,-5.7216879,"Transit",2018,197.29900000
"K2-159 b","K2-159",180.5408896,-3.5809053,"Transit",2018,170.99800000
"K2-16 b","K2-16",175.0972238,4.5574311,"Transit",2015,334.96700000
"K2-16 c","K2-16",175.0972238,4.5574311,"Transit",2015,334.96700000
"K2-160 b","K2-160",184.0545174,-3.5530888,"Transit",2018,315.36300000
"K2-161 b","K2-161",183.7938491,-3.4956913,"Transit",2018,916.31900000
"K2-162 b","K2-162",186.0383865,-1.1114790,"Transit",2018,124.43300000
"K2-163 b","K2-163",182.3292517,-0.5393421,"Transit",2018,208.52900000
"K2-164 b","K2-164",171.9336590,-0.0628488,"Transit",2018,375.67000000
"K2-165 b","K2-165",184.9004881,0.9683270,"Transit",2018,134.59100000
"K2-165 c","K2-165",184.9004881,0.9683270,"Transit",2018,134.59100000
"K2-165 d","K2-165",184.9004881,0.9683270,"Transit",2018,134.59100000
"K2-166 b","K2-166",185.1880932,2.2823788,"Transit",2018,476.88200000
"K2-167 b","K2-167",336.5761233,-18.0116650,"Transit",2018,80.89940000
"K2-168 b","K2-168",333.1100738,-16.3418863,"Transit",2018,243.93500000
"K2-169 b","K2-169",337.0442461,-14.5993376,"Transit",2018,235.86700000
"K2-17 b","K2-17",178.3296746,6.4123178,"Transit",2015,125.10600000
"K2-170 b","K2-170",335.4506923,-14.5933554,"Transit",2018,392.87200000
"K2-170 c","K2-170",335.4506923,-14.5933554,"Transit",2018,392.87200000
"K2-171 b","K2-171",332.3407712,-13.4288624,"Transit",2018,606.12800000
"K2-172 b","K2-172",335.3081368,-12.5569819,"Transit",2018,249.74200000
"K2-172 c","K2-172",335.3081368,-12.5569819,"Transit",2018,249.74200000
"K2-173 b","K2-173",60.3752402,15.6251296,"Transit",2018,228.64100000
"K2-174 b","K2-174",60.7929729,16.3471660,"Transit",2018,99.92930000
"K2-175 b","K2-175",52.5035514,17.5841081,"Transit",2018,247.26600000
"K2-176 b","K2-176",58.2691796,17.9069486,"Transit",2018,247.30200000
"K2-177 b","K2-177",55.2296156,20.7360891,"Transit",2018,492.16700000
"K2-178 b","K2-178",52.8888524,22.4348186,"Transit",2018,214.75300000
"K2-179 b","K2-179",58.7967878,23.7567524,"Transit",2018,190.81000000
"K2-18 b","K2-18",172.5601410,7.5878315,"Transit",2015,38.02660000
"K2-18 c","K2-18",172.5601410,7.5878315,"Radial Velocity",2017,38.02660000
"K2-180 b","K2-180",126.4643579,10.2465770,"Transit",2018,203.89600000
"K2-181 b","K2-181",127.5541103,10.9101444,"Transit",2018,360.91100000
"K2-182 b","K2-182",130.1800460,10.9829509,"Transit",2018,154.83000000
"K2-183 b","K2-183",125.0071770,14.0194586,"Transit",2018,329.04100000
"K2-183 c","K2-183",125.0071770,14.0194586,"Transit",2018,329.04100000
"K2-183 d","K2-183",125.0071770,14.0194586,"Transit",2018,329.04100000
"K2-184 b","K2-184",129.1405227,14.4618826,"Transit",2018,75.58570000
"K2-185 b","K2-185",130.2596625,14.6902225,"Transit",2018,268.35700000
"K2-185 c","K2-185",130.2596625,14.6902225,"Transit",2018,268.35700000
"K2-186 b","K2-186",135.3350487,18.8252879,"Transit",2018,330.73900000
"K2-187 b","K2-187",132.5235618,23.1924709,"Transit",2018,330.91600000
"K2-187 c","K2-187",132.5235618,23.1924709,"Transit",2018,330.91600000
"K2-187 d","K2-187",132.5235618,23.1924709,"Transit",2018,330.91600000
"K2-187 e","K2-187",132.5235618,23.1924709,"Transit",2018,330.91600000
"K2-188 b","K2-188",129.8137008,23.3574367,"Transit",2018,446.82100000
"K2-188 c","K2-188",129.8137008,23.3574367,"Transit",2018,446.82100000
"K2-189 b","K2-189",203.6214411,-15.0365158,"Transit",2018,242.11300000
"K2-189 c","K2-189",203.6214411,-15.0365158,"Transit",2018,242.11300000
"K2-19 b","K2-19",174.9602543,0.6035960,"Transit",2015,289.82700000
"K2-19 c","K2-19",174.9602543,0.6035960,"Transit",2015,289.82700000
"K2-19 d","K2-19",174.9602543,0.6035960,"Transit",2016,289.82700000
"K2-190 b","K2-190",205.3630485,-13.1608686,"Transit",2018,160.67900000
"K2-190 c","K2-190",205.3630485,-13.1608686,"Transit",2018,160.67900000
"K2-191 b","K2-191",201.6391407,-12.8066737,"Transit",2018,287.18800000
"K2-192 b","K2-192",206.5823122,-11.5563527,"Transit",2018,221.75300000
"K2-193 b","K2-193",205.2371043,-11.0093342,"Transit",2018,411.92300000
"K2-194 b","K2-194",204.6089755,-8.9271609,"Transit",2018,629.51000000
"K2-195 b","K2-195",199.8315191,-8.5095364,"Transit",2018,315.01400000
"K2-195 c","K2-195",199.8315191,-8.5095364,"Transit",2018,315.01400000
"K2-196 b","K2-196",200.4562487,-8.4717104,"Transit",2018,584.87700000
"K2-197 b","K2-197",202.3934779,-7.3739779,"Transit",2018,247.63700000
"K2-198 b","K2-198",198.8436817,-6.4649888,"Transit",2018,110.56700000
"K2-198 c","K2-198",198.8436817,-6.4649888,"Transit",2019,110.56700000
"K2-198 d","K2-198",198.8436817,-6.4649888,"Transit",2019,110.56700000
"K2-199 b","K2-199",208.9014508,-6.1360833,"Transit",2018,107.51800000
"K2-199 c","K2-199",208.9014508,-6.1360833,"Transit",2018,107.51800000
"K2-200 b","K2-200",202.2512060,-4.6100532,"Transit",2018,184.13100000
"K2-201 b","K2-201",293.5607117,-23.1312775,"Transit",2018,197.93200000
"K2-201 c","K2-201",293.5607117,-23.1312775,"Transit",2018,197.93200000
"K2-2016-BLG-0005L b","K2-2016-BLG-0005L",269.8798333,-27.6074722,"Microlensing",2023,5200.00000000
"K2-202 b","K2-202",283.2643203,-22.4070553,"Transit",2018,300.39700000
"K2-203 b","K2-203",12.7736909,-1.1958844,"Transit",2018,166.14700000
"K2-204 b","K2-204",17.3825067,-0.5177539,"Transit",2018,577.23500000
"K2-205 b","K2-205",15.2175909,0.4259660,"Transit",2018,405.30100000
"K2-206 b","K2-206",11.2564264,0.5931866,"Transit",2018,244.44300000
"K2-207 b","K2-207",11.6996481,0.6406182,"Transit",2018,363.06400000
"K2-208 b","K2-208",20.7789809,0.8890076,"Transit",2018,256.88700000
"K2-209 b","K2-209",14.6903464,1.3828070,"Transit",2018,76.49860000
"K2-21 b","K2-21",340.3037846,-14.4893256,"Transit",2015,83.64480000
"K2-21 c","K2-21",340.3037846,-14.4893256,"Transit",2015,83.64480000
"K2-210 b","K2-210",17.6412694,1.5784137,"Transit",2018,176.51000000
"K2-211 b","K2-211",21.1061587,1.7049101,"Transit",2018,272.29700000
"K2-212 b","K2-212",18.4241015,3.0970732,"Transit",2018,109.21800000
"K2-213 b","K2-213",13.1403998,3.5077702,"Transit",2018,389.70200000
"K2-214 b","K2-214",14.8759777,4.2277722,"Transit",2018,300.64000000
"K2-215 b","K2-215",18.4700795,6.1238647,"Transit",2018,403.96400000
"K2-216 b","K2-216",11.4802354,6.3470302,"Transit",2018,115.46100000
"K2-217 b","K2-217",11.2983678,6.4815879,"Transit",2018,381.87800000
"K2-218 b","K2-218",12.8096130,6.8464327,"Transit",2018,394.08300000
"K2-219 b","K2-219",12.8452963,8.8675474,"Transit",2018,325.40000000
"K2-219 c","K2-219",12.8452963,8.8675474,"Transit",2018,325.40000000
"K2-219 d","K2-219",12.8452963,8.8675474,"Transit",2018,325.40000000
"K2-22 b","K2-22",169.4827046,2.6190363,"Transit",2015,243.83600000
"K2-220 b","K2-220",12.7700071,9.5167694,"Transit",2018,233.51400000
"K2-221 b","K2-221",16.6550286,10.1897385,"Transit",2018,318.81000000
"K2-222 b","K2-222",16.4625203,11.7537171,"Transit",2018,101.32100000
"K2-223 b","K2-223",185.3061830,-10.2820915,"Transit",2018,198.60400000
"K2-223 c","K2-223",185.3061830,-10.2820915,"Transit",2018,198.60400000
"K2-224 b","K2-224",189.7041426,-10.0605942,"Transit",2018,275.25500000
"K2-224 c","K2-224",189.7041426,-10.0605942,"Transit",2018,275.25500000
"K2-225 b","K2-225",186.5410958,-9.6248232,"Transit",2018,357.77800000
"K2-226 b","K2-226",183.6456643,-9.5626286,"Transit",2018,211.26500000
"K2-227 b","K2-227",190.9484237,-8.4784159,"Transit",2018,187.23400000
"K2-228 b","K2-228",187.2947047,-6.8342028,"Transit",2018,129.46000000
"K2-229 b","K2-229",186.8729195,-6.7218474,"Transit",2018,102.56400000
"K2-229 c","K2-229",186.8729195,-6.7218474,"Transit",2018,102.56400000
"K2-230 b","K2-230",191.3631170,-6.5760510,"Transit",2018,540.77300000
"K2-231 b","K2-231",289.0918242,-15.7712178,"Transit",2018,321.21500000
"K2-232 b","K2-232",73.7667927,18.6543230,"Transit",2018,130.72000000
"K2-233 b","K2-233",230.4799011,-20.2317975,"Transit",2018,67.50620000
"K2-233 c","K2-233",230.4799011,-20.2317975,"Transit",2018,67.50620000
"K2-233 d","K2-233",230.4799011,-20.2317975,"Transit",2018,67.50620000
"K2-237 b","K2-237",253.7688479,-28.7105836,"Transit",2018,314.99500000
"K2-238 b","K2-238",347.7043164,-7.8575592,"Transit",2018,537.96300000
"K2-239 b","K2-239",160.5941265,4.4413751,"Transit",2018,31.08490000
"K2-239 c","K2-239",160.5941265,4.4413751,"Transit",2018,31.08490000
"K2-239 d","K2-239",160.5941265,4.4413751,"Transit",2018,31.08490000
"K2-24 b","K2-24",242.5734559,-24.9906029,"Transit",2016,170.56200000
"K2-24 c","K2-24",242.5734559,-24.9906029,"Transit",2016,170.56200000
"K2-240 b","K2-240",227.8493710,-17.8754464,"Transit",2018,72.91050000
"K2-240 c","K2-240",227.8493710,-17.8754464,"Transit",2018,72.91050000
"K2-241 b","K2-241",181.2386829,-6.8052985,"Transit",2018,149.46400000
"K2-242 b","K2-242",179.8358421,-6.5178542,"Transit",2018,109.23700000
"K2-243 b","K2-243",181.1211419,-4.8991358,"Transit",2018,266.86400000
"K2-243 c","K2-243",181.1211419,-4.8991358,"Transit",2018,266.86400000
"K2-244 b","K2-244",183.4686492,-3.8318097,"Transit",2018,212.90200000
"K2-245 b","K2-245",185.1815630,-1.5909138,"Transit",2018,456.06400000
"K2-246 b","K2-246",181.6296115,-1.1606000,"Transit",2018,703.61600000
"K2-247 b","K2-247",188.8935189,-10.0692793,"Transit",2018,258.11300000
"K2-247 c","K2-247",188.8935189,-10.0692793,"Transit",2018,258.11300000
"K2-248 b","K2-248",182.8173343,-9.4141696,"Transit",2018,406.25400000
"K2-249 b","K2-249",183.3667344,-8.9952309,"Transit",2018,521.71600000
"K2-25 b","K2-25",63.2739346,15.2477027,"Transit",2015,44.95650000
"K2-250 b","K2-250",185.0315429,-8.9757427,"Transit",2018,414.70800000
"K2-251 b","K2-251",190.6892403,-8.5359826,"Transit",2018,147.03000000
"K2-252 b","K2-252",182.3663818,-8.3096141,"Transit",2018,228.83900000
"K2-253 b","K2-253",186.0853062,-6.3789537,"Transit",2018,876.56500000
"K2-254 b","K2-254",185.5507926,-4.7172908,"Transit",2018,227.77500000
"K2-254 c","K2-254",185.5507926,-4.7172908,"Transit",2018,227.77500000
"K2-255 b","K2-255",189.9128532,-3.3705631,"Transit",2018,191.60800000
"K2-257 b","K2-257",188.2782840,-1.9532879,"Transit",2018,64.00650000
"K2-258 b","K2-258",187.6314027,-1.1609171,"Transit",2018,661.87300000
"K2-259 b","K2-259",186.8026947,1.5668631,"Transit",2018,416.45700000
"K2-26 b","K2-26",94.2064312,24.5958335,"Transit",2016,99.05040000
"K2-260 b","K2-260",76.8673317,16.8676948,"Transit",2018,663.83400000
"K2-261 b","K2-261",163.0323119,0.4931670,"Transit",2018,213.28300000
"K2-263 b","K2-263",129.6821253,15.6806039,"Transit",2018,162.48100000
"K2-264 b","K2-264",131.3583524,19.6984010,"Transit",2018,185.60500000
"K2-264 c","K2-264",131.3583524,19.6984010,"Transit",2018,185.60500000
"K2-265 b","K2-265",342.0316493,-14.4947789,"Transit",2018,138.67100000
"K2-266 b","K2-266",157.9356855,0.9372782,"Transit",2018,77.55860000
"K2-266 c","K2-266",157.9356855,0.9372782,"Transit",2018,77.55860000
"K2-266 d","K2-266",157.9356855,0.9372782,"Transit",2018,77.55860000
"K2-266 e","K2-266",157.9356855,0.9372782,"Transit",2018,77.55860000
"K2-268 b","K2-268",133.7094899,11.8482712,"Transit",2018,327.78300000
"K2-268 c","K2-268",133.7094899,11.8482712,"Transit",2018,327.78300000
"K2-268 d","K2-268",133.7094899,11.8482712,"Transit",2021,327.78300000
"K2-268 e","K2-268",133.7094899,11.8482712,"Transit",2021,327.78300000
"K2-268 f","K2-268",133.7094899,11.8482712,"Transit",2021,327.78300000
"K2-269 b","K2-269",130.1551381,13.0146799,"Transit",2018,360.76000000
"K2-27 b","K2-27",171.5151874,1.2306237,"Transit",2016,249.64500000
"K2-270 b","K2-270",131.2665588,13.5497322,"Transit",2018,280.51800000
"K2-270 c","K2-270",131.2665588,13.5497322,"Transit",2018,280.51800000
"K2-271 b","K2-271",125.2239144,16.0907958,"Transit",2018,564.45400000
"K2-272 b","K2-272",132.6211743,17.5423852,"Transit",2018,423.06500000
"K2-273 b","K2-273",129.7768928,19.0100046,"Transit",2018,308.10500000
"K2-274 b","K2-274",129.2823699,20.3992512,"Transit",2018,228.32700000
"K2-275 b","K2-275",132.1698795,20.4550162,"Transit",2018,123.43800000
"K2-275 c","K2-275",132.1698795,20.4550162,"Transit",2018,123.43800000
"K2-276 b","K2-276",125.9528309,22.6339399,"Transit",2018,488.15200000
"K2-277 b","K2-277",202.0161895,-15.9379749,"Transit",2018,113.12300000
"K2-278 b","K2-278",203.3018653,-14.5041057,"Transit",2018,786.43900000
"K2-279 b","K2-279",204.7792935,-6.0417592,"Transit",2018,182.98300000
"K2-28 b","K2-28",335.6233145,-7.9563525,"Transit",2016,62.99690000
"K2-280 b","K2-280",291.5953596,-22.2477071,"Transit",2018,391.53700000
"K2-281 b","K2-281",16.2274724,7.2692169,"Transit",2018,458.13900000
"K2-282 b","K2-282",13.4321524,7.9952914,"Transit",2018,496.28900000
"K2-283 b","K2-283",13.1943679,9.6929181,"Transit",2018,402.91500000
"K2-284 b","K2-284",79.1407971,20.2549034,"Transit",2018,107.27200000
"K2-285 b","K2-285",349.3843458,1.3001522,"Transit",2018,154.96100000
"K2-285 c","K2-285",349.3843458,1.3001522,"Transit",2018,154.96100000
"K2-285 d","K2-285",349.3843458,1.3001522,"Transit",2018,154.96100000
"K2-285 e","K2-285",349.3843458,1.3001522,"Transit",2018,154.96100000
"K2-286 b","K2-286",233.3698192,-16.7737113,"Transit",2018,76.14860000
"K2-287 b","K2-287",233.0743401,-22.3583447,"Transit",2018,158.33500000
"K2-288 B b","K2-288 B",55.4442857,18.2684913,"Transit",2018,65.61380000
"K2-289 b","K2-289",246.6429443,-15.7925384,"Transit",2019,274.30000000
"K2-29 b","K2-29",62.6704220,24.4016558,"Transit",2016,178.47500000
"K2-290 b","K2-290",234.8578846,-20.1988975,"Transit",2019,272.90900000
"K2-290 c","K2-290",234.8578846,-20.1988975,"Transit",2019,272.90900000
"K2-291 b","K2-291",76.4459400,21.5481990,"Transit",2019,90.05620000
"K2-292 b","K2-292",205.3758786,-9.9460704,"Transit",2019,114.29300000
"K2-293 b","K2-293",351.6064952,-6.0279068,"Transit",2019,392.25100000
"K2-294 b","K2-294",352.0516724,-7.6037856,"Transit",2019,373.07800000
"K2-295 b","K2-295",19.6101417,6.8167277,"Transit",2018,232.80100000
"K2-3 b","K2-3",172.3353708,-1.4551364,"Transit",2015,44.07270000
"K2-3 c","K2-3",172.3353708,-1.4551364,"Transit",2015,44.07270000
"K2-3 d","K2-3",172.3353708,-1.4551364,"Transit",2015,44.07270000
"K2-30 b","K2-30",52.3420548,22.2993491,"Transit",2016,333.04200000
"K2-308 b","K2-308",78.3391194,16.4141986,"Transit",2019,1314.53000000
"K2-31 b","K2-31",245.4405531,-23.5482730,"Transit",2016,110.52700000
"K2-312 c","HD 80653",140.3390845,14.3678691,"Radial Velocity",2023,109.86000000
"K2-315 b","K2-315",228.0210932,-20.1081634,"Transit",2020,56.96860000
"K2-316 b","K2-316",233.6247336,-23.2594663,"Transit",2020,112.48600000
"K2-316 c","K2-316",233.6247336,-23.2594663,"Transit",2020,112.48600000
"K2-317 b","K2-317",228.6188638,-21.0227209,"Transit",2020,176.29100000
"K2-318 b","K2-318",232.4461375,-17.5574630,"Transit",2020,147.86600000
"K2-319 b","K2-319",166.8010058,3.0399357,"Transit",2020,209.07100000
"K2-32 b","K2-32",252.4260080,-19.5430504,"Transit",2016,157.68200000
"K2-32 c","K2-32",252.4260080,-19.5430504,"Transit",2016,157.68200000
"K2-32 d","K2-32",252.4260080,-19.5430504,"Transit",2016,157.68200000
"K2-32 e","K2-32",252.4260080,-19.5430504,"Transit",2019,157.68200000
"K2-320 b","K2-320",163.2519122,5.3064776,"Transit",2020,108.74000000
"K2-321 b","K2-321",156.4054989,2.5138829,"Transit",2020,77.68880000
"K2-322 b","K2-322",156.6226981,4.7640203,"Transit",2020,123.41500000
"K2-323 b","K2-323",159.4209874,6.2858689,"Transit",2020,118.31800000
"K2-324 b","K2-324",157.6222171,6.8636732,"Transit",2020,136.66700000
"K2-325 b","K2-325",353.9169507,-7.6867213,"Transit",2020,111.63800000
"K2-326 b","K2-326",351.6122620,1.3375909,"Transit",2020,282.30800000
"K2-329 b","K2-329",351.1353785,-5.1641451,"Transit",2020,233.23700000
"K2-33 b","K2-33",242.5613635,-19.3193831,"Transit",2016,139.26800000
"K2-330 b","K2-330",126.8968265,11.6674131,"Transit",2021,160.12500000
"K2-331 b","K2-331",132.7376431,13.1702690,"Transit",2021,211.43000000
"K2-331 c","K2-331",132.7376431,13.1702690,"Transit",2021,211.43000000
"K2-332 b","K2-332",135.8832666,14.2504994,"Transit",2021,123.20200000
"K2-333 b","K2-333",136.7892752,15.2056765,"Transit",2021,343.99000000
"K2-334 b","K2-334",136.4894259,16.3255146,"Transit",2021,371.82300000
"K2-335 b","K2-335",129.3896679,16.5220648,"Transit",2021,557.99300000
"K2-336 b","K2-336",133.8382032,16.7940663,"Transit",2021,239.28900000
"K2-337 b","K2-337",127.7611370,16.9004702,"Transit",2021,421.63600000
"K2-338 b","K2-338",124.3609294,17.0241557,"Transit",2021,156.95100000
"K2-339 b","K2-339",130.0825420,18.6929046,"Transit",2021,360.36000000
"K2-34 b","K2-34",127.5787231,22.2359194,"Transit",2016,348.64600000
"K2-340 b","K2-340",127.9373409,19.0745863,"Transit",2021,738.13600000
"K2-341 b","K2-341",130.4971951,19.9166357,"Transit",2021,421.40800000
"K2-342 b","K2-342",133.1218996,21.2386816,"Transit",2021,208.35700000
"K2-343 b","K2-343",134.2021746,21.5026882,"Transit",2021,166.16900000
"K2-343 c","K2-343",134.2021746,21.5026882,"Transit",2021,166.16900000
"K2-344 b","K2-344",136.3614923,21.6685886,"Transit",2021,75.16910000
"K2-345 b","K2-345",132.7075876,21.7890367,"Transit",2021,162.40800000
"K2-346 b","K2-346",125.9864854,22.6632260,"Transit",2021,105.58000000
"K2-347 b","K2-347",126.3726821,23.2974061,"Transit",2021,320.33600000
"K2-348 b","K2-348",130.8783479,24.4229559,"Transit",2021,201.85600000
"K2-348 c","K2-348",130.8783479,24.4229559,"Transit",2021,201.85600000
"K2-349 b","K2-349",199.0996546,-14.4447454,"Transit",2021,453.56700000
"K2-35 b","K2-35",170.1031027,1.2858679,"Transit",2016,252.59600000
"K2-35 c","K2-35",170.1031027,1.2858679,"Transit",2016,252.59600000
"K2-350 b","K2-350",204.0355092,-14.0092516,"Transit",2021,489.36800000
"K2-350 c","K2-350",204.0355092,-14.0092516,"Transit",2016,489.36800000
"K2-351 b","K2-351",206.6522408,-11.8049588,"Transit",2021,694.73400000
"K2-352 b","K2-352",140.4451478,18.4696280,"Transit",2021,176.05100000
"K2-352 c","K2-352",140.4451478,18.4696280,"Transit",2021,176.05100000
"K2-352 d","K2-352",140.4451478,18.4696280,"Transit",2021,176.05100000
"K2-353 b","K2-353",201.6168564,-2.2819018,"Transit",2021,268.51500000
"K2-354 b","K2-354",129.1299193,10.1472175,"Transit",2021,91.72200000
"K2-355 b","K2-355",124.6426189,13.5027816,"Transit",2021,500.49700000
"K2-356 b","K2-356",128.3219134,13.6613758,"Transit",2021,355.54000000
"K2-357 b","K2-357",131.9386628,16.3289144,"Transit",2021,517.68700000
"K2-358 b","K2-358",133.8081054,18.9497263,"Transit",2021,480.30700000
"K2-36 b","K2-36",169.4490102,3.8665038,"Transit",2016,109.74900000
"K2-36 c","K2-36",169.4490102,3.8665038,"Transit",2016,109.74900000
"K2-360 c","EPIC 201595106",183.7203635,1.9681688,"Radial Velocity",2024,232.10000000
"K2-365 b","K2-365",238.8197061,-21.0269691,"Transit",2022,187.22200000
"K2-366 b","K2-366",243.6800912,-19.3468837,"Transit",2022,185.94700000
"K2-367 b","K2-367",337.8588454,-13.2644554,"Transit",2022,176.96500000
"K2-368 b","K2-368",332.6357627,-11.1661157,"Transit",2022,206.60800000
"K2-368 c","K2-368",332.6357627,-11.1661157,"Transit",2022,206.60800000
"K2-368 d","K2-368",332.6357627,-11.1661157,"Transit",2022,206.60800000
"K2-369 b","K2-369",329.7262534,-10.8750666,"Transit",2022,185.55000000
"K2-37 b","K2-37",243.4509662,-24.7870527,"Transit",2016,179.94300000
"K2-37 c","K2-37",243.4509662,-24.7870527,"Transit",2016,179.94300000
"K2-37 d","K2-37",243.4509662,-24.7870527,"Transit",2016,179.94300000
"K2-370 b","K2-370",67.8205302,19.8316901,"Transit",2022,144.20200000
"K2-371 b","K2-371",128.0670932,11.6307099,"Transit",2022,442.81300000
"K2-372 b","K2-372",130.7988719,13.0094226,"Transit",2022,463.88000000
"K2-373 b","K2-373",123.1361518,13.6884986,"Transit",2022,229.56700000
"K2-374 b","K2-374",137.3794986,16.3558324,"Transit",2022,359.43900000
"K2-374 c","K2-374",137.3794986,16.3558324,"Transit",2022,359.43900000
"K2-375 b","K2-375",130.5013137,20.3593003,"Transit",2022,696.10000000
"K2-376 b","K2-376",132.7193327,25.0380824,"Transit",2022,161.61000000
"K2-377 b","K2-377",202.8978870,-12.0951142,"Transit",2022,195.14900000
"K2-378 b","K2-378",205.1596569,-11.1172332,"Transit",2022,687.97300000
"K2-379 b","K2-379",283.0317641,-27.1807287,"Transit",2022,182.20700000
"K2-38 b","K2-38",240.0333095,-23.1894196,"Transit",2016,192.69000000
"K2-38 c","K2-38",240.0333095,-23.1894196,"Transit",2016,192.69000000
"K2-380 b","K2-380",283.4346389,-26.5387308,"Transit",2022,249.30300000
"K2-381 b","K2-381",288.0267612,-21.0075789,"Transit",2022,145.70100000
"K2-381 c","K2-381",288.0267612,-21.0075789,"Transit",2022,145.70100000
"K2-381 d","K2-381",288.0267612,-21.0075789,"Transit",2022,145.70100000
"K2-382 b","K2-382",287.4125267,-19.6269336,"Transit",2022,278.41200000
"K2-383 b","K2-383",282.0087650,-18.3795798,"Transit",2022,203.78800000
"K2-384 b","K2-384",20.4998403,0.7509701,"Transit",2022,82.66030000
"K2-384 c","K2-384",20.4998403,0.7509701,"Transit",2022,82.66030000
"K2-384 d","K2-384",20.4998403,0.7509701,"Transit",2022,82.66030000
"K2-384 e","K2-384",20.4998403,0.7509701,"Transit",2022,82.66030000
"K2-384 f","K2-384",20.4998403,0.7509701,"Transit",2022,82.66030000
"K2-385 b","K2-385",12.6140752,5.8712567,"Transit",2022,420.81900000
"K2-386 b","K2-386",18.2999964,7.0130302,"Transit",2022,428.78500000
"K2-387 b","K2-387",19.4418282,11.3684915,"Transit",2022,266.31800000
"K2-388 b","K2-388",352.7139342,-11.0773564,"Transit",2022,290.49500000
"K2-389 b","K2-389",355.6304152,-9.7135814,"Transit",2022,259.20800000
"K2-389 c","K2-389",355.6304152,-9.7135814,"Transit",2022,259.20800000
"K2-39 b","K2-39",338.3682095,-9.0229405,"Transit",2016,307.47000000
"K2-390 b","K2-390",355.7023860,-9.5887124,"Transit",2022,456.12200000
"K2-391 b","K2-391",356.2260152,-7.7015151,"Transit",2022,507.94000000
"K2-392 b","K2-392",354.6499065,-7.4788816,"Transit",2022,406.98500000
"K2-393 b","K2-393",348.5159113,-0.0821031,"Transit",2022,265.91400000
"K2-394 b","K2-394",71.1100020,16.5185817,"Transit",2022,98.01520000
"K2-395 b","K2-395",70.4438684,16.6743415,"Transit",2022,286.72700000
"K2-395 c","K2-395",70.4438684,16.6743415,"Transit",2022,286.72700000
"K2-396 b","K2-396",74.6928607,17.2690562,"Transit",2022,274.86400000
"K2-396 c","K2-396",74.6928607,17.2690562,"Transit",2022,274.86400000
"K2-397 b","K2-397",79.9516586,21.2591617,"Transit",2022,199.35400000
"K2-398 b","K2-398",161.7349738,1.9367044,"Transit",2022,606.99200000
"K2-398 c","K2-398",161.7349738,1.9367044,"Transit",2022,606.99200000
"K2-4 b","K2-4",174.7455392,-3.9055746,"Transit",2015,231.82800000
"K2-400 b","K2-400",154.5110307,3.6969271,"Transit",2022,62.38040000
"K2-401 b","K2-401",154.9876040,3.9548275,"Transit",2022,200.72700000
"K2-402 b","K2-402",161.4519130,6.4193180,"Transit",2022,523.05500000
"K2-403 b","K2-403",164.1893864,9.6739464,"Transit",2022,246.59900000
"K2-404 b","K2-404",160.3249517,12.1911149,"Transit",2022,121.63000000
"K2-405 b","K2-405",164.3759959,12.5356140,"Transit",2022,197.23400000
"K2-406 b","K2-406",230.8872242,-25.3706149,"Transit",2022,85.37510000
"K2-407 b","K2-407",232.5552584,-23.0067371,"Transit",2022,218.37600000
"K2-407 c","K2-407",232.5552584,-23.0067371,"Transit",2022,218.37600000
"K2-408 b","K2-408",227.9168555,-17.6842698,"Transit",2022,162.30600000
"K2-409 b","K2-409",228.4551125,-16.3512966,"Transit",2022,431.03100000
"K2-411 b","K2-411",58.0036310,19.3909877,"Transit",2022,298.21900000
"K2-412 b","K2-412",76.2621295,21.5801620,"Transit",2022,654.08500000
"K2-413 b","K2-413",353.4175668,-7.6120272,"Transit",2022,285.16200000
"K2-413 c","K2-413",353.4175668,-7.6120272,"Transit",2022,285.16200000
"K2-414 b","K2-414",351.6361913,-4.6066569,"Transit",2022,260.03600000
"K2-414 c","K2-414",351.6361913,-4.6066569,"Transit",2022,260.03600000
"K2-415 b","K2-415",137.2015437,11.8622503,"Transit",2023,21.81820000
"K2-416 b","K2-416",349.2211822,-5.2015032,"Transit",2023,120.31100000
"K2-417 b","K2-417",350.1417675,-10.0365901,"Transit",2023,94.04240000
"K2-419 A b","K2-419 A",135.0194934,13.2737056,"Transit",2024,268.68500000
"K2-42 b","K2-42",176.6657559,-5.1720463,"Transit",2016,396.91300000
"K2-43 b","K2-43",169.1170280,-3.9754405,"Transit",2016,182.53600000
"K2-43 c","K2-43",169.1170280,-3.9754405,"Transit",2019,182.53600000
"K2-44 b","K2-44",174.0116610,-2.5209338,"Transit",2016,476.70300000
"K2-45 b","K2-45",169.6327547,-1.7740582,"Transit",2016,495.31700000
"K2-46 b","K2-46",174.2662454,-0.9072100,"Transit",2016,449.23700000
"K2-47 b","K2-47",168.5825696,2.7805614,"Transit",2016,349.88100000
"K2-48 b","K2-48",176.1233077,3.2723812,"Transit",2016,313.76400000
"K2-49 b","K2-49",177.3202331,3.4755183,"Transit",2016,457.12500000
"K2-5 b","K2-5",169.3034598,-1.8778254,"Transit",2015,202.94300000
"K2-5 c","K2-5",169.3034598,-1.8778254,"Transit",2015,202.94300000
"K2-50 b","K2-50",169.4836540,5.9882890,"Transit",2016,257.44300000
"K2-52 b","K2-52",246.6114157,-24.9699462,"Transit",2016,1038.41000000
"K2-53 b","K2-53",244.1419684,-20.4005984,"Transit",2016,138.01800000
"K2-54 b","K2-54",338.0541631,-17.5440636,"Transit",2016,174.95500000
"K2-55 b","K2-55",333.7518786,-17.2508002,"Transit",2016,159.52200000
"K2-57 b","K2-57",342.6918241,-14.0700007,"Transit",2016,264.21300000
"K2-58 b","K2-58",333.8218395,-14.0498570,"Transit",2016,181.74600000
"K2-58 c","K2-58",333.8218395,-14.0498570,"Transit",2016,181.74600000
"K2-58 d","K2-58",333.8218395,-14.0498570,"Transit",2016,181.74600000
"K2-59 b","K2-59",338.9425500,-14.0277270,"Transit",2016,311.31300000
"K2-59 c","K2-59",338.9425500,-14.0277270,"Transit",2016,311.31300000
"K2-6 b","K2-6",178.1921152,-1.1984418,"Transit",2015,316.81900000
"K2-60 b","K2-60",338.6062312,-13.7318044,"Transit",2016,491.87000000
"K2-61 b","K2-61",339.6748444,-13.5600447,"Transit",2016,405.73200000
"K2-62 b","K2-62",334.3645089,-12.1874776,"Transit",2016,112.46700000
"K2-62 c","K2-62",334.3645089,-12.1874776,"Transit",2016,112.46700000
"K2-63 b","K2-63",333.4267738,-12.0663429,"Transit",2016,517.53400000
"K2-63 c","K2-63",333.4267738,-12.0663429,"Transit",2016,517.53400000
"K2-64 b","K2-64",332.4138478,-11.4286687,"Transit",2016,499.89100000
"K2-65 b","K2-65",333.2125206,-10.9261373,"Transit",2016,72.20000000
"K2-66 b","K2-66",331.5266563,-10.7115362,"Transit",2016,513.87700000
"K2-68 b","K2-68",334.0195539,-10.5673649,"Transit",2016,168.65200000
"K2-69 b","K2-69",335.7596816,-10.4886817,"Transit",2016,180.69700000
"K2-7 b","K2-7",167.0937488,-1.0658550,"Transit",2015,738.55300000
"K2-70 b","K2-70",338.4759328,-10.0849917,"Transit",2016,232.96400000
"K2-71 b","K2-71",341.7248656,-9.8816109,"Transit",2016,153.19200000
"K2-72 b","K2-72",334.6227504,-9.6120084,"Transit",2016,66.43210000
"K2-72 c","K2-72",334.6227504,-9.6120084,"Transit",2016,66.43210000
"K2-72 d","K2-72",334.6227504,-9.6120084,"Transit",2016,66.43210000
"K2-72 e","K2-72",334.6227504,-9.6120084,"Transit",2016,66.43210000
"K2-73 b","K2-73",335.0256620,-9.0560881,"Transit",2016,269.18300000
"K2-73 c","K2-73",335.0256620,-9.0560881,"Radial Velocity",2025,269.18300000
"K2-74 b","K2-74",339.9192984,-8.7145697,"Transit",2016,377.82200000
"K2-75 b","K2-75",338.8448960,-7.4698950,"Transit",2016,561.93000000
"K2-75 c","K2-75",338.8448960,-7.4698950,"Transit",2016,561.93000000
"K2-77 b","K2-77",55.2285210,12.5724480,"Transit",2016,141.73100000
"K2-79 b","K2-79",55.2559307,13.5191871,"Transit",2016,256.01100000
"K2-8 b","K2-8",169.7935178,-0.2844389,"Transit",2015,403.51300000
"K2-8 c","K2-8",169.7935178,-0.2844389,"Transit",2016,403.51300000
"K2-80 b","K2-80",59.0374860,13.5590288,"Transit",2016,200.80200000
"K2-80 c","K2-80",59.0374860,13.5590288,"Transit",2016,200.80200000
"K2-80 d","K2-80",59.0374860,13.5590288,"Transit",2018,200.80200000
"K2-81 b","K2-81",57.4854562,14.5020556,"Transit",2016,252.31800000
"K2-83 b","K2-83",59.9013782,15.5587994,"Transit",2016,125.52900000
"K2-83 c","K2-83",59.9013782,15.5587994,"Transit",2016,125.52900000
"K2-84 b","K2-84",55.8093566,16.6344396,"Transit",2016,284.87600000
"K2-84 c","K2-84",55.8093566,16.6344396,"Transit",2016,284.87600000
"K2-85 b","K2-85",59.4648290,18.4649505,"Transit",2016,97.21790000
"K2-86 b","K2-86",51.5531053,18.6355718,"Transit",2016,258.69900000
"K2-87 b","K2-87",66.2363638,18.8273617,"Transit",2016,491.24200000
"K2-88 b","K2-88",54.7514566,19.1199667,"Transit",2016,110.56100000
"K2-89 b","K2-89",57.0671234,20.4594885,"Transit",2016,86.03860000
"K2-9 b","K2-9",176.2637240,0.0054085,"Transit",2015,82.96310000
"K2-90 b","K2-90",59.1527391,22.4724517,"Transit",2016,134.18800000
"K2-90 c","K2-90",59.1527391,22.4724517,"Transit",2016,134.18800000
"K2-91 b","K2-91",63.2182348,24.2047218,"Transit",2016,62.57850000
"K2-95 b","K2-95",129.3625717,18.9766197,"Transit",2016,179.85400000
"K2-97 b","K2-97",127.7628370,10.8475571,"Transit",2016,878.43000000
"K2-98 b","K2-98",126.4882114,11.5110933,"Transit",2016,518.62500000
"K2-99 b","K2-99",208.7737624,-5.4424943,"Transit",2016,519.22900000
"K2-99 c","K2-99",208.7737624,-5.4424943,"Radial Velocity",2022,519.22900000
"KELT-1 b","KELT-1",0.3620995,39.3837953,"Transit",2012,268.43000000
"KELT-10 b","KELT-10",284.5483823,-47.0033072,"Transit",2016,188.40400000
"KELT-11 b","KELT-11",161.7069053,-9.3993646,"Transit",2017,99.15960000
"KELT-12 b","KELT-12",267.6404906,36.5701761,"Transit",2017,368.03000000
"KELT-14 b","KELT-14",108.3014090,-42.4097623,"Transit",2016,250.12100000
"KELT-15 b","KELT-15",117.4149764,-52.1204471,"Transit",2016,324.68300000
"KELT-16 b","KELT-16",314.2685227,31.6610186,"Transit",2017,444.58600000
"KELT-17 b","KELT-17",125.6174070,13.7353093,"Transit",2016,226.50000000
"KELT-18 b","KELT-18",216.5238248,59.4442735,"Transit",2017,321.37600000
"KELT-19 A b","KELT-19 A",111.5095293,7.6157759,"Transit",2017,300.27600000
"KELT-2 A b","KELT-2 A",92.6640226,30.9571333,"Transit",2012,134.05800000
"KELT-20 b","KELT-20",294.6614126,31.2192001,"Transit",2017,136.42600000
"KELT-21 b","KELT-21",304.8000322,32.5810446,"Transit",2018,470.87800000
"KELT-23 A b","KELT-23 A",232.1466406,66.3587097,"Transit",2019,126.26100000
"KELT-24 b","KELT-24",161.9090273,71.6557270,"Transit",2019,96.51730000
"KELT-3 b","KELT-3",148.6431193,40.3879446,"Transit",2013,210.25200000
"KELT-4 A b","KELT-4 A",157.0626200,25.5731366,"Transit",2016,218.05000000
"KELT-6 b","KELT-6",195.9818362,30.6401450,"Transit",2014,240.72600000
"KELT-6 c","KELT-6",195.9818362,30.6401450,"Radial Velocity",2015,240.72600000
"KELT-7 b","KELT-7",78.2955912,33.3179532,"Transit",2015,136.68100000
"KELT-8 b","KELT-8",283.3054489,24.1272483,"Transit",2015,197.57200000
"KELT-9 b","KELT-9",307.8598998,39.9389161,"Transit",2017,204.45500000
"KIC 10001893 b","KIC 10001893",287.3892308,46.9844491,"Orbital Brightness Modulation",2014,1672.94000000
"KIC 10001893 c","KIC 10001893",287.3892308,46.9844491,"Orbital Brightness Modulation",2014,1672.94000000
"KIC 10001893 d","KIC 10001893",287.3892308,46.9844491,"Orbital Brightness Modulation",2014,1672.94000000
"KIC 10068024 b","KIC 10068024",288.8470423,47.0228607,"Orbital Brightness Modulation",2021,721.10500000
"KIC 10525077 b","KIC 10525077",287.3781164,47.7711541,"Transit",2015,1461.15000000
"KIC 3526061 b","KIC 3526061",285.1863974,38.6111112,"Radial Velocity",2022,401.22900000
"KIC 3558849 b","KIC 3558849",294.9498381,38.6051867,"Transit",2015,1215.70000000
"KIC 5437945 b","KIC 5437945",288.4749028,40.6512848,"Transit",2015,1274.01000000
"KIC 5479689 b","KIC 5479689",299.3254983,40.6381229,"Orbital Brightness Modulation",2021,454.95000000
"KIC 7917485 b","KIC 7917485",299.4346094,43.6326069,"Pulsation Timing Variations",2016,1382.89000000
"KIC 8121913 b","KIC 8121913",298.9677981,43.9093780,"Orbital Brightness Modulation",2021,707.30300000
"KIC 8540376 b","KOI-7892",282.3775397,44.6945690,"Transit",2015,1072.30000000
"KIC 8540376 c","KOI-7892",282.3775397,44.6945690,"Transit",2015,1072.30000000
"KIC 9663113 b","KIC 9663113",297.0454037,46.3286653,"Transit",2015,1594.74000000
"KMT-2016-BLG-0212L b","KMT-2016-BLG-0212L",268.4392500,-29.0868889,"Microlensing",2018,6300.00000000
"KMT-2016-BLG-1105L b","KMT-2016-BLG-1105L",266.4472500,-26.2663694,"Microlensing",2023,5080.00000000
"KMT-2016-BLG-1107L b","KMT-2016-BLG-1107L",266.4177500,-26.0318000,"Microlensing",2019,6651.00000000
"KMT-2016-BLG-1337L b","KMT-2016-BLG-1337L",269.1300417,-33.0341889,"Microlensing",2026,6920.00000000
"KMT-2016-BLG-1397L b","KMT-2016-BLG-1397L",272.6646120,-24.8577385,"Microlensing",2018,6600.00000000
"KMT-2016-BLG-1820L b","KMT-2016-BLG-1820L",268.7647400,-29.5169201,"Microlensing",2018,6260.00000000
"KMT-2016-BLG-1836L b","KMT-2016-BLG-1836L",268.2503330,-30.0407500,"Microlensing",2019,7100.00000000
"KMT-2016-BLG-2142L b","KMT-2016-BLG-2142L",268.1120000,-29.3845615,"Microlensing",2018,7010.00000000
"KMT-2016-BLG-2321L b","KMT-2016-BLG-2321L",264.0579167,-25.5248806,"Microlensing",2024,3580.00000000
"KMT-2016-BLG-2364L b","KMT-2016-BLG-2364L",265.7156670,-27.4355611,"Microlensing",2020,6440.00000000
"KMT-2016-BLG-2397L b","KMT-2016-BLG-2397L",266.2125420,-23.2013806,"Microlensing",2020,4880.00000000
"KMT-2016-BLG-2605L b","KMT-2016-BLG-2605L",269.8230833,-26.9820000,"Microlensing",2021,6421.00000000
"KMT-2017-BLG-0165L b","KMT-2017-BLG-0165L",269.6496667,-28.1336694,"Microlensing",2018,4530.00000000
"KMT-2017-BLG-0428L b","KMT-2017-BLG-0428L",271.3852500,-28.4902806,"Microlensing",2023,5400.00000000
"KMT-2017-BLG-0673L b","KMT-2017-BLG-0673L",264.7570417,-33.8080278,"Microlensing",2022,5080.00000000
"KMT-2017-BLG-0849L b","KMT-2017-BLG-0849L",265.3594583,-25.2812194,"Microlensing",2024,7220.00000000
"KMT-2017-BLG-1003L b","KMT-2017-BLG-1003L",265.4115000,-24.3739389,"Microlensing",2023,7090.00000000
"KMT-2017-BLG-1038L b","KMT-2017-BLG-1038L",266.1709170,-25.1430306,"Microlensing",2019,6000.00000000
"KMT-2017-BLG-1057L b","KMT-2017-BLG-1057L",265.4860000,-22.3351111,"Microlensing",2024,6500.00000000
"KMT-2017-BLG-1146L b","KMT-2017-BLG-1146L",269.1058330,-33.1424694,"Microlensing",2019,6500.00000000
"KMT-2017-BLG-1194L b","KMT-2017-BLG-1194L",274.3221250,-25.3239389,"Microlensing",2023,4240.00000000
"KMT-2017-BLG-2197L b","KMT-2017-BLG-2197L",262.6113333,-30.1593111,"Microlensing",2025,7800.00000000
"KMT-2017-BLG-2331L b","KMT-2017-BLG-2331L",264.4072083,-29.4612111,"Microlensing",2024,8030.00000000
"KMT-2017-BLG-2509L b","KMT-2017-BLG-2509L",265.5898750,-26.3171500,"Microlensing",2021,7040.00000000
"KMT-2018-BLG-0029L b","KMT-2018-BLG-0029L",264.4694580,-27.9847000,"Microlensing",2020,3380.00000000
"KMT-2018-BLG-0030L b","KMT-2018-BLG-0030L",264.5166667,-28.0416250,"Microlensing",2022,6480.00000000
"KMT-2018-BLG-0087L b","KMT-2018-BLG-0087L",264.3270000,-27.8320611,"Microlensing",2022,7020.00000000
"KMT-2018-BLG-0247L b","KMT-2018-BLG-0247L",264.5600417,-27.1504111,"Microlensing",2022,6760.00000000
"KMT-2018-BLG-0748L b","KMT-2018-BLG-0748L",267.8745000,-30.6463889,"Microlensing",2020,7300.00000000
"KMT-2018-BLG-0885L b","KMT-2018-BLG-0885L",268.9663333,-28.5133611,"Microlensing",2023,6890.00000000
"KMT-2018-BLG-1025L b","KMT-2018-BLG-1025L",269.8664167,-27.8780611,"Microlensing",2021,6705.00000000
"KMT-2018-BLG-1292L b","KMT-2018-BLG-1292L",263.4275830,-33.5206694,"Microlensing",2020,3460.00000000
"KMT-2018-BLG-1743L b","KMT-2018-BLG-1743L",274.2833750,-26.3596389,"Microlensing",2021,6483.00000000
"KMT-2018-BLG-1976L b","KMT-2018-BLG-1976L",266.3546667,-35.7003306,"Microlensing",2021,5840.00000000
"KMT-2018-BLG-1988L b","KMT-2018-BLG-1988L",265.2825417,-35.5947000,"Microlensing",2022,4150.00000000
"KMT-2018-BLG-1990L b","KMT-2018-BLG-1990L",268.4353750,-22.1525389,"Microlensing",2019,967.00000000
"KMT-2018-BLG-1996L b","KMT-2018-BLG-1996L",268.6785000,-22.8204111,"Microlensing",2021,5910.00000000
"KMT-2018-BLG-2602L b","KMT-2018-BLG-2602L",267.3970417,-21.9762000,"Microlensing",2022,4310.00000000
"KMT-2019-BLG-0253L b","KMT-2019-BLG-0253L",267.8825833,-29.5654722,"Microlensing",2022,4900.00000000
"KMT-2019-BLG-0297L b","KMT-2019-BLG-0297L",270.0632917,-28.9652806,"Microlensing",2023,3090.00000000
"KMT-2019-BLG-0298L b","KMT-2019-BLG-0298L",264.8780000,-27.6381389,"Microlensing",2023,6710.00000000
"KMT-2019-BLG-0335L b","KMT-2019-BLG-0335L",262.8401250,-29.5906889,"Microlensing",2023,7710.00000000
"KMT-2019-BLG-0371L b","KMT-2019-BLG-0371L",268.3839167,-31.5550222,"Microlensing",2021,7010.00000000
"KMT-2019-BLG-0414L b","KMT-2019-BLG-0414L",268.8529167,-21.8955389,"Microlensing",2022,4410.00000000
"KMT-2019-BLG-0578L b","KMT-2019-BLG-0578L",269.4846667,-27.7948611,"Microlensing",2025,7300.00000000
"KMT-2019-BLG-0842L b","KMT-2019-BLG-0842L",268.4584580,-29.8774389,"Microlensing",2020,3320.00000000
"KMT-2019-BLG-0953L b","KMT-2019-BLG-0953L",269.3385833,-28.6746389,"Microlensing",2022,7200.00000000
"KMT-2019-BLG-1042L b","KMT-2019-BLG-1042L",270.5440417,-27.5806694,"Microlensing",2022,6600.00000000
"KMT-2019-BLG-1216L b","KMT-2019-BLG-1216L",268.4806250,-35.1366389,"Microlensing",2023,2740.00000000
"KMT-2019-BLG-1339L b","KMT-2019-BLG-1339L",265.7434170,-25.5739167,"Microlensing",2020,6120.00000000
"KMT-2019-BLG-1367L b","KMT-2019-BLG-1367L",272.4713333,-29.7622111,"Microlensing",2023,4670.00000000
"KMT-2019-BLG-1552L b","KMT-2019-BLG-1552L",269.5957917,-27.5669389,"Microlensing",2022,4600.00000000
"KMT-2019-BLG-1715L b","KMT-2019-BLG-1715L",270.3717083,-28.7771389,"Microlensing",2021,3860.00000000
"KMT-2019-BLG-1806L b","KMT-2019-BLG-1806L",270.5375417,-29.4148889,"Microlensing",2023,6640.00000000
"KMT-2019-BLG-1953L b","KMT-2019-BLG-1953L",269.1162500,-28.2011111,"Microlensing",2020,7040.00000000
"KMT-2019-BLG-2783L b","KMT-2019-BLG-2783L",269.2919167,-33.7885194,"Microlensing",2023,5910.00000000
"KMT-2019-BLG-2974L b","KMT-2019-BLG-2974L",267.8520833,-29.4231611,"Microlensing",2022,6100.00000000
"KMT-2020-BLG-0202L b","KMT-2020-BLG-0202L",267.0404583,-24.4744500,"Microlensing",2026,3840.00000000
"KMT-2020-BLG-0414L b","KMT-2020-BLG-0414L",271.9150000,-28.4852222,"Microlensing",2021,1220.00000000
"KMT-2020-BLG-0414L c","KMT-2020-BLG-0414L",271.9150000,-28.4852222,"Microlensing",2021,1220.00000000
"KMT-2021-BLG-0119L b","KMT-2021-BLG-0119L",274.0005417,-29.7438889,"Microlensing",2022,3130.00000000
"KMT-2021-BLG-0171L b","KMT-2021-BLG-0171L",269.2416667,-30.0930556,"Microlensing",2022,4600.00000000
"KMT-2021-BLG-0192L b","KMT-2021-BLG-0192L",268.1049583,-30.0086889,"Microlensing",2022,5120.00000000
"KMT-2021-BLG-0240L b","KMT-2021-BLG-0240L",267.5772917,-30.0049694,"Microlensing",2022,6600.00000000
"KMT-2021-BLG-0320L b","KMT-2021-BLG-0320L",269.3881250,-30.5039389,"Microlensing",2022,6950.00000000
"KMT-2021-BLG-0322L b","KMT-2021-BLG-0322L",270.9116667,-29.6043889,"Microlensing",2021,6600.00000000
"KMT-2021-BLG-0712L b","KMT-2021-BLG-0712L",269.2856667,-31.1844694,"Microlensing",2023,3090.00000000
"KMT-2021-BLG-0736L b","KMT-2021-BLG-0736L",268.3225833,-29.7124194,"Microlensing",2025,7000.00000000
"KMT-2021-BLG-0748L b","KMT-2021-BLG-0748L",272.4213333,-25.7465806,"Microlensing",2022,6090.00000000
"KMT-2021-BLG-0852L b","KMT-2021-BLG-0852L",265.8311667,-33.8918389,"Microlensing",2026,7230.00000000
"KMT-2021-BLG-0909L b","KMT-2021-BLG-0909L",265.6202083,-27.6391389,"Microlensing",2023,6480.00000000
"KMT-2021-BLG-0912L b","KMT-2021-BLG-0912L",269.8211667,-31.9976389,"Microlensing",2022,5560.00000000
"KMT-2021-BLG-1077L b","KMT-2021-BLG-1077L",266.4891250,-33.8428111,"Microlensing",2022,8240.00000000
"KMT-2021-BLG-1077L c","KMT-2021-BLG-1077L",266.4891250,-33.8428111,"Microlensing",2022,8240.00000000
"KMT-2021-BLG-1105L b","KMT-2021-BLG-1105L",265.7322500,-25.5089111,"Microlensing",2023,4540.00000000
"KMT-2021-BLG-1150L b","KMT-2021-BLG-1150L",268.7901250,-31.3133306,"Microlensing",2023,3800.00000000
"KMT-2021-BLG-1253L b","KMT-2021-BLG-1253L",267.6172083,-29.2792806,"Microlensing",2022,6640.00000000
"KMT-2021-BLG-1303L b","KMT-2021-BLG-1303L",271.8638750,-29.2815806,"Microlensing",2022,6280.00000000
"KMT-2021-BLG-1372L b","KMT-2021-BLG-1372L",264.4885417,-28.1483889,"Microlensing",2022,5970.00000000
"KMT-2021-BLG-1391L b","KMT-2021-BLG-1391L",270.6835833,-28.0605000,"Microlensing",2022,5720.00000000
"KMT-2021-BLG-1547L b","KMT-2021-BLG-1547L",272.3995833,-29.0839389,"Microlensing",2023,5070.00000000
"KMT-2021-BLG-1554L b","KMT-2021-BLG-1554L",267.8034167,-31.8643611,"Microlensing",2022,7680.00000000
"KMT-2021-BLG-1689L b","KMT-2021-BLG-1689L",269.5791667,-30.1452778,"Microlensing",2022,7200.00000000
"KMT-2021-BLG-1770L b","KMT-2021-BLG-1770L",270.4399583,-27.4186694,"Microlensing",2023,6920.00000000
"KMT-2021-BLG-1898L b","KMT-2021-BLG-1898L",265.6918750,-27.3758389,"Microlensing",2022,6900.00000000
"KMT-2021-BLG-2010L b","KMT-2021-BLG-2010L",268.0085000,-32.2697500,"Microlensing",2023,7090.00000000
"KMT-2021-BLG-2294L b","KMT-2021-BLG-2294L",270.0624167,-28.6124389,"Microlensing",2022,6800.00000000
"KMT-2021-BLG-2478L b","KMT-2021-BLG-2478L",269.3092083,-29.1019694,"Microlensing",2023,2970.00000000
"KMT-2021-BLG-2609L b","KMT-2021-BLG-2609L",263.5188750,-27.5969389,"Microlensing",2024,7480.00000000
"KMT-2022-BLG-0303L b","KMT-2022-BLG-0303L",268.0331250,-22.6890806,"Microlensing",2024,6570.00000000
"KMT-2022-BLG-0371L b","KMT-2022-BLG-0371L",265.3619167,-34.6986694,"Microlensing",2023,7140.00000000
"KMT-2022-BLG-0440L b","KMT-2022-BLG-0440L",269.5835833,-32.2953056,"Microlensing",2023,3500.00000000
"KMT-2022-BLG-1013L b","KMT-2022-BLG-1013L",264.7092500,-28.3556694,"Microlensing",2023,7710.00000000
"KMT-2022-BLG-1551L b","KMT-2022-BLG-1551L",265.2537500,-27.5518806,"Microlensing",2026,6900.00000000
"KMT-2022-BLG-1790L b","KMT-2022-BLG-1790L",271.0562500,-27.0347500,"Microlensing",2025,6480.00000000
"KMT-2022-BLG-1818L b","KMT-2022-BLG-1818L",270.7986250,-27.4811111,"Microlensing",2026,5300.00000000
"KMT-2022-BLG-1818L c","KMT-2022-BLG-1818L",270.7986250,-27.4811111,"Microlensing",2026,5300.00000000
"KMT-2022-BLG-2076L b","KMT-2022-BLG-2076L",268.0511250,-29.0279306,"Microlensing",2025,5570.00000000
"KMT-2022-BLG-2286L b","KMT-2022-BLG-2286L",269.1652500,-28.8549194,"Microlensing",2024,7320.00000000
"KMT-2023-BLG-0119L b","KMT-2023-BLG-0119L",266.8150417,-34.5721889,"Microlensing",2025,5410.00000000
"KMT-2023-BLG-0332L b","KMT-2023-BLG-0332L",270.8901250,-27.2223889,"Microlensing",2026,6500.00000000
"KMT-2023-BLG-0416L b","KMT-2023-BLG-0416L",266.3240417,-25.0794889,"Microlensing",2024,5900.00000000
"KMT-2023-BLG-0466L b","KMT-2023-BLG-0466L",270.6100000,-33.0029694,"Microlensing",2026,6800.00000000
"KMT-2023-BLG-0469L b","KMT-2023-BLG-0469L",269.4067917,-28.7150611,"Microlensing",2024,7070.00000000
"KMT-2023-BLG-0548L b","KMT-2023-BLG-0548L",270.3476250,-27.1067500,"Microlensing",2025,6830.00000000
"KMT-2023-BLG-0735L b","KMT-2023-BLG-0735L",267.5759583,-29.2029194,"Microlensing",2024,6390.00000000
"KMT-2023-BLG-0830L b","KMT-2023-BLG-0830L",271.6579583,-28.3323111,"Microlensing",2025,7250.00000000
"KMT-2023-BLG-0949L b","KMT-2023-BLG-0949L",263.4194167,-28.0914611,"Microlensing",2025,6060.00000000
"KMT-2023-BLG-1431L b","KMT-2023-BLG-1431L",271.1835417,-29.7439194,"Microlensing",2024,6800.00000000
"KMT-2023-BLG-1454L b","KMT-2023-BLG-1454L",267.6200833,-29.6227500,"Microlensing",2024,7220.00000000
"KMT-2023-BLG-1592L b","KMT-2023-BLG-1592L",268.6786667,-29.0084194,"Microlensing",2026,7200.00000000
"KMT-2023-BLG-1642L b","KMT-2023-BLG-1642L",261.3660000,-29.0584694,"Microlensing",2024,6980.00000000
"KMT-2023-BLG-1743L b","KMT-2023-BLG-1743L",269.1652500,-28.8549194,"Microlensing",2024,7130.00000000
"KMT-2023-BLG-1866L b","KMT-2023-BLG-1866L",273.4822500,-28.4473889,"Microlensing",2024,6210.00000000
"KMT-2023-BLG-1896L b","KMT-2023-BLG-1896L",271.0317500,-26.9589194,"Microlensing",2025,5490.00000000
"KMT-2023-BLG-2209L b","KMT-2023-BLG-2209L",268.9942083,-29.3056694,"Microlensing",2025,5570.00000000
"KMT-2024-BLG-0176L b","KMT-2024-BLG-0176L",266.5324583,-34.2105806,"Microlensing",2026,8340.00000000
"KMT-2024-BLG-0349L b","KMT-2024-BLG-0349L",261.3715417,-30.2470194,"Microlensing",2026,5750.00000000
"KMT-2024-BLG-0404L b","KMT-2024-BLG-0404L",271.1470833,-27.9535000,"Microlensing",2025,7210.00000000
"KMT-2024-BLG-0404L c","KMT-2024-BLG-0404L",271.1470833,-27.9535000,"Microlensing",2025,7210.00000000
"KMT-2024-BLG-1005L b","KMT-2024-BLG-1005L",269.8055833,-28.7557806,"Microlensing",2025,6950.00000000
"KMT-2024-BLG-1044L b","KMT-2024-BLG-1044L",271.5640000,-27.5925806,"Microlensing",2024,7140.00000000
"KMT-2024-BLG-1209L b","KMT-2024-BLG-1209L",261.6129583,-28.1205611,"Microlensing",2025,3930.00000000
"KMT-2024-BLG-1281L b","KMT-2024-BLG-1281L",270.1693750,-32.7142500,"Microlensing",2025,7180.00000000
"KMT-2024-BLG-1870L b","KMT-2024-BLG-1870L",272.4653333,-26.8828889,"Microlensing",2026,5480.00000000
"KMT-2024-BLG-2005L b","KMT-2024-BLG-2005L",268.4080833,-28.9009806,"Microlensing",2026,7720.00000000
"KMT-2024-BLG-2059L b","KMT-2024-BLG-2059L",270.9297500,-28.5681889,"Microlensing",2025,6070.00000000
"KMT-2024-BLG-2087L b","KMT-2024-BLG-2087L",268.4500417,-29.2631889,"Microlensing",2026,7190.00000000
"KMT-2024-BLG-2242L b","KMT-2024-BLG-2242L",268.4150000,-29.5603111,"Microlensing",2025,7620.00000000
"KMT-2025-BLG-0121L b","KMT-2025-BLG-0121L",267.1583750,-23.9988000,"Microlensing",2026,6200.00000000
"KMT-2025-BLG-0481L b","KMT-2025-BLG-0481L",265.3560000,-34.3717500,"Microlensing",2026,7980.00000000
"KMT-2025-BLG-1616L b","KMT-2025-BLG-1616L",267.7788750,-30.1391111,"Microlensing",2026,7500.00000000
"KOBE-1 b","KOBE-1",19.1660378,25.3310358,"Radial Velocity",2025,23.97180000
"KOBE-1 c","KOBE-1",19.1660378,25.3310358,"Radial Velocity",2025,23.97180000
"KOI-12 b","KOI-12",297.4537402,41.0110188,"Transit",2015,399.39800000
"KOI-1257 b","KOI-1257",291.2250888,44.9272918,"Transit",2014,656.00000000
"KOI-13 b","KOI-13",286.9713876,46.8682463,"Transit",2011,519.09600000
"KOI-134 b","KOI-134",295.5865980,45.3649371,"Transit",2025,1159.21000000
"KOI-134 c","KOI-134",295.5865980,45.3649371,"Transit Timing Variations",2025,1159.21000000
"KOI-142 b","KOI-142",291.1481028,40.6694130,"Transit",2013,376.86300000
"KOI-142 c","KOI-142",291.1481028,40.6694130,"Transit Timing Variations",2013,376.86300000
"KOI-1599.01","KOI-1599",298.3738383,40.6184483,"Transit",2019,1131.64000000
"KOI-1599.02","KOI-1599",298.3738383,40.6184483,"Transit",2019,1131.64000000
"KOI-1783.01","KOI-1783",289.3414629,46.9881550,"Transit",2020,865.73000000
"KOI-1783.02","KOI-1783",289.3414629,46.9881550,"Transit",2020,865.73000000
"KOI-1831 d","Kepler-324",286.4714473,49.6490933,"Transit",2018,501.57400000
"KOI-1833 d","Kepler-968",285.6025889,50.1120401,"Transit",2021,290.32400000
"KOI-1843.03","Kepler-974",285.0131082,40.2209547,"Transit",2013,134.31100000
"KOI-217 b","KOI-217",294.8654667,46.2858128,"Transit",2010,914.69900000
"KOI-2513.01","KOI-2513",293.6688776,46.3792321,"Transit",2023,1369.87000000
"KOI-3503 b","KOI-3503",293.1507654,41.7291532,"Transit",2021,887.06400000
"KOI-3503 c","KOI-3503",293.1507654,41.7291532,"Transit",2021,887.06400000
"KOI-351 b","KOI-351",284.4334642,49.3051239,"Transit",2013,848.25400000
"KOI-351 c","KOI-351",284.4334642,49.3051239,"Transit",2013,848.25400000
"KOI-351 d","KOI-351",284.4334642,49.3051239,"Transit",2013,848.25400000
"KOI-351 e","KOI-351",284.4334642,49.3051239,"Transit",2013,848.25400000
"KOI-351 f","KOI-351",284.4334642,49.3051239,"Transit",2013,848.25400000
"KOI-351 g","KOI-351",284.4334642,49.3051239,"Transit",2013,848.25400000
"KOI-351 h","KOI-351",284.4334642,49.3051239,"Transit",2013,848.25400000
"KOI-3680 b","KOI-3680",293.2815266,45.3096572,"Transit",2018,921.98600000
"KOI-4777.01","KOI-4777",287.2621474,42.0322257,"Transit",2022,172.24500000
"KOI-4978 b","KOI-4978",286.5907635,38.5582993,"Transit",2024,936.34100000
"KOI-55 b","KOI-55",296.3561853,41.0927315,"Orbital Brightness Modulation",2011,1231.02000000
"KOI-55 c","KOI-55",296.3561853,41.0927315,"Orbital Brightness Modulation",2011,1231.02000000
"KOI-7368 b","KOI-7368",293.9476365,48.0652589,"Transit",2022,264.99500000
"KOI-7913 b","KOI-7913 A",286.7485252,45.1587234,"Transit",2022,271.27700000
"KOI-94 b","KOI-94",297.3330716,41.8911186,"Transit",2013,477.05200000
"KOI-94 c","KOI-94",297.3330716,41.8911186,"Transit",2013,477.05200000
"KOI-94 d","KOI-94",297.3330716,41.8911186,"Transit",2013,477.05200000
"KOI-94 e","KOI-94",297.3330716,41.8911186,"Transit",2013,477.05200000
"KOI-984 b","KOI-984",291.0489438,36.8400772,"Transit",2022,252.66700000
"KOI-984 c","KOI-984",291.0489438,36.8400772,"Transit Timing Variations",2022,252.66700000
"KOINTREAU-1 b","XEST 17-036",68.3592880,22.7580560,"Imaging",2026,158.61800000
"KOINTREAU-3 b","ISO-Oph 96",246.7687845,-24.7166830,"Imaging",2026,140.56300000
"KOINTREAU-4 b","2MASS J16262785-2625152",246.6160467,-26.4209954,"Imaging",2026,145.43400000
"KPS-1 b","KPS-1",165.1671980,64.9638452,"Transit",2018,262.70600000
"Kapteyn c","Kapteyn",77.9586613,-45.0430198,"Radial Velocity",2014,3.93305000
"Kepler-10 b","Kepler-10",285.6792980,50.2414842,"Transit",2011,185.50600000
"Kepler-10 c","Kepler-10",285.6792980,50.2414842,"Transit",2011,185.50600000
"Kepler-10 d","Kepler-10",285.6792980,50.2414842,"Radial Velocity",2023,185.50600000
"Kepler-100 b","Kepler-100",291.3861294,41.9901394,"Transit",2014,304.64500000
"Kepler-100 c","Kepler-100",291.3861294,41.9901394,"Transit",2014,304.64500000
"Kepler-100 d","Kepler-100",291.3861294,41.9901394,"Transit",2014,304.64500000
"Kepler-100 e","Kepler-100",291.3861294,41.9901394,"Radial Velocity",2023,304.64500000
"Kepler-1000 b","Kepler-1000",286.6854729,47.0981948,"Transit",2016,1115.62000000
"Kepler-1001 b","Kepler-1001",286.2739151,48.6186972,"Transit",2016,928.97800000
"Kepler-1001 c","Kepler-1001",286.2739151,48.6186972,"Transit",2020,928.97800000
"Kepler-1002 b","Kepler-1002",293.0794629,43.0736770,"Transit",2016,408.30300000
"Kepler-1003 b","Kepler-1003",292.0204349,44.8762427,"Transit",2016,941.90200000
"Kepler-1004 b","Kepler-1004",297.3593427,49.7975464,"Transit",2016,1152.68000000
"Kepler-1005 b","Kepler-1005",286.2858998,43.3205085,"Transit",2016,567.80600000
"Kepler-1006 b","Kepler-1006",295.7542063,42.5373065,"Transit",2016,1081.73800000
"Kepler-1007 b","Kepler-1007",295.9065297,45.8090893,"Transit",2016,365.00000000
"Kepler-1008 b","Kepler-1008",296.5476395,44.9418307,"Transit",2016,282.56500000
"Kepler-1009 b","Kepler-1009",282.8598614,42.6658336,"Transit",2016,355.01900000
"Kepler-101 b","Kepler-101",283.2555070,48.3552474,"Transit",2014,927.98100000
"Kepler-101 c","Kepler-101",283.2555070,48.3552474,"Transit",2014,927.98100000
"Kepler-1010 b","Kepler-1010",289.1926026,44.1493165,"Transit",2016,579.27300000
"Kepler-1011 b","Kepler-1011",297.4015491,46.8239976,"Transit",2016,736.77900000
"Kepler-1012 b","Kepler-1012",289.2962253,46.4579889,"Transit",2016,411.07700000
"Kepler-1013 b","Kepler-1013",290.2481023,44.4352935,"Transit",2016,422.24600000
"Kepler-1014 b","Kepler-1014",285.1219875,44.1105331,"Transit",2016,624.80000000
"Kepler-1015 b","Kepler-1015",292.7573088,43.4268439,"Transit",2016,739.35700000
"Kepler-1016 b","Kepler-1016",294.6136890,45.9846265,"Transit",2016,1402.82000000
"Kepler-1016 c","Kepler-1016",294.6136890,45.9846265,"Transit",2016,1402.82000000
"Kepler-1017 b","Kepler-1017",283.4692990,40.1325185,"Transit",2016,552.05800000
"Kepler-1018 b","Kepler-1018",283.5967317,45.4078654,"Transit",2016,1010.01000000
"Kepler-1019 b","Kepler-1019",283.7175909,47.2043818,"Transit",2016,194.18200000
"Kepler-102 b","Kepler-102",281.4824731,47.2078263,"Transit",2014,107.79600000
"Kepler-102 c","Kepler-102",281.4824731,47.2078263,"Transit",2014,107.79600000
"Kepler-102 d","Kepler-102",281.4824731,47.2078263,"Transit",2014,107.79600000
"Kepler-102 e","Kepler-102",281.4824731,47.2078263,"Transit",2013,107.79600000
"Kepler-102 f","Kepler-102",281.4824731,47.2078263,"Transit",2014,107.79600000
"Kepler-1020 b","Kepler-1020",292.6724710,46.3772776,"Transit",2016,415.35800000
"Kepler-1021 b","Kepler-1021",295.2048999,42.5596699,"Transit",2016,810.08200000
"Kepler-1022 b","Kepler-1022",289.3520595,46.9736345,"Transit",2016,420.04200000
"Kepler-1023 b","Kepler-1023",289.0297232,49.7697034,"Transit",2016,694.17500000
"Kepler-1024 b","Kepler-1024",291.9510277,38.2516419,"Transit",2016,1087.40000000
"Kepler-1025 b","Kepler-1025",284.5102140,43.9615628,"Transit",2016,803.77600000
"Kepler-1026 b","Kepler-1026",283.6053012,39.9979286,"Transit",2016,351.23900000
"Kepler-1027 b","Kepler-1027",287.5711746,42.8138159,"Transit",2016,405.10400000
"Kepler-1028 b","Kepler-1028",289.5931004,49.7812447,"Transit",2016,607.91600000
"Kepler-1029 b","Kepler-1029",292.1328738,41.5474786,"Transit",2016,366.65600000
"Kepler-103 b","Kepler-103",288.9845512,40.0644857,"Transit",2014,494.83200000
"Kepler-103 c","Kepler-103",288.9845512,40.0644857,"Transit",2014,494.83200000
"Kepler-1030 b","Kepler-1030",293.6819098,45.8175241,"Transit",2016,758.70200000
"Kepler-1031 b","Kepler-1031",296.0898796,48.9554121,"Transit",2016,682.88200000
"Kepler-1032 b","Kepler-1032",289.9308779,40.0977109,"Transit",2016,673.01000000
"Kepler-1033 b","Kepler-1033",283.8450963,44.6090251,"Transit",2016,1455.50000000
"Kepler-1034 b","Kepler-1034",286.1154093,37.9669464,"Transit",2016,654.54900000
"Kepler-1035 b","Kepler-1035",289.0422430,42.8824991,"Transit",2016,562.11600000
"Kepler-1036 b","Kepler-1036",295.1817093,49.9458172,"Transit",2016,489.43500000
"Kepler-1037 b","Kepler-1037",296.3410342,47.1709335,"Transit",2016,446.91400000
"Kepler-1038 b","Kepler-1038",298.9721472,44.1323499,"Transit",2016,584.13600000
"Kepler-1038 c","Kepler-1038",298.9721472,44.1323499,"Transit",2021,584.13600000
"Kepler-1039 b","Kepler-1039",298.3266169,45.3154212,"Transit",2016,306.91000000
"Kepler-104 b","Kepler-104",287.6046621,42.1665104,"Transit",2014,400.78500000
"Kepler-104 c","Kepler-104",287.6046621,42.1665104,"Transit",2014,400.78500000
"Kepler-104 d","Kepler-104",287.6046621,42.1665104,"Transit",2014,400.78500000
"Kepler-1040 b","Kepler-1040",283.1137663,48.1312774,"Transit",2016,482.11900000
"Kepler-1041 b","Kepler-1041",293.8817361,49.6831419,"Transit",2016,1485.82000000
"Kepler-1042 b","Kepler-1042",288.6689428,39.8239935,"Transit",2016,659.00000000
"Kepler-1043 b","Kepler-1043",281.6629579,47.5685927,"Transit",2016,903.33200000
"Kepler-1044 b","Kepler-1044",293.1444017,46.6662155,"Transit",2016,1278.96000000
"Kepler-1045 b","Kepler-1045",284.1832668,45.0740897,"Transit",2016,942.48500000
"Kepler-1046 b","Kepler-1046",296.7558056,46.9982799,"Transit",2016,721.53400000
"Kepler-1047 b","Kepler-1047",288.6462564,50.7889645,"Transit",2016,817.64700000
"Kepler-1047 c","Kepler-1047",288.6462564,50.7889645,"Transit",2016,817.64700000
"Kepler-1048 b","Kepler-1048",281.8983042,42.1657112,"Transit",2016,556.00600000
"Kepler-1049 b","Kepler-1049",287.3469567,47.7729078,"Transit",2016,162.00600000
"Kepler-105 b","Kepler-105",287.8872376,46.2761224,"Transit",2013,459.22300000
"Kepler-105 c","Kepler-105",287.8872376,46.2761224,"Transit",2014,459.22300000
"Kepler-1050 b","Kepler-1050",282.9249847,48.6264015,"Transit",2016,490.48800000
"Kepler-1050 c","Kepler-1050",282.9249847,48.6264015,"Transit",2016,490.48800000
"Kepler-1051 b","Kepler-1051",295.1581062,40.8988186,"Transit",2016,829.34300000
"Kepler-1052 b","Kepler-1052",295.3427300,46.6022134,"Transit",2016,943.44400000
"Kepler-1052 c","Kepler-1052",295.3427300,46.6022134,"Transit",2023,943.44400000
"Kepler-1053 b","Kepler-1053",291.4186349,39.1273664,"Transit",2016,151.12900000
"Kepler-1054 b","Kepler-1054",290.6011085,44.5563604,"Transit",2016,1090.51000000
"Kepler-1055 b","Kepler-1055",290.4867838,44.9325410,"Transit",2016,389.39700000
"Kepler-1056 b","Kepler-1056",299.5259832,46.8992561,"Transit",2016,982.51000000
"Kepler-1057 b","Kepler-1057",297.4521311,41.5580816,"Transit",2016,1201.82000000
"Kepler-1058 b","Kepler-1058",294.5956256,45.8750556,"Transit",2016,491.99700000
"Kepler-1059 b","Kepler-1059",289.2202147,41.7064385,"Transit",2016,713.16700000
"Kepler-106 b","Kepler-106",300.8640060,44.3375497,"Transit",2014,444.32200000
"Kepler-106 c","Kepler-106",300.8640060,44.3375497,"Transit",2014,444.32200000
"Kepler-106 d","Kepler-106",300.8640060,44.3375497,"Transit",2014,444.32200000
"Kepler-106 e","Kepler-106",300.8640060,44.3375497,"Transit",2014,444.32200000
"Kepler-1060 b","Kepler-1060",286.0252285,39.6309204,"Transit",2016,946.56500000
"Kepler-1061 b","Kepler-1061",296.2300306,50.2752091,"Transit",2016,543.37500000
"Kepler-1062 b","Kepler-1062",283.8994187,41.2215940,"Transit",2016,397.45500000
"Kepler-1063 b","Kepler-1063",290.5267975,38.1428283,"Transit",2016,343.22600000
"Kepler-1064 b","Kepler-1064",291.7415821,37.6888103,"Transit",2016,374.00000000
"Kepler-1065 b","Kepler-1065",294.5113190,38.7904648,"Transit",2016,1122.48000000
"Kepler-1065 c","Kepler-1065",294.5113190,38.7904648,"Transit",2016,1122.48000000
"Kepler-1066 b","Kepler-1066",298.8666210,46.5022325,"Transit",2016,344.25100000
"Kepler-1067 b","Kepler-1067",285.3873706,45.0490265,"Transit",2016,667.69300000
"Kepler-1067 c","Kepler-1067",285.3873706,45.0490265,"Transit",2021,667.69300000
"Kepler-1068 b","Kepler-1068",294.6481708,46.3923173,"Transit",2016,1473.61000000
"Kepler-1069 b","Kepler-1069",290.9792378,47.9889097,"Transit",2016,695.96700000
"Kepler-107 b","Kepler-107",297.0281620,48.2086019,"Transit",2014,525.99700000
"Kepler-107 c","Kepler-107",297.0281620,48.2086019,"Transit",2014,525.99700000
"Kepler-107 d","Kepler-107",297.0281620,48.2086019,"Transit",2014,525.99700000
"Kepler-107 e","Kepler-107",297.0281620,48.2086019,"Transit",2014,525.99700000
"Kepler-1070 b","Kepler-1070",293.1953923,49.3165410,"Transit",2016,939.00100000
"Kepler-1071 b","Kepler-1071",293.0579794,45.2487472,"Transit",2016,1042.27000000
"Kepler-1072 b","Kepler-1072",292.0443891,46.3289723,"Transit",2016,982.71600000
"Kepler-1073 b","Kepler-1073",294.1527259,38.2330886,"Transit",2016,809.89700000
"Kepler-1073 c","Kepler-1073",294.1527259,38.2330886,"Transit",2016,809.89700000
"Kepler-1073 d","Kepler-1073",294.1527259,38.2330886,"Transit",2021,809.89700000
"Kepler-1074 b","Kepler-1074",284.4766869,46.2526781,"Transit",2016,250.81700000
"Kepler-1075 b","Kepler-1075",287.5011404,47.4691157,"Transit",2016,291.27500000
"Kepler-1076 b","Kepler-1076",287.5902594,51.0606047,"Transit",2016,199.00000000
"Kepler-1077 b","Kepler-1077",291.0336333,42.2678448,"Transit",2016,1101.42000000
"Kepler-1078 b","Kepler-1078",293.2005664,43.0500379,"Transit",2016,2481.71000000
"Kepler-1079 b","Kepler-1079",299.5495794,45.7696769,"Transit",2016,591.09800000
"Kepler-108 b","Kepler-108",294.5589885,46.0623952,"Transit",2014,338.73200000
"Kepler-108 c","Kepler-108",294.5589885,46.0623952,"Transit",2014,338.73200000
"Kepler-1080 b","Kepler-1080",296.4644914,49.1828952,"Transit",2016,1382.82000000
"Kepler-1081 b","Kepler-1081",289.4447520,41.3179652,"Transit",2016,420.21500000
"Kepler-1082 b","Kepler-1082",289.3586737,50.5984489,"Transit",2016,739.55700000
"Kepler-1083 b","Kepler-1083",283.1618831,45.1983360,"Transit",2016,902.63300000
"Kepler-1084 b","Kepler-1084",290.1019809,48.2511460,"Transit",2016,405.53300000
"Kepler-1085 b","Kepler-1085",287.4776359,46.1411685,"Transit",2016,1364.53000000
"Kepler-1085 c","Kepler-1085",287.4776359,46.1411685,"Transit",2020,1364.53000000
"Kepler-1086 b","Kepler-1086",295.2511870,45.8429537,"Transit",2016,466.08400000
"Kepler-1086 c","Kepler-1086",295.2511870,45.8429537,"Transit",2016,466.08400000
"Kepler-1087 b","Kepler-1087",294.9789253,46.0056741,"Transit",2016,362.62300000
"Kepler-1088 b","Kepler-1088",281.5614578,42.4504087,"Transit",2016,280.62900000
"Kepler-1089 b","Kepler-1089",291.0926509,49.1901729,"Transit",2016,259.32800000
"Kepler-109 b","Kepler-109",290.3926795,40.2849074,"Transit",2014,474.86100000
"Kepler-109 c","Kepler-109",290.3926795,40.2849074,"Transit",2014,474.86100000
"Kepler-1090 b","Kepler-1090",295.6629002,44.5258237,"Transit",2016,858.77000000
"Kepler-1090 c","Kepler-1090",295.6629002,44.5258237,"Transit",2021,858.77000000
"Kepler-1091 b","Kepler-1091",299.7854426,43.6707235,"Transit",2016,914.29900000
"Kepler-1092 b","Kepler-1092",297.7232008,47.1126833,"Transit",2016,981.23300000
"Kepler-1093 b","Kepler-1093",284.9780251,41.4202077,"Transit",2016,1072.88000000
"Kepler-1093 c","Kepler-1093",284.9780251,41.4202077,"Transit",2016,1072.88000000
"Kepler-1094 b","Kepler-1094",292.3012109,38.2669983,"Transit",2016,1291.01000000
"Kepler-1095 b","Kepler-1095",293.2624215,41.3650155,"Transit",2016,792.52200000
"Kepler-1096 b","Kepler-1096",294.7094688,45.9695533,"Transit",2016,377.97600000
"Kepler-1097 b","Kepler-1097",281.5941261,42.5963949,"Transit",2016,719.80200000
"Kepler-1098 b","Kepler-1098",295.5026730,43.2326992,"Transit",2016,1049.19000000
"Kepler-1099 b","Kepler-1099",288.7499866,48.2771163,"Transit",2016,1022.80000000
"Kepler-11 b","Kepler-11",297.1150949,41.9091092,"Transit",2010,646.34600000
"Kepler-11 c","Kepler-11",297.1150949,41.9091092,"Transit",2010,646.34600000
"Kepler-11 d","Kepler-11",297.1150949,41.9091092,"Transit",2010,646.34600000
"Kepler-11 e","Kepler-11",297.1150949,41.9091092,"Transit",2010,646.34600000
"Kepler-11 f","Kepler-11",297.1150949,41.9091092,"Transit",2010,646.34600000
"Kepler-11 g","Kepler-11",297.1150949,41.9091092,"Transit",2010,646.34600000
"Kepler-110 b","Kepler-110",292.9291693,48.6028303,"Transit",2014,586.53100000
"Kepler-110 c","Kepler-110",292.9291693,48.6028303,"Transit",2014,586.53100000
"Kepler-1100 b","Kepler-1100",291.8713535,44.0873907,"Transit",2016,693.61800000
"Kepler-1101 b","Kepler-1101",294.5693544,45.6711623,"Transit",2016,742.47300000
"Kepler-1102 b","Kepler-1102",281.3225917,48.0664955,"Transit",2016,1246.05000000
"Kepler-1103 b","Kepler-1103",287.3821348,49.4524247,"Transit",2016,1331.92000000
"Kepler-1104 b","Kepler-1104",294.4685197,49.3309789,"Transit",2016,530.65800000
"Kepler-1105 b","Kepler-1105",281.1117588,42.4549698,"Transit",2016,318.00400000
"Kepler-1106 b","Kepler-1106",291.1451576,44.0624715,"Transit",2016,1090.70000000
"Kepler-1107 b","Kepler-1107",291.0499340,39.1416740,"Transit",2016,428.79800000
"Kepler-1108 b","Kepler-1108",296.0422962,45.9851400,"Transit",2016,767.70100000
"Kepler-1109 b","Kepler-1109",291.6462654,39.3966122,"Transit",2016,685.08700000
"Kepler-111 b","Kepler-111",291.6531630,44.6882613,"Transit",2014,657.22300000
"Kepler-111 c","Kepler-111",291.6531630,44.6882613,"Transit",2014,657.22300000
"Kepler-1110 b","Kepler-1110",291.8080645,38.6226615,"Transit",2016,726.82800000
"Kepler-1111 b","Kepler-1111",295.4634045,45.8127697,"Transit",2016,841.53600000
"Kepler-1112 b","Kepler-1112",296.9687937,47.7514799,"Transit",2016,1671.28000000
"Kepler-1113 b","Kepler-1113",289.4066969,39.3388130,"Transit",2016,1073.88000000
"Kepler-1114 b","Kepler-1114",299.2370531,45.8347781,"Transit",2016,418.41700000
"Kepler-1115 b","Kepler-1115",294.9917723,40.1443964,"Transit",2016,983.24500000
"Kepler-1116 b","Kepler-1116",291.9336573,44.1154992,"Transit",2016,1008.57000000
"Kepler-1117 b","Kepler-1117",292.0847866,49.2374206,"Transit",2016,568.48700000
"Kepler-1118 b","Kepler-1118",299.9656619,44.1608805,"Transit",2016,888.32500000
"Kepler-1119 b","Kepler-1119",297.0191018,44.3274936,"Transit",2016,1757.23000000
"Kepler-112 b","Kepler-112",296.9811361,43.2097025,"Transit",2014,513.20600000
"Kepler-112 c","Kepler-112",296.9811361,43.2097025,"Transit",2014,513.20600000
"Kepler-1120 b","Kepler-1120",290.9144516,42.2865522,"Transit",2016,615.23100000
"Kepler-1121 b","Kepler-1121",297.7865467,47.8861542,"Transit",2016,482.04700000
"Kepler-1122 b","Kepler-1122",288.2805801,46.3408747,"Transit",2016,1230.42000000
"Kepler-1123 b","Kepler-1123",294.5177291,50.6703927,"Transit",2016,704.32300000
"Kepler-1124 b","Kepler-1124",286.5942529,37.8912836,"Transit",2016,289.89900000
"Kepler-1125 b","Kepler-1125",295.4812018,40.7319316,"Transit",2016,2011.41000000
"Kepler-1126 b","Kepler-1126",285.6919550,45.6893993,"Transit",2016,635.73600000
"Kepler-1126 c","Kepler-1126",285.6919550,45.6893993,"Transit",2023,635.73600000
"Kepler-1127 b","Kepler-1127",293.2173563,42.7205846,"Transit",2016,842.45900000
"Kepler-1128 b","Kepler-1128",293.0633150,39.4034052,"Transit",2016,1083.41000000
"Kepler-1129 b","Kepler-1129",291.6044965,41.3093275,"Transit",2016,1183.88000000
"Kepler-1129 c","Kepler-1129",291.6044965,41.3093275,"Transit",2016,1183.88000000
"Kepler-113 b","Kepler-113",287.9978721,50.9441847,"Transit",2014,262.35100000
"Kepler-113 c","Kepler-113",287.9978721,50.9441847,"Transit",2014,262.35100000
"Kepler-1130 b","Kepler-1130",285.2074210,45.3843330,"Transit",2016,249.34300000
"Kepler-1130 c","Kepler-1130",285.2074210,45.3843330,"Transit",2021,249.34300000
"Kepler-1130 d","Kepler-1130",285.2074210,45.3843330,"Transit",2021,249.34300000
"Kepler-1131 b","Kepler-1131",295.6514492,49.2612954,"Transit",2016,1030.70000000
"Kepler-1132 b","Kepler-1132",286.3675188,48.4238906,"Transit",2016,867.93100000
"Kepler-1133 b","Kepler-1133",293.3224114,42.8674925,"Transit",2016,753.13500000
"Kepler-1134 b","Kepler-1134",295.5678578,42.4781064,"Transit",2016,944.44500000
"Kepler-1135 b","Kepler-1135",286.0029904,44.7565551,"Transit",2016,1314.64000000
"Kepler-1136 b","Kepler-1136",284.1078441,44.2458047,"Transit",2016,491.40600000
"Kepler-1137 b","Kepler-1137",287.1302407,48.6653470,"Transit",2016,921.77800000
"Kepler-1138 b","Kepler-1138",285.8993164,48.3072850,"Transit",2016,872.32800000
"Kepler-1139 b","Kepler-1139",287.9455985,39.2305281,"Transit",2016,495.15600000
"Kepler-114 b","Kepler-114",294.1214820,48.3497977,"Transit",2014,259.53300000
"Kepler-114 c","Kepler-114",294.1214820,48.3497977,"Transit",2013,259.53300000
"Kepler-114 d","Kepler-114",294.1214820,48.3497977,"Transit",2013,259.53300000
"Kepler-1140 b","Kepler-1140",281.6940529,46.9465210,"Transit",2016,656.48000000
"Kepler-1141 b","Kepler-1141",290.5436836,47.7259073,"Transit",2016,393.64200000
"Kepler-1142 b","Kepler-1142",292.7144796,44.0822816,"Transit",2016,1273.51000000
"Kepler-1143 b","Kepler-1143",287.3027720,39.2896399,"Transit",2016,555.18900000
"Kepler-1143 c","Kepler-1143",287.3027720,39.2896399,"Transit",2016,555.18900000
"Kepler-1144 b","Kepler-1144",290.0432936,47.2578857,"Transit",2016,1140.57000000
"Kepler-1145 b","Kepler-1145",295.3081524,43.0444026,"Transit",2016,691.96100000
"Kepler-1146 b","Kepler-1146",286.7167120,47.4256580,"Transit",2016,703.03800000
"Kepler-1147 b","Kepler-1147",292.5474753,41.6429221,"Transit",2016,1657.36000000
"Kepler-1148 b","Kepler-1148",290.9536059,45.7195545,"Transit",2016,625.69200000
"Kepler-1149 b","Kepler-1149",294.1891824,45.1515263,"Transit",2016,1217.73000000
"Kepler-115 b","Kepler-115",297.7119299,45.2619850,"Transit",2014,623.60900000
"Kepler-115 c","Kepler-115",297.7119299,45.2619850,"Transit",2014,623.60900000
"Kepler-1150 b","Kepler-1150",296.7244553,49.5326846,"Transit",2016,358.51800000
"Kepler-1151 b","Kepler-1151",292.2477819,47.8784257,"Transit",2016,682.43600000
"Kepler-1152 b","Kepler-1152",290.4341483,44.1077802,"Transit",2016,215.23300000
"Kepler-1153 b","Kepler-1153",289.1471849,45.8661300,"Transit",2016,1119.49000000
"Kepler-1154 b","Kepler-1154",297.4771158,39.8772345,"Transit",2016,1460.10000000
"Kepler-1154 c","Kepler-1154",297.4771158,39.8772345,"Transit",2016,1460.10000000
"Kepler-1155 b","Kepler-1155",288.8206058,39.5228712,"Transit",2016,1128.72000000
"Kepler-1156 b","Kepler-1156",288.9240901,46.0575865,"Transit",2016,691.33100000
"Kepler-1157 b","Kepler-1157",283.1209268,43.5255701,"Transit",2016,342.14400000
"Kepler-1158 b","Kepler-1158",292.2339048,41.5751832,"Transit",2016,1484.25000000
"Kepler-1159 b","Kepler-1159",294.2663250,45.2042317,"Transit",2016,1213.71000000
"Kepler-116 b","Kepler-116",294.7420605,43.5367842,"Transit",2014,955.16800000
"Kepler-116 c","Kepler-116",294.7420605,43.5367842,"Transit",2014,955.16800000
"Kepler-1160 b","Kepler-1160",287.8793899,43.3640752,"Transit",2016,1077.63000000
"Kepler-1161 b","Kepler-1161",299.0770621,45.4405583,"Transit",2016,547.72600000
"Kepler-1162 b","Kepler-1162",283.2920273,45.4339813,"Transit",2016,940.21100000
"Kepler-1162 c","Kepler-1162",283.2920273,45.4339813,"Transit",2023,940.21100000
"Kepler-1163 b","Kepler-1163",290.2358630,50.0300654,"Transit",2016,478.64700000
"Kepler-1164 b","Kepler-1164",287.5296372,38.8945065,"Transit",2016,431.62200000
"Kepler-1165 b","Kepler-1165",286.9712284,44.7082669,"Transit",2016,1575.20000000
"Kepler-1165 c","Kepler-1165",286.9712284,44.7082669,"Transit",2021,1575.20000000
"Kepler-1166 b","Kepler-1166",290.3484956,50.9028387,"Transit",2016,634.90600000
"Kepler-1167 b","Kepler-1167",298.3026595,47.6939654,"Transit",2016,820.90500000
"Kepler-1168 b","Kepler-1168",287.2977834,47.4554880,"Transit",2016,752.66600000
"Kepler-1169 b","Kepler-1169",294.9115874,46.4914718,"Transit",2016,522.82300000
"Kepler-117 b","Kepler-117",288.7930651,48.0401760,"Transit",2014,1455.57000000
"Kepler-117 c","Kepler-117",288.7930651,48.0401760,"Transit",2014,1455.57000000
"Kepler-1170 b","Kepler-1170",292.1685422,43.7795963,"Transit",2016,1050.45000000
"Kepler-1171 b","Kepler-1171",294.9589285,38.5915968,"Transit",2016,573.00000000
"Kepler-1172 b","Kepler-1172",290.4744875,37.7665499,"Transit",2016,1306.53000000
"Kepler-1173 b","Kepler-1173",293.1311803,45.6634153,"Transit",2016,377.06000000
"Kepler-1174 b","Kepler-1174",281.8314296,42.2988910,"Transit",2016,1408.75000000
"Kepler-1175 b","Kepler-1175",289.1426847,46.8129656,"Transit",2016,1121.89000000
"Kepler-1176 b","Kepler-1176",297.9197240,45.2742038,"Transit",2016,864.69900000
"Kepler-1177 b","Kepler-1177",286.6714813,49.4062964,"Transit",2016,1299.97000000
"Kepler-1178 b","Kepler-1178",288.4561183,45.8022258,"Transit",2016,482.28700000
"Kepler-1179 b","Kepler-1179",284.0974305,47.8104856,"Transit",2016,415.20500000
"Kepler-118 b","Kepler-118",299.2131881,41.4248195,"Transit",2014,574.22800000
"Kepler-118 c","Kepler-118",299.2131881,41.4248195,"Transit",2014,574.22800000
"Kepler-1180 b","Kepler-1180",295.8874773,43.1559952,"Transit",2016,1596.80000000
"Kepler-1181 b","Kepler-1181",289.7473165,39.5234131,"Transit",2016,938.41700000
"Kepler-1181 c","Kepler-1181",289.7473165,39.5234131,"Transit",2023,938.41700000
"Kepler-1182 b","Kepler-1182",296.3079895,43.8213706,"Transit",2016,1545.39000000
"Kepler-1183 b","Kepler-1183",292.2324228,38.8921946,"Transit",2016,1919.19000000
"Kepler-1184 b","Kepler-1184",291.2820310,46.9659514,"Transit",2016,1157.84000000
"Kepler-1185 b","Kepler-1185",287.2411783,39.3326977,"Transit",2016,459.27300000
"Kepler-1186 b","Kepler-1186",288.4796333,47.1017438,"Transit",2016,1337.25000000
"Kepler-1187 b","Kepler-1187",286.8919996,38.3185034,"Transit",2016,1020.53000000
"Kepler-1188 b","Kepler-1188",283.1038438,43.1480487,"Transit",2016,1717.48000000
"Kepler-1189 b","Kepler-1189",298.4264116,47.9468194,"Transit",2016,782.85200000
"Kepler-119 b","Kepler-119",295.9463854,42.6588324,"Transit",2014,701.99600000
"Kepler-119 c","Kepler-119",295.9463854,42.6588324,"Transit",2014,701.99600000
"Kepler-1190 b","Kepler-1190",284.9996582,49.4799506,"Transit",2016,342.50900000
"Kepler-1191 b","Kepler-1191",291.6577923,48.0092619,"Transit",2016,955.53600000
"Kepler-1192 b","Kepler-1192",282.1405603,43.8964934,"Transit",2016,1304.19000000
"Kepler-1193 b","Kepler-1193",288.1447323,51.2756446,"Transit",2016,802.11600000
"Kepler-1194 b","Kepler-1194",291.6994841,38.1452065,"Transit",2016,757.38200000
"Kepler-1195 b","Kepler-1195",284.3510523,40.8529319,"Transit",2016,918.56600000
"Kepler-1196 b","Kepler-1196",292.3695850,43.9108663,"Transit",2016,922.33300000
"Kepler-1197 b","Kepler-1197",291.6693437,42.5907441,"Transit",2016,486.94000000
"Kepler-1198 b","Kepler-1198",288.8339659,44.8381980,"Transit",2016,743.03000000
"Kepler-1199 b","Kepler-1199",293.7258092,47.2469219,"Transit",2016,563.49300000
"Kepler-12 b","Kepler-12",286.2434458,50.0403671,"Transit",2011,881.38600000
"Kepler-120 b","Kepler-120",287.8915707,39.3390979,"Transit",2014,388.63000000
"Kepler-120 c","Kepler-120",287.8915707,39.3390979,"Transit",2014,388.63000000
"Kepler-1200 b","Kepler-1200",296.6034317,44.1292537,"Transit",2016,588.71500000
"Kepler-1201 b","Kepler-1201",294.6147908,40.8331158,"Transit",2016,944.24100000
"Kepler-1202 b","Kepler-1202",292.2906060,44.6532281,"Transit",2016,1175.38000000
"Kepler-1203 b","Kepler-1203",292.7734523,44.1780880,"Transit",2016,317.02200000
"Kepler-1204 b","Kepler-1204",289.4415238,42.4981476,"Transit",2016,1175.22000000
"Kepler-1205 b","Kepler-1205",290.2796734,41.5150499,"Transit",2016,698.48500000
"Kepler-1206 b","Kepler-1206",295.9383737,49.7911337,"Transit",2016,762.01900000
"Kepler-1207 b","Kepler-1207",295.0641963,49.3589615,"Transit",2016,1754.19000000
"Kepler-1208 b","Kepler-1208",291.8812445,44.5557587,"Transit",2016,825.17600000
"Kepler-1209 b","Kepler-1209",287.5849352,49.1547328,"Transit",2016,505.53100000
"Kepler-121 b","Kepler-121",286.1621273,39.6780204,"Transit",2014,510.52300000
"Kepler-121 c","Kepler-121",286.1621273,39.6780204,"Transit",2014,510.52300000
"Kepler-1210 b","Kepler-1210",292.8321598,48.2193376,"Transit",2016,1176.53000000
"Kepler-1211 b","Kepler-1211",285.7207618,40.8569116,"Transit",2016,1826.53000000
"Kepler-1212 b","Kepler-1212",296.8534096,50.0373196,"Transit",2016,1316.57000000
"Kepler-1213 b","Kepler-1213",289.4858423,50.9441967,"Transit",2016,807.81200000
"Kepler-1214 b","Kepler-1214",285.1427113,49.8006565,"Transit",2016,729.22700000
"Kepler-1215 b","Kepler-1215",297.4636477,48.1813978,"Transit",2016,661.02200000
"Kepler-1216 b","Kepler-1216",287.4052661,45.9179790,"Transit",2016,1258.36000000
"Kepler-1217 b","Kepler-1217",289.1866841,50.9375614,"Transit",2016,1347.71000000
"Kepler-1218 b","Kepler-1218",291.5788505,44.5316825,"Transit",2016,840.50300000
"Kepler-1219 b","Kepler-1219",297.2158443,47.3785082,"Transit",2016,880.89500000
"Kepler-122 b","Kepler-122",291.1118647,39.9490248,"Transit",2014,1027.45000000
"Kepler-122 c","Kepler-122",291.1118647,39.9490248,"Transit",2014,1027.45000000
"Kepler-122 d","Kepler-122",291.1118647,39.9490248,"Transit",2014,1027.45000000
"Kepler-122 e","Kepler-122",291.1118647,39.9490248,"Transit",2014,1027.45000000
"Kepler-122 f","Kepler-122",291.1118647,39.9490248,"Transit Timing Variations",2014,1027.45000000
"Kepler-1220 b","Kepler-1220",297.0703980,42.9777396,"Transit",2016,961.90700000
"Kepler-1221 b","Kepler-1221",285.8223636,45.7118423,"Transit",2016,913.65000000
"Kepler-1222 b","Kepler-1222",294.8896160,49.3798215,"Transit",2016,415.21800000
"Kepler-1223 b","Kepler-1223",285.2956462,44.5527542,"Transit",2016,459.95700000
"Kepler-1224 b","Kepler-1224",286.6257591,37.5373130,"Transit",2016,559.59800000
"Kepler-1225 b","Kepler-1225",290.6332748,40.1369671,"Transit",2016,1347.52000000
"Kepler-1226 b","Kepler-1226",296.3768521,50.6214592,"Transit",2016,1125.72000000
"Kepler-1227 b","Kepler-1227",287.0664109,41.8749712,"Transit",2016,623.70600000
"Kepler-1228 b","Kepler-1228",296.5527610,46.9661945,"Transit",2016,515.45300000
"Kepler-1229 b","Kepler-1229",297.4868347,46.9966782,"Transit",2016,265.48200000
"Kepler-123 b","Kepler-123",296.9985853,42.7819633,"Transit",2014,1021.66000000
"Kepler-123 c","Kepler-123",296.9985853,42.7819633,"Transit",2014,1021.66000000
"Kepler-1230 b","Kepler-1230",283.2645129,41.7114526,"Transit",2016,1364.22000000
"Kepler-1231 b","Kepler-1231",288.5882888,42.6056644,"Transit",2016,987.23700000
"Kepler-1232 b","Kepler-1232",296.5500966,49.1023070,"Transit",2016,632.86500000
"Kepler-1233 b","Kepler-1233",297.3750954,46.6622201,"Transit",2016,1178.70000000
"Kepler-1234 b","Kepler-1234",287.5220359,51.3759464,"Transit",2016,916.74900000
"Kepler-1235 b","Kepler-1235",284.9030677,43.9540616,"Transit",2016,540.60400000
"Kepler-1236 b","Kepler-1236",295.6247375,42.5458739,"Transit",2016,999.64000000
"Kepler-1237 b","Kepler-1237",295.6292745,44.6905815,"Transit",2016,1064.31000000
"Kepler-1238 b","Kepler-1238",297.9057655,40.1628378,"Transit",2016,1632.13000000
"Kepler-1239 b","Kepler-1239",293.1273357,42.3200578,"Transit",2016,2140.60000000
"Kepler-124 b","Kepler-124",286.7527322,49.0648788,"Transit",2014,420.04600000
"Kepler-124 c","Kepler-124",286.7527322,49.0648788,"Transit",2014,420.04600000
"Kepler-124 d","Kepler-124",286.7527322,49.0648788,"Transit",2014,420.04600000
"Kepler-1240 b","Kepler-1240",282.9997682,40.5574322,"Transit",2016,862.18600000
"Kepler-1241 b","Kepler-1241",294.5762033,38.4569588,"Transit",2016,968.72200000
"Kepler-1242 b","Kepler-1242",284.6062174,41.1963440,"Transit",2016,687.61500000
"Kepler-1243 b","Kepler-1243",294.0093970,42.8807779,"Transit",2016,758.17000000
"Kepler-1244 b","Kepler-1244",282.3012505,46.5161814,"Transit",2016,1075.81000000
"Kepler-1245 b","Kepler-1245",290.7443078,43.2607530,"Transit",2016,805.93600000
"Kepler-1245 c","Kepler-1245",290.7443078,43.2607530,"Transit",2016,805.93600000
"Kepler-1246 b","Kepler-1246",287.6572346,48.9822053,"Transit",2016,436.50500000
"Kepler-1247 b","Kepler-1247",294.5335974,46.6182365,"Transit",2016,1045.92000000
"Kepler-1248 b","Kepler-1248",288.0592191,51.3544564,"Transit",2016,593.02600000
"Kepler-1249 b","Kepler-1249",296.8948517,44.3717429,"Transit",2016,1904.54000000
"Kepler-125 b","Kepler-125",298.2581101,47.6050031,"Transit",2014,183.36500000
"Kepler-125 c","Kepler-125",298.2581101,47.6050031,"Transit",2014,183.36500000
"Kepler-1250 b","Kepler-1250",287.7938184,45.9802492,"Transit",2016,2126.85000000
"Kepler-1251 b","Kepler-1251",292.1151093,49.2563792,"Transit",2016,902.20400000
"Kepler-1252 b","Kepler-1252",298.9503634,46.6928437,"Transit",2016,648.97900000
"Kepler-1253 b","Kepler-1253",283.8852196,47.6371507,"Transit",2016,514.52400000
"Kepler-1254 b","Kepler-1254",285.1733174,48.7700099,"Transit",2016,622.81800000
"Kepler-1254 c","Kepler-1254",285.1733174,48.7700099,"Transit",2016,622.81800000
"Kepler-1254 d","Kepler-1254",285.1733174,48.7700099,"Transit",2016,622.81800000
"Kepler-1255 b","Kepler-1255",295.2392569,42.7264842,"Transit",2016,1617.07000000
"Kepler-1256 b","Kepler-1256",291.4742443,44.6834119,"Transit",2016,891.19200000
"Kepler-1257 b","Kepler-1257",296.0756231,45.6270165,"Transit",2016,1105.95000000
"Kepler-1258 b","Kepler-1258",285.4049723,49.9948186,"Transit",2016,717.55500000
"Kepler-1259 b","Kepler-1259",297.8414628,46.9676288,"Transit",2016,805.56200000
"Kepler-126 b","Kepler-126",289.3473634,44.2084445,"Transit",2014,237.40100000
"Kepler-126 c","Kepler-126",289.3473634,44.2084445,"Transit",2014,237.40100000
"Kepler-126 d","Kepler-126",289.3473634,44.2084445,"Transit",2014,237.40100000
"Kepler-1260 b","Kepler-1260",295.5912652,42.5552261,"Transit",2016,1734.43000000
"Kepler-1261 b","Kepler-1261",285.2324786,48.8066963,"Transit",2016,744.29400000
"Kepler-1262 b","Kepler-1262",288.7718287,42.2131694,"Transit",2016,1054.87000000
"Kepler-1263 b","Kepler-1263",286.4836260,46.7526182,"Transit",2016,664.83000000
"Kepler-1264 b","Kepler-1264",289.8844102,45.2115075,"Transit",2016,801.99300000
"Kepler-1265 b","Kepler-1265",284.5858364,47.0795646,"Transit",2016,583.64100000
"Kepler-1266 b","Kepler-1266",285.8693277,42.7279996,"Transit",2016,849.31200000
"Kepler-1266 c","Kepler-1266",285.8693277,42.7279996,"Transit",2021,849.31200000
"Kepler-1267 b","Kepler-1267",299.1695093,43.4410533,"Transit",2016,1379.43000000
"Kepler-1268 b","Kepler-1268",287.8384190,43.1531776,"Transit",2016,1840.77000000
"Kepler-1269 b","Kepler-1269",287.8055442,45.3405371,"Transit",2016,1097.23000000
"Kepler-127 b","Kepler-127",285.1899439,46.0280596,"Transit",2014,352.79400000
"Kepler-127 c","Kepler-127",285.1899439,46.0280596,"Transit",2014,352.79400000
"Kepler-127 d","Kepler-127",285.1899439,46.0280596,"Transit",2014,352.79400000
"Kepler-1270 b","Kepler-1270",286.7156676,48.6452552,"Transit",2016,1095.05000000
"Kepler-1271 b","Kepler-1271",286.3442954,37.4119347,"Transit",2016,831.99100000
"Kepler-1272 b","Kepler-1272",285.2197605,38.8058393,"Transit",2016,1206.37000000
"Kepler-1273 b","Kepler-1273",285.8032016,44.8733983,"Transit",2016,1114.24000000
"Kepler-1274 b","Kepler-1274",284.5936858,46.4497364,"Transit",2016,614.64800000
"Kepler-1275 b","Kepler-1275",293.5004955,44.9324455,"Transit",2016,1153.98000000
"Kepler-1276 b","Kepler-1276",287.8570173,40.5471909,"Transit",2016,538.48100000
"Kepler-1277 b","Kepler-1277",295.1025166,40.5723736,"Transit",2016,557.19300000
"Kepler-1278 b","Kepler-1278",282.9569197,42.8255589,"Transit",2016,889.42600000
"Kepler-1279 b","Kepler-1279",288.0955917,40.3659090,"Transit",2016,1494.22000000
"Kepler-128 b","Kepler-128",282.4922622,43.9802442,"Transit",2013,396.37900000
"Kepler-128 c","Kepler-128",282.4922622,43.9802442,"Transit",2013,396.37900000
"Kepler-1280 b","Kepler-1280",293.5738933,45.3844919,"Transit",2016,1486.70000000
"Kepler-1281 b","Kepler-1281",295.3543571,48.5153932,"Transit",2016,1090.00000000
"Kepler-1282 b","Kepler-1282",290.1761688,46.6983036,"Transit",2016,1103.29000000
"Kepler-1283 b","Kepler-1283",295.4623336,40.7769335,"Transit",2016,2921.99000000
"Kepler-1284 b","Kepler-1284",291.2789549,47.6875766,"Transit",2016,882.32400000
"Kepler-1285 b","Kepler-1285",281.8353366,44.1558825,"Transit",2016,422.26900000
"Kepler-1286 b","Kepler-1286",280.2583709,43.8357433,"Transit",2016,1354.46000000
"Kepler-1287 b","Kepler-1287",289.1346298,47.0630180,"Transit",2016,1003.26000000
"Kepler-1288 b","Kepler-1288",285.7135000,41.6058799,"Transit",2016,814.07800000
"Kepler-1289 b","Kepler-1289",296.3887670,41.0405090,"Transit",2016,1053.57000000
"Kepler-129 b","Kepler-129",285.3111845,47.8484775,"Transit",2014,408.84500000
"Kepler-129 c","Kepler-129",285.3111845,47.8484775,"Transit",2014,408.84500000
"Kepler-129 d","Kepler-129",285.3111845,47.8484775,"Radial Velocity",2021,408.84500000
"Kepler-1290 b","Kepler-1290",290.6852287,43.8596155,"Transit",2016,1593.70000000
"Kepler-1291 b","Kepler-1291",289.3770051,40.0010791,"Transit",2016,897.35200000
"Kepler-1292 b","Kepler-1292",284.9057222,43.9491434,"Transit",2016,1493.43000000
"Kepler-1293 b","Kepler-1293",290.0258783,48.3359227,"Transit",2016,1028.16000000
"Kepler-1294 b","Kepler-1294",291.2681037,44.4881624,"Transit",2016,1855.70000000
"Kepler-1295 b","Kepler-1295",291.3978451,45.5885530,"Transit",2016,1174.46000000
"Kepler-1296 b","Kepler-1296",292.1251038,41.4077928,"Transit",2016,1551.54000000
"Kepler-1297 b","Kepler-1297",289.9564415,47.0203466,"Transit",2016,1439.47000000
"Kepler-1298 b","Kepler-1298",284.4227535,49.1061907,"Transit",2016,544.16300000
"Kepler-1299 b","Kepler-1299",286.1501263,37.4113438,"Transit",2016,1404.94000000
"Kepler-130 b","Kepler-130",288.4505905,40.2452006,"Transit",2014,316.66300000
"Kepler-130 c","Kepler-130",288.4505905,40.2452006,"Transit",2014,316.66300000
"Kepler-130 d","Kepler-130",288.4505905,40.2452006,"Transit",2014,316.66300000
"Kepler-1300 b","Kepler-1300",289.0330532,40.0869182,"Transit",2016,777.02500000
"Kepler-1301 b","Kepler-1301",286.6041816,42.4403309,"Transit",2016,854.28000000
"Kepler-1302 b","Kepler-1302",290.9892462,50.3080640,"Transit",2016,634.58000000
"Kepler-1303 b","Kepler-1303",284.2871470,42.3555784,"Transit",2016,897.78300000
"Kepler-1304 b","Kepler-1304",285.2763652,39.4468274,"Transit",2016,2176.08000000
"Kepler-1305 b","Kepler-1305",297.3394624,46.3472165,"Transit",2016,1575.23000000
"Kepler-1306 b","Kepler-1306",294.4783627,46.9458638,"Transit",2016,1107.50000000
"Kepler-1307 b","Kepler-1307",292.8698348,46.7418679,"Transit",2016,1014.62000000
"Kepler-1308 b","Kepler-1308",285.9287514,38.5207097,"Transit",2016,112.70500000
"Kepler-1309 b","Kepler-1309",298.7351131,40.7641262,"Transit",2016,845.00000000
"Kepler-131 b","Kepler-131",288.5308924,40.9423730,"Transit",2014,228.67800000
"Kepler-131 c","Kepler-131",288.5308924,40.9423730,"Transit",2014,228.67800000
"Kepler-1310 b","Kepler-1310",283.9200236,40.7400419,"Transit",2016,569.18500000
"Kepler-1311 b","Kepler-1311",289.6512597,43.8244445,"Transit",2016,866.33100000
"Kepler-1311 c","Kepler-1311",289.6512597,43.8244445,"Transit",2016,866.33100000
"Kepler-1311 d","Kepler-1311",289.6512597,43.8244445,"Transit",2021,866.33100000
"Kepler-1312 b","Kepler-1312",292.9712801,41.0357494,"Transit",2016,299.10400000
"Kepler-1312 c","Kepler-1312",292.9712801,41.0357494,"Transit",2021,299.10400000
"Kepler-1313 b","Kepler-1313",292.3885820,42.2332767,"Transit",2016,174.23400000
"Kepler-1314 b","Kepler-1314",294.2373599,45.1968274,"Transit",2016,141.98685057
"Kepler-1315 b","Kepler-1315",295.8215678,46.0530562,"Transit",2016,480.86900000
"Kepler-1315 c","Kepler-1315",295.8215678,46.0530562,"Transit",2021,480.86900000
"Kepler-1316 b","Kepler-1316",298.8358277,40.2930714,"Transit",2016,800.87100000
"Kepler-1317 b","Kepler-1317",291.6118842,42.1159787,"Transit",2016,728.30300000
"Kepler-1318 b","Kepler-1318",290.3763246,41.1507928,"Transit",2016,475.24800000
"Kepler-1319 b","Kepler-1319",290.9564463,49.3667933,"Transit",2016,103.91700000
"Kepler-132 b","Kepler-132",283.2358100,41.3430370,"Transit",2014,349.54900000
"Kepler-132 c","Kepler-132",283.2358100,41.3430370,"Transit",2014,349.54900000
"Kepler-132 d","Kepler-132",283.2358100,41.3430370,"Transit",2014,349.54900000
"Kepler-132 e","Kepler-132",283.2358100,41.3430370,"Transit",2016,349.54900000
"Kepler-1320 b","Kepler-1320",288.4335977,40.3808519,"Transit",2016,647.42400000
"Kepler-1321 b","Kepler-1321",294.5285970,46.6408737,"Transit",2016,769.14600000
"Kepler-1321 c","Kepler-1321",294.5285970,46.6408737,"Transit",2016,769.14600000
"Kepler-1321 d","Kepler-1321",294.5285970,46.6408737,"Transit",2021,769.14600000
"Kepler-1322 b","Kepler-1322",293.2045009,45.4353919,"Transit",2016,1350.32000000
"Kepler-1322 c","Kepler-1322",293.2045009,45.4353919,"Transit",2021,1350.32000000
"Kepler-1323 b","Kepler-1323",292.8722515,46.0987290,"Transit",2016,465.41700000
"Kepler-1324 b","Kepler-1324",291.1849503,40.3112023,"Transit",2016,481.66700000
"Kepler-1325 b","Kepler-1325",285.0171505,42.0853120,"Transit",2016,973.36800000
"Kepler-1326 b","Kepler-1326",296.2221990,39.2689420,"Transit",2016,698.32600000
"Kepler-1327 b","Kepler-1327",289.0648073,50.4609183,"Transit",2016,678.06900000
"Kepler-1328 b","Kepler-1328",284.6753857,44.4177225,"Transit",2016,813.54300000
"Kepler-1329 b","Kepler-1329",281.6476437,48.2709523,"Transit",2016,588.03700000
"Kepler-133 b","Kepler-133",297.2778906,48.3203542,"Transit",2014,653.60000000
"Kepler-133 c","Kepler-133",297.2778906,48.3203542,"Transit",2014,653.60000000
"Kepler-1330 b","Kepler-1330",290.5767116,39.9568913,"Transit",2016,1720.48000000
"Kepler-1331 b","Kepler-1331",297.0737928,41.2244613,"Transit",2016,319.19700000
"Kepler-1332 b","Kepler-1332",291.0286411,43.9137055,"Transit",2016,528.68500000
"Kepler-1333 b","Kepler-1333",293.5275797,41.1113940,"Transit",2016,932.44600000
"Kepler-1334 b","Kepler-1334",289.3115320,51.3209059,"Transit",2016,1223.04000000
"Kepler-1335 b","Kepler-1335",284.8384394,42.0703371,"Transit",2016,621.85300000
"Kepler-1336 b","Kepler-1336",296.2776587,46.8998006,"Transit",2016,1126.64000000
"Kepler-1336 c","Kepler-1336",296.2776587,46.8998006,"Transit",2016,1126.64000000
"Kepler-1337 b","Kepler-1337",287.0091176,46.7961229,"Transit",2016,601.62900000
"Kepler-1338 b","Kepler-1338",284.0422701,41.6990348,"Transit",2016,753.26000000
"Kepler-1339 b","Kepler-1339",283.7457695,48.3734690,"Transit",2016,371.04900000
"Kepler-134 b","Kepler-134",284.7391156,49.5984448,"Transit",2014,334.79700000
"Kepler-134 c","Kepler-134",284.7391156,49.5984448,"Transit",2014,334.79700000
"Kepler-1340 b","Kepler-1340",296.2328099,42.4727965,"Transit",2016,981.77900000
"Kepler-1341 b","Kepler-1341",280.5116813,44.1593503,"Transit",2016,476.95700000
"Kepler-1342 b","Kepler-1342",297.0200549,43.4325382,"Transit",2016,890.72400000
"Kepler-1343 b","Kepler-1343",294.2944830,50.7253850,"Transit",2016,1756.71000000
"Kepler-1344 b","Kepler-1344",287.0862799,46.9457998,"Transit",2016,853.95900000
"Kepler-1345 b","Kepler-1345",292.4779428,46.0228210,"Transit",2016,1355.02000000
"Kepler-1346 b","Kepler-1346",291.8413410,45.1791850,"Transit",2016,843.70100000
"Kepler-1347 b","Kepler-1347",299.6595903,40.8438526,"Transit",2016,321.00000000
"Kepler-1348 b","Kepler-1348",292.0874126,49.7887090,"Transit",2016,1213.82000000
"Kepler-1349 b","Kepler-1349",286.3385562,48.7442697,"Transit",2016,276.32300000
"Kepler-135 b","Kepler-135",290.4950939,38.7954956,"Transit",2014,621.85500000
"Kepler-135 c","Kepler-135",290.4950939,38.7954956,"Transit",2014,621.85500000
"Kepler-1350 b","Kepler-1350",288.2506110,46.6794847,"Transit",2016,340.69100000
"Kepler-1350 c","Kepler-1350",288.2506110,46.6794847,"Transit",2016,340.69100000
"Kepler-1351 b","Kepler-1351",293.6084289,42.1978746,"Transit",2016,202.78200000
"Kepler-1352 b","Kepler-1352",290.6937988,48.7014417,"Transit",2016,670.82900000
"Kepler-1353 b","Kepler-1353",295.7353911,42.5762317,"Transit",2016,593.38400000
"Kepler-1354 b","Kepler-1354",291.2451266,37.7590079,"Transit",2016,1119.45000000
"Kepler-1355 b","Kepler-1355",283.7414249,49.0679833,"Transit",2016,911.26900000
"Kepler-1356 b","Kepler-1356",290.9953825,43.2438792,"Transit",2016,845.22800000
"Kepler-1357 b","Kepler-1357",291.5480665,50.3532584,"Transit",2016,1015.69000000
"Kepler-1358 b","Kepler-1358",286.1705469,43.0089000,"Transit",2016,546.99800000
"Kepler-1359 b","Kepler-1359",289.5388180,41.8928154,"Transit",2016,614.85900000
"Kepler-136 b","Kepler-136",296.4673039,42.5987984,"Transit",2014,420.81800000
"Kepler-136 c","Kepler-136",296.4673039,42.5987984,"Transit",2014,420.81800000
"Kepler-1360 b","Kepler-1360",300.3440482,45.6231826,"Transit",2016,1516.27000000
"Kepler-1361 b","Kepler-1361",283.5653603,46.9042278,"Transit",2016,389.14300000
"Kepler-1362 b","Kepler-1362",288.5385574,40.8771276,"Transit",2016,731.29800000
"Kepler-1363 b","Kepler-1363",296.9964872,49.2563228,"Transit",2016,541.71400000
"Kepler-1364 b","Kepler-1364",295.1521334,49.5876179,"Transit",2016,1056.90000000
"Kepler-1365 b","Kepler-1365",292.1996573,42.0459944,"Transit",2016,840.12800000
"Kepler-1365 c","Kepler-1365",292.1996573,42.0459944,"Transit",2016,840.12800000
"Kepler-1366 b","Kepler-1366",285.0648845,41.5548464,"Transit",2016,465.82600000
"Kepler-1367 b","Kepler-1367",288.4166786,47.8787308,"Transit",2016,401.48400000
"Kepler-1368 b","Kepler-1368",294.7669795,41.6446434,"Transit",2016,1635.82000000
"Kepler-1369 b","Kepler-1369",285.7972604,40.9361923,"Transit",2016,1236.56000000
"Kepler-137 b","Kepler-137",282.1355875,43.0391951,"Transit",2014,302.97900000
"Kepler-137 c","Kepler-137",282.1355875,43.0391951,"Transit",2014,302.97900000
"Kepler-1370 b","Kepler-1370",284.5656897,41.7784781,"Transit",2016,1004.10000000
"Kepler-1370 c","Kepler-1370",284.5656897,41.7784781,"Transit",2016,1004.10000000
"Kepler-1371 b","Kepler-1371",288.8314251,47.5519753,"Transit",2016,515.33400000
"Kepler-1371 c","Kepler-1371",288.8314251,47.5519753,"Transit",2016,515.33400000
"Kepler-1372 b","Kepler-1372",288.8865895,44.8394672,"Transit",2016,1303.22000000
"Kepler-1373 b","Kepler-1373",285.7520229,39.2491731,"Transit",2016,1699.46000000
"Kepler-1374 b","Kepler-1374",291.3499783,45.1722521,"Transit",2016,1078.46000000
"Kepler-1375 b","Kepler-1375",296.2935173,43.4032189,"Transit",2016,1430.84000000
"Kepler-1376 b","Kepler-1376",286.9584368,42.5414090,"Transit",2016,868.05600000
"Kepler-1377 b","Kepler-1377",289.1954229,46.6516055,"Transit",2016,1146.10000000
"Kepler-1378 b","Kepler-1378",297.3734030,40.3663986,"Transit",2016,506.43400000
"Kepler-1379 b","Kepler-1379",293.6704404,41.4102105,"Transit",2016,971.32500000
"Kepler-138 b","Kepler-138",290.3814122,43.2930645,"Transit",2014,66.86240000
"Kepler-138 c","Kepler-138",290.3814122,43.2930645,"Transit",2014,66.86240000
"Kepler-138 d","Kepler-138",290.3814122,43.2930645,"Transit",2014,66.86240000
"Kepler-138 e","Kepler-138",290.3814122,43.2930645,"Transit Timing Variations",2022,66.86240000
"Kepler-1380 b","Kepler-1380",288.1160421,42.4403832,"Transit",2016,2462.94000000
"Kepler-1381 b","Kepler-1381",287.5357911,48.7277830,"Transit",2016,1197.04000000
"Kepler-1382 b","Kepler-1382",295.3774182,39.0480365,"Transit",2016,738.26100000
"Kepler-1383 b","Kepler-1383",297.9447714,42.1918449,"Transit",2016,1027.21000000
"Kepler-1384 b","Kepler-1384",296.2151275,39.5270248,"Transit",2016,618.00000000
"Kepler-1385 b","Kepler-1385",282.6313559,46.4810220,"Transit",2016,688.79500000
"Kepler-1386 b","Kepler-1386",280.8233646,42.6360518,"Transit",2016,835.88200000
"Kepler-1387 b","Kepler-1387",292.4403029,43.2093456,"Transit",2016,455.35800000
"Kepler-1388 b","Kepler-1388",283.3360156,47.1744499,"Transit",2016,453.79500000
"Kepler-1388 c","Kepler-1388",283.3360156,47.1744499,"Transit",2016,453.79500000
"Kepler-1388 d","Kepler-1388",283.3360156,47.1744499,"Transit",2016,453.79500000
"Kepler-1388 e","Kepler-1388",283.3360156,47.1744499,"Transit",2016,453.79500000
"Kepler-1389 b","Kepler-1389",285.7174414,44.7583487,"Transit",2016,497.09300000
"Kepler-139 b","Kepler-139",282.3919451,43.8894167,"Transit",2014,391.03800000
"Kepler-139 c","Kepler-139",282.3919451,43.8894167,"Transit",2014,391.03800000
"Kepler-139 d","Kepler-139",282.3919451,43.8894167,"Transit",2023,391.03800000
"Kepler-139 e","Kepler-139",282.3919451,43.8894167,"Radial Velocity",2023,391.03800000
"Kepler-139 f","Kepler-139",282.3919451,43.8894167,"Transit Timing Variations",2025,391.03800000
"Kepler-1390 b","Kepler-1390",298.6624419,48.2488659,"Transit",2016,723.43100000
"Kepler-1391 b","Kepler-1391",294.8309749,46.6595768,"Transit",2016,1038.35000000
"Kepler-1392 b","Kepler-1392",288.7669819,46.3944497,"Transit",2016,1117.00000000
"Kepler-1393 b","Kepler-1393",284.4594558,40.1424756,"Transit",2016,544.45600000
"Kepler-1394 b","Kepler-1394",283.4532068,45.0840729,"Transit",2016,640.40900000
"Kepler-1395 b","Kepler-1395",292.3374945,47.6641732,"Transit",2016,492.89400000
"Kepler-1396 b","Kepler-1396",294.3363936,44.9182296,"Transit",2016,1066.46000000
"Kepler-1397 b","Kepler-1397",299.6758812,47.0758234,"Transit",2016,1198.25000000
"Kepler-1398 b","Kepler-1398",294.8661073,48.6389923,"Transit",2016,852.20400000
"Kepler-1398 c","Kepler-1398",294.8661073,48.6389923,"Transit",2016,852.20400000
"Kepler-1399 b","Kepler-1399",293.3116962,46.0416516,"Transit",2016,1385.70000000
"Kepler-14 b","Kepler-14",287.7088140,47.3330500,"Transit",2011,798.00000000
"Kepler-140 b","Kepler-140",287.3694056,46.7681473,"Transit",2014,583.85900000
"Kepler-140 c","Kepler-140",287.3694056,46.7681473,"Transit",2014,583.85900000
"Kepler-1400 b","Kepler-1400",286.2716827,45.4408055,"Transit",2016,752.23700000
"Kepler-1401 b","Kepler-1401",287.4660334,40.7584200,"Transit",2016,1425.43000000
"Kepler-1402 b","Kepler-1402",291.8478341,48.9681664,"Transit",2016,1493.64000000
"Kepler-1403 b","Kepler-1403",290.8676391,38.9600779,"Transit",2016,2163.90000000
"Kepler-1404 b","Kepler-1404",296.0094827,50.4983929,"Transit",2016,962.18300000
"Kepler-1405 b","Kepler-1405",295.6848822,39.2561274,"Transit",2016,1530.30000000
"Kepler-1406 b","Kepler-1406",292.0818824,38.9149472,"Transit",2016,572.40300000
"Kepler-1407 b","Kepler-1407",283.9424274,41.4715535,"Transit",2016,1396.41000000
"Kepler-1408 b","Kepler-1408",282.6998783,45.4257884,"Transit",2016,535.04800000
"Kepler-1409 b","Kepler-1409",290.0847389,51.2086144,"Transit",2016,694.89000000
"Kepler-141 b","Kepler-141",297.9707271,47.7316041,"Transit",2014,301.18300000
"Kepler-141 c","Kepler-141",297.9707271,47.7316041,"Transit",2014,301.18300000
"Kepler-1410 b","Kepler-1410",290.5102933,38.7435010,"Transit",2016,367.00000000
"Kepler-1411 b","Kepler-1411",286.3615236,42.9638889,"Transit",2016,1660.48000000
"Kepler-1412 b","Kepler-1412",292.1801539,49.2024810,"Transit",2016,755.67800000
"Kepler-1413 b","Kepler-1413",294.3416065,46.4987624,"Transit",2016,1167.49000000
"Kepler-1414 b","Kepler-1414",284.9285796,42.4223085,"Transit",2016,570.83500000
"Kepler-1415 b","Kepler-1415",285.1568015,47.8732512,"Transit",2016,1043.56000000
"Kepler-1416 b","Kepler-1416",298.6634624,43.8940593,"Transit",2016,949.59000000
"Kepler-1417 b","Kepler-1417",290.9498966,40.6051970,"Transit",2016,991.84500000
"Kepler-1418 b","Kepler-1418",282.9975322,41.6785900,"Transit",2016,499.00000000
"Kepler-1419 b","Kepler-1419",292.2545917,37.9713760,"Transit",2016,1498.58000000
"Kepler-142 b","Kepler-142",295.1190067,48.4813635,"Transit",2014,548.68600000
"Kepler-142 c","Kepler-142",295.1190067,48.4813635,"Transit",2014,548.68600000
"Kepler-142 d","Kepler-142",295.1190067,48.4813635,"Transit",2014,548.68600000
"Kepler-1420 b","Kepler-1420",296.2038586,42.7778165,"Transit",2016,1054.37000000
"Kepler-1421 b","Kepler-1421",286.5806115,48.5442312,"Transit",2016,783.40100000
"Kepler-1422 b","Kepler-1422",293.8902214,48.3360926,"Transit",2016,2465.84000000
"Kepler-1423 b","Kepler-1423",288.2437481,41.1100655,"Transit",2016,449.00000000
"Kepler-1424 b","Kepler-1424",290.9916648,40.2293347,"Transit",2016,661.42100000
"Kepler-1425 b","Kepler-1425",294.9510368,43.0124348,"Transit",2016,863.87300000
"Kepler-1426 b","Kepler-1426",292.5457096,49.4168981,"Transit",2016,1697.81000000
"Kepler-1427 b","Kepler-1427",295.3496546,45.1145372,"Transit",2016,1220.00000000
"Kepler-1428 b","Kepler-1428",297.6422563,49.5949580,"Transit",2016,1530.32000000
"Kepler-1429 b","Kepler-1429",285.3662532,49.0448172,"Transit",2016,1214.09000000
"Kepler-143 b","Kepler-143",298.0676519,49.4125410,"Transit",2014,809.46700000
"Kepler-143 c","Kepler-143",298.0676519,49.4125410,"Transit",2014,809.46700000
"Kepler-1430 b","Kepler-1430",289.6975391,43.3719581,"Transit",2016,875.52300000
"Kepler-1431 b","Kepler-1431",292.6583919,49.8651522,"Transit",2016,1623.24000000
"Kepler-1432 b","Kepler-1432",295.5241011,49.8295211,"Transit",2016,2171.87000000
"Kepler-1433 b","Kepler-1433",287.3634559,49.4568649,"Transit",2016,1328.00000000
"Kepler-1434 b","Kepler-1434",295.5384415,51.2030002,"Transit",2016,775.52900000
"Kepler-1435 b","Kepler-1435",291.1732806,44.9210836,"Transit",2016,704.21100000
"Kepler-1436 b","Kepler-1436",297.7115530,46.7679816,"Transit",2016,2530.62000000
"Kepler-1437 b","Kepler-1437",291.8649164,49.3258690,"Transit",2016,2101.69000000
"Kepler-1438 b","Kepler-1438",289.2898190,40.6816262,"Transit",2016,1154.13000000
"Kepler-1439 b","Kepler-1439",285.7396971,40.9798688,"Transit",2016,225.39300000
"Kepler-144 b","Kepler-144",281.9156128,42.7755535,"Transit",2014,384.91700000
"Kepler-144 c","Kepler-144",281.9156128,42.7755535,"Transit",2014,384.91700000
"Kepler-1440 b","Kepler-1440",285.3469737,48.3122283,"Transit",2016,1115.35000000
"Kepler-1441 b","Kepler-1441",293.7191177,43.1245756,"Transit",2016,1110.48000000
"Kepler-1442 b","Kepler-1442",291.2556226,48.8469171,"Transit",2016,608.68000000
"Kepler-1443 b","Kepler-1443",283.4357392,47.0667983,"Transit",2016,593.64600000
"Kepler-1444 b","Kepler-1444",285.3306799,42.0405016,"Transit",2016,319.67500000
"Kepler-1445 b","Kepler-1445",280.2495197,43.9150665,"Transit",2016,506.35700000
"Kepler-1446 b","Kepler-1446",289.4240357,46.7260823,"Transit",2016,152.07500000
"Kepler-1447 b","Kepler-1447",289.6434285,50.7270160,"Transit",2016,890.29600000
"Kepler-1448 b","Kepler-1448",287.8674123,50.5955846,"Transit",2016,768.90300000
"Kepler-1449 b","Kepler-1449",288.2317293,50.5678345,"Transit",2016,2006.48000000
"Kepler-145 b","Kepler-145",291.3877397,44.5290465,"Transit",2013,566.85000000
"Kepler-145 c","Kepler-145",291.3877397,44.5290465,"Transit",2013,566.85000000
"Kepler-1450 b","Kepler-1450",294.5536825,45.0813011,"Transit",2016,505.82900000
"Kepler-1451 b","Kepler-1451",293.4464227,40.4098813,"Transit",2016,1058.72000000
"Kepler-1452 b","Kepler-1452",292.4227920,38.2662824,"Transit",2016,996.32000000
"Kepler-1453 b","Kepler-1453",286.1255037,47.9475586,"Transit",2016,1196.04000000
"Kepler-1454 b","Kepler-1454",284.2233265,48.8317229,"Transit",2016,780.56600000
"Kepler-1455 b","Kepler-1455",294.0830662,50.5027572,"Transit",2016,357.62100000
"Kepler-1456 b","Kepler-1456",286.9453381,43.8228023,"Transit",2016,370.31200000
"Kepler-1457 b","Kepler-1457",283.7705481,42.0272030,"Transit",2016,889.88500000
"Kepler-1458 b","Kepler-1458",283.2115971,41.0380135,"Transit",2016,544.45000000
"Kepler-1459 b","Kepler-1459",282.4229401,46.0139761,"Transit",2016,455.47900000
"Kepler-146 b","Kepler-146",294.1107631,38.7102222,"Transit",2014,716.79700000
"Kepler-146 c","Kepler-146",294.1107631,38.7102222,"Transit",2014,716.79700000
"Kepler-1460 b","Kepler-1460",285.5577888,44.0108221,"Transit",2016,553.21800000
"Kepler-1461 b","Kepler-1461",285.8305091,43.1983770,"Transit",2016,679.10600000
"Kepler-1462 b","Kepler-1462",296.3975420,42.3969273,"Transit",2016,1017.82000000
"Kepler-1463 b","Kepler-1463",294.4872785,42.0069064,"Transit",2016,1687.47000000
"Kepler-1464 b","Kepler-1464",287.2356828,38.7540824,"Transit",2016,1151.73000000
"Kepler-1464 c","Kepler-1464",287.2356828,38.7540824,"Transit",2016,1151.73000000
"Kepler-1465 b","Kepler-1465",289.8194222,51.9048541,"Transit",2016,359.49700000
"Kepler-1466 b","Kepler-1466",289.8312418,44.6098415,"Transit",2016,631.94900000
"Kepler-1467 b","Kepler-1467",295.0485389,45.3426781,"Transit",2016,852.88800000
"Kepler-1468 b","Kepler-1468",293.5198289,41.2773671,"Transit",2016,1899.24000000
"Kepler-1468 c","Kepler-1468",293.5198289,41.2773671,"Transit",2016,1899.24000000
"Kepler-1468 d","Kepler-1468",293.5198289,41.2773671,"Transit",2021,1899.24000000
"Kepler-1469 b","Kepler-1469",293.8213286,39.3913385,"Transit",2016,1159.30000000
"Kepler-147 b","Kepler-147",287.9757213,39.0871680,"Transit",2014,1042.02000000
"Kepler-147 c","Kepler-147",287.9757213,39.0871680,"Transit",2014,1042.02000000
"Kepler-1470 b","Kepler-1470",288.6949475,39.8830802,"Transit",2016,590.60100000
"Kepler-1471 b","Kepler-1471",289.6649171,50.0200612,"Transit",2016,978.67800000
"Kepler-1471 c","Kepler-1471",289.6649171,50.0200612,"Transit",2023,978.67800000
"Kepler-1472 b","Kepler-1472",294.8526163,49.0574468,"Transit",2016,1479.14000000
"Kepler-1473 b","Kepler-1473",290.6365144,48.9961494,"Transit",2016,652.25300000
"Kepler-1474 b","Kepler-1474",294.6940261,45.8668090,"Transit",2016,1180.90000000
"Kepler-1475 b","Kepler-1475",295.9482766,44.7530960,"Transit",2016,1568.38000000
"Kepler-1476 b","Kepler-1476",284.5320743,43.9898971,"Transit",2016,1002.74000000
"Kepler-1477 b","Kepler-1477",281.2985305,42.6856727,"Transit",2016,680.82800000
"Kepler-1478 b","Kepler-1478",293.1650085,41.7461840,"Transit",2016,1845.58000000
"Kepler-1479 b","Kepler-1479",285.7119953,49.7067574,"Transit",2016,728.66800000
"Kepler-148 b","Kepler-148",289.7861626,46.8588176,"Transit",2014,791.16300000
"Kepler-148 c","Kepler-148",289.7861626,46.8588176,"Transit",2014,791.16300000
"Kepler-148 d","Kepler-148",289.7861626,46.8588176,"Transit",2016,791.16300000
"Kepler-1480 b","Kepler-1480",291.9998055,49.3018321,"Transit",2016,500.89200000
"Kepler-1481 b","Kepler-1481",289.4390075,49.7312226,"Transit",2016,459.07600000
"Kepler-1482 b","Kepler-1482",285.3138209,48.7252700,"Transit",2016,567.55600000
"Kepler-1483 b","Kepler-1483",295.4097409,42.1507935,"Transit",2016,1273.78000000
"Kepler-1484 b","Kepler-1484",292.6842738,38.1262604,"Transit",2016,2879.83000000
"Kepler-1485 b","Kepler-1485",298.0954404,44.7370612,"Transit",2016,615.66000000
"Kepler-1486 b","Kepler-1486",290.5903907,45.4396955,"Transit",2016,1769.14000000
"Kepler-1487 b","Kepler-1487",295.4980737,38.6444499,"Transit",2016,1014.62000000
"Kepler-1487 c","Kepler-1487",295.4980737,38.6444499,"Transit",2023,1014.62000000
"Kepler-1488 b","Kepler-1488",286.6464265,49.9377735,"Transit",2016,905.82500000
"Kepler-1488 c","Kepler-1488",286.6464265,49.9377735,"Transit",2021,905.82500000
"Kepler-1489 b","Kepler-1489",281.2957984,44.4654063,"Transit",2016,1283.05000000
"Kepler-1489 c","Kepler-1489",281.2957984,44.4654063,"Transit",2024,1283.05000000
"Kepler-149 b","Kepler-149",285.8537014,38.3840916,"Transit",2014,571.03400000
"Kepler-149 c","Kepler-149",285.8537014,38.3840916,"Transit",2014,571.03400000
"Kepler-149 d","Kepler-149",285.8537014,38.3840916,"Transit",2014,571.03400000
"Kepler-1490 b","Kepler-1490",295.6935734,42.6094543,"Transit",2016,862.92000000
"Kepler-1491 b","Kepler-1491",293.6297645,45.7406293,"Transit",2016,2065.59000000
"Kepler-1491 c","Kepler-1491",293.6297645,45.7406293,"Transit",2023,2065.59000000
"Kepler-1492 b","Kepler-1492",288.5970695,41.0363254,"Transit",2016,331.55300000
"Kepler-1493 b","Kepler-1493",288.5493683,38.5651973,"Transit",2016,555.05100000
"Kepler-1494 b","Kepler-1494",282.6573891,43.1625334,"Transit",2016,1285.48000000
"Kepler-1495 b","Kepler-1495",286.1306907,38.7795494,"Transit",2016,1355.54000000
"Kepler-1496 b","Kepler-1496",293.9739359,45.3507167,"Transit",2016,1307.66000000
"Kepler-1497 b","Kepler-1497",296.1961550,45.6343124,"Transit",2016,1122.00000000
"Kepler-1498 b","Kepler-1498",284.7780883,44.9167513,"Transit",2016,740.00000000
"Kepler-1499 b","Kepler-1499",283.9863480,41.6505091,"Transit",2016,309.86900000
"Kepler-15 b","Kepler-15",296.2005506,49.1400304,"Transit",2011,739.41200000
"Kepler-150 b","Kepler-150",288.2341025,40.5208970,"Transit",2014,891.09200000
"Kepler-150 c","Kepler-150",288.2341025,40.5208970,"Transit",2014,891.09200000
"Kepler-150 d","Kepler-150",288.2341025,40.5208970,"Transit",2014,891.09200000
"Kepler-150 e","Kepler-150",288.2341025,40.5208970,"Transit",2014,891.09200000
"Kepler-150 f","Kepler-150",288.2341025,40.5208970,"Transit",2017,891.09200000
"Kepler-1500 b","Kepler-1500",288.8834740,39.7446547,"Transit",2016,1217.82000000
"Kepler-1501 b","Kepler-1501",289.9185890,42.0014280,"Transit",2016,749.06000000
"Kepler-1502 b","Kepler-1502",296.1079271,39.3199201,"Transit",2016,1514.02000000
"Kepler-1503 b","Kepler-1503",293.7271604,42.8067119,"Transit",2016,1225.57000000
"Kepler-1504 b","Kepler-1504",289.7119947,50.1282265,"Transit",2016,2435.94000000
"Kepler-1505 b","Kepler-1505",292.0020614,41.7869639,"Transit",2016,495.14800000
"Kepler-1506 b","Kepler-1506",290.1498822,41.4645625,"Transit",2016,2366.02000000
"Kepler-1507 b","Kepler-1507",288.5616269,46.5361247,"Transit",2016,320.47800000
"Kepler-1508 b","Kepler-1508",298.1188802,40.3750316,"Transit",2016,1260.28000000
"Kepler-1509 b","Kepler-1509",283.7977792,46.9310139,"Transit",2016,2002.96000000
"Kepler-151 b","Kepler-151",292.1627933,41.0231947,"Transit",2014,649.91900000
"Kepler-151 c","Kepler-151",292.1627933,41.0231947,"Transit",2014,649.91900000
"Kepler-1510 b","Kepler-1510",298.9591432,48.2578295,"Transit",2016,1696.25000000
"Kepler-1511 b","Kepler-1511",288.4211892,43.1797730,"Transit",2016,1475.60000000
"Kepler-1512 b","Kepler-1512",289.2744976,44.4704056,"Transit",2016,162.00000000
"Kepler-1513 b","Kepler-1513",289.7917561,39.2852655,"Transit",2016,349.24700000
"Kepler-1513 c","Kepler-1513",289.7917561,39.2852655,"Transit Timing Variations",2023,349.24700000
"Kepler-1514 b","Kepler-1514",292.6274943,37.8601653,"Transit",2016,397.29200000
"Kepler-1514 c","Kepler-1514",292.6274943,37.8601653,"Transit",2020,397.29200000
"Kepler-1515 b","Kepler-1515",290.9739057,48.1782059,"Transit",2016,539.32100000
"Kepler-1516 b","Kepler-1516",291.4945795,44.5234227,"Transit",2016,1358.95000000
"Kepler-1517 b","Kepler-1517",287.8072115,43.1888008,"Transit",2016,847.29900000
"Kepler-1518 b","Kepler-1518",300.3323404,44.9861065,"Transit",2016,903.51000000
"Kepler-1518 c","Kepler-1518",300.3323404,44.9861065,"Transit",2023,903.51000000
"Kepler-1519 b","Kepler-1519",296.6679448,49.4617774,"Transit",2016,1441.63000000
"Kepler-152 b","Kepler-152",286.8653826,41.9889571,"Transit",2014,441.09000000
"Kepler-152 c","Kepler-152",286.8653826,41.9889571,"Transit",2014,441.09000000
"Kepler-1520 b","Kepler-1520",290.9662102,51.5047656,"Transit",2016,607.91700000
"Kepler-1521 b","Kepler-1521",292.6903779,37.8350549,"Transit",2016,206.98300000
"Kepler-1522 b","Kepler-1522",289.8432347,52.0702094,"Transit",2016,814.12500000
"Kepler-1523 b","Kepler-1523",296.0540705,45.8270447,"Transit",2016,865.59600000
"Kepler-1524 b","Kepler-1524",293.8853557,39.5198348,"Transit",2016,381.77300000
"Kepler-1525 b","Kepler-1525",290.5594479,49.9428629,"Transit",2016,382.98900000
"Kepler-1526 b","Kepler-1526",285.1197266,38.8664618,"Transit",2016,555.57400000
"Kepler-1527 b","Kepler-1527",297.4144457,46.0608077,"Transit",2016,1842.13000000
"Kepler-1528 b","Kepler-1528",287.4029864,46.5740084,"Transit",2016,817.53400000
"Kepler-1529 b","Kepler-1529",289.8707469,41.0407482,"Transit",2016,661.01400000
"Kepler-153 b","Kepler-153",282.4605020,48.2570293,"Transit",2014,459.36800000
"Kepler-153 c","Kepler-153",282.4605020,48.2570293,"Transit",2014,459.36800000
"Kepler-1530 b","Kepler-1530",288.1624396,48.1651530,"Transit",2016,489.87600000
"Kepler-1530 c","Kepler-1530",288.1624396,48.1651530,"Transit",2016,489.87600000
"Kepler-1530 d","Kepler-1530",288.1624396,48.1651530,"Transit",2021,489.87600000
"Kepler-1531 b","Kepler-1531",285.1466220,39.3708055,"Transit",2016,666.33400000
"Kepler-1532 b","Kepler-1532",296.9027840,41.1981424,"Transit",2016,798.24600000
"Kepler-1533 b","Kepler-1533",295.9755645,44.7133739,"Transit",2016,966.80100000
"Kepler-1534 b","Kepler-1534",292.3953730,43.8691326,"Transit",2016,1107.00000000
"Kepler-1535 b","Kepler-1535",286.6136850,38.8919507,"Transit",2016,897.73300000
"Kepler-1536 b","Kepler-1536",291.5852554,45.7158742,"Transit",2016,387.24800000
"Kepler-1537 b","Kepler-1537",294.3853917,43.8254461,"Transit",2016,517.29200000
"Kepler-1538 b","Kepler-1538",283.3456110,45.2743573,"Transit",2016,1125.30000000
"Kepler-1539 b","Kepler-1539",284.2194566,44.2685146,"Transit",2016,748.32600000
"Kepler-154 b","Kepler-154",289.7805393,49.8965624,"Transit",2014,915.21200000
"Kepler-154 c","Kepler-154",289.7805393,49.8965624,"Transit",2014,915.21200000
"Kepler-154 d","Kepler-154",289.7805393,49.8965624,"Transit",2016,915.21200000
"Kepler-154 e","Kepler-154",289.7805393,49.8965624,"Transit",2016,915.21200000
"Kepler-154 f","Kepler-154",289.7805393,49.8965624,"Transit",2016,915.21200000
"Kepler-1540 b","Kepler-1540",283.3445555,41.2017544,"Transit",2016,244.96000000
"Kepler-1541 b","Kepler-1541",283.7870875,48.0296019,"Transit",2016,416.69200000
"Kepler-1542 b","Kepler-1542",285.7284757,42.6544651,"Transit",2016,399.11400000
"Kepler-1542 c","Kepler-1542",285.7284757,42.6544651,"Transit",2016,399.11400000
"Kepler-1542 d","Kepler-1542",285.7284757,42.6544651,"Transit",2016,399.11400000
"Kepler-1542 e","Kepler-1542",285.7284757,42.6544651,"Transit",2016,399.11400000
"Kepler-1543 b","Kepler-1543",297.1242915,47.0369876,"Transit",2016,921.78400000
"Kepler-1544 b","Kepler-1544",297.2852168,49.2124526,"Transit",2016,335.09000000
"Kepler-1545 b","Kepler-1545",298.8988313,47.4630696,"Transit",2016,729.96400000
"Kepler-1546 b","Kepler-1546",297.5839183,41.5411993,"Transit",2016,931.95600000
"Kepler-1547 b","Kepler-1547",283.7640396,42.2220992,"Transit",2016,674.69500000
"Kepler-1548 b","Kepler-1548",287.4711817,46.0805706,"Transit",2016,872.27900000
"Kepler-1549 b","Kepler-1549",286.0524399,39.0960281,"Transit",2016,803.05200000
"Kepler-155 b","Kepler-155",288.4957831,51.0819286,"Transit",2014,293.49900000
"Kepler-155 c","Kepler-155",288.4957831,51.0819286,"Transit",2014,293.49900000
"Kepler-1550 b","Kepler-1550",287.7646113,38.2947076,"Transit",2016,1179.01000000
"Kepler-1551 b","Kepler-1551",295.7855238,39.9078956,"Transit",2016,1463.72000000
"Kepler-1552 b","Kepler-1552",291.6768669,38.8749152,"Transit",2016,769.09600000
"Kepler-1553 b","Kepler-1553",291.9191348,39.0221769,"Transit",2016,692.59400000
"Kepler-1554 b","Kepler-1554",286.5760160,41.7415762,"Transit",2016,946.84700000
"Kepler-1555 b","Kepler-1555",287.6354587,45.7160327,"Transit",2016,2013.27000000
"Kepler-1556 b","Kepler-1556",288.3969751,40.2131892,"Transit",2016,944.54000000
"Kepler-1557 b","Kepler-1557",293.8813592,46.8388172,"Transit",2016,1380.16000000
"Kepler-1558 b","Kepler-1558",286.8194349,46.9117837,"Transit",2016,325.73700000
"Kepler-1559 b","Kepler-1559",292.2866565,42.0725948,"Transit",2016,614.82700000
"Kepler-156 b","Kepler-156",290.2964214,37.7494271,"Transit",2014,443.48300000
"Kepler-156 c","Kepler-156",290.2964214,37.7494271,"Transit",2014,443.48300000
"Kepler-1560 b","Kepler-1560",292.7846013,43.2160100,"Transit",2016,502.49700000
"Kepler-1561 b","Kepler-1561",296.9235822,43.5664628,"Transit",2016,839.07600000
"Kepler-1562 b","Kepler-1562",294.4556567,46.7435353,"Transit",2016,2060.72000000
"Kepler-1563 b","Kepler-1563",288.5735936,51.4727698,"Transit",2016,616.69700000
"Kepler-1564 b","Kepler-1564",290.5861316,46.6427486,"Transit",2016,908.80500000
"Kepler-1565 b","Kepler-1565",297.9529793,40.8067876,"Transit",2016,629.93000000
"Kepler-1566 b","Kepler-1566",283.5875459,40.5749018,"Transit",2016,466.58600000
"Kepler-1567 b","Kepler-1567",286.6951530,40.2918894,"Transit",2016,1206.11000000
"Kepler-1568 b","Kepler-1568",289.1826808,47.8733301,"Transit",2016,916.31300000
"Kepler-1569 b","Kepler-1569",292.2046748,37.2212065,"Transit",2016,945.45400000
"Kepler-157 b","Kepler-157",291.0972257,38.8756049,"Transit",2014,773.71300000
"Kepler-157 c","Kepler-157",291.0972257,38.8756049,"Transit",2014,773.71300000
"Kepler-157 d","Kepler-157",291.0972257,38.8756049,"Transit",2016,773.71300000
"Kepler-1570 b","Kepler-1570",299.8617842,45.8274232,"Transit",2016,918.99500000
"Kepler-1571 b","Kepler-1571",300.9354067,45.5964836,"Transit",2016,675.30300000
"Kepler-1572 b","Kepler-1572",281.8973341,46.7227061,"Transit",2016,946.60200000
"Kepler-1573 b","Kepler-1573",292.9883129,49.4849664,"Transit",2016,1455.36000000
"Kepler-1574 b","Kepler-1574",292.1586689,49.6377914,"Transit",2016,1384.16000000
"Kepler-1575 b","Kepler-1575",293.7432102,45.7615507,"Transit",2016,1246.92000000
"Kepler-1576 b","Kepler-1576",289.0739641,40.3660239,"Transit",2016,460.91000000
"Kepler-1577 b","Kepler-1577",292.9552704,47.5730433,"Transit",2016,510.02900000
"Kepler-1578 b","Kepler-1578",288.3021104,47.7756227,"Transit",2016,1064.05000000
"Kepler-1579 b","Kepler-1579",293.2880220,43.5149061,"Transit",2016,466.00000000
"Kepler-158 b","Kepler-158",284.0323723,39.7815365,"Transit",2014,315.17700000
"Kepler-158 c","Kepler-158",284.0323723,39.7815365,"Transit",2014,315.17700000
"Kepler-158 d","Kepler-158",284.0323723,39.7815365,"Transit",2024,315.17700000
"Kepler-1580 b","Kepler-1580",285.9687099,41.3635264,"Transit",2016,1002.02000000
"Kepler-1581 b","Kepler-1581",287.3713199,39.6036225,"Transit",2016,493.17500000
"Kepler-1582 b","Kepler-1582",289.3765441,41.1580845,"Transit",2016,78.89060000
"Kepler-1583 b","Kepler-1583",286.3869335,47.0165188,"Transit",2016,403.93300000
"Kepler-1584 b","Kepler-1584",287.7626791,43.2743929,"Transit",2016,1416.31000000
"Kepler-1585 b","Kepler-1585",296.1589897,44.5630457,"Transit",2016,944.46500000
"Kepler-1586 b","Kepler-1586",298.2026236,44.9258585,"Transit",2016,552.55000000
"Kepler-1587 b","Kepler-1587",292.6777294,49.6638666,"Transit",2016,1026.48000000
"Kepler-1588 b","Kepler-1588",288.2327232,48.0021967,"Transit",2016,924.14100000
"Kepler-1589 b","Kepler-1589",294.4418236,40.5716114,"Transit",2016,1513.14000000
"Kepler-159 b","Kepler-159",297.0702037,40.8687340,"Transit",2014,373.74400000
"Kepler-159 c","Kepler-159",297.0702037,40.8687340,"Transit",2014,373.74400000
"Kepler-1590 b","Kepler-1590",291.4079141,48.0178915,"Transit",2016,771.15200000
"Kepler-1591 b","Kepler-1591",296.5166659,44.6086233,"Transit",2016,1419.58000000
"Kepler-1592 b","Kepler-1592",293.8506230,38.3977379,"Transit",2016,1639.47000000
"Kepler-1593 b","Kepler-1593",300.4882018,44.4606698,"Transit",2016,638.24900000
"Kepler-1594 b","Kepler-1594",293.6230451,47.9619127,"Transit",2016,976.86800000
"Kepler-1595 b","Kepler-1595",285.7227502,43.0094855,"Transit",2016,845.02200000
"Kepler-1596 b","Kepler-1596",285.5575066,49.3300866,"Transit",2016,2146.23000000
"Kepler-1597 b","Kepler-1597",288.1639687,42.4810124,"Transit",2016,1221.05000000
"Kepler-1598 b","Kepler-1598",288.4691070,46.7836464,"Transit",2016,619.86200000
"Kepler-1599 b","Kepler-1599",286.2208685,41.1511886,"Transit",2016,1328.20000000
"Kepler-16 b","Kepler-16",289.0758307,51.7572290,"Transit",2011,75.08520000
"Kepler-160 b","Kepler-160",287.7735730,42.8692755,"Transit",2014,937.01300000
"Kepler-160 c","Kepler-160",287.7735730,42.8692755,"Transit",2014,937.01300000
"Kepler-160 d","Kepler-160",287.7735730,42.8692755,"Transit Timing Variations",2020,937.01300000
"Kepler-1600 b","Kepler-1600",291.3993802,38.7877563,"Transit",2016,1030.81000000
"Kepler-1600 c","Kepler-1600",291.3993802,38.7877563,"Transit",2021,1030.81000000
"Kepler-1601 b","Kepler-1601",285.5129496,38.0798390,"Transit",2016,644.45600000
"Kepler-1602 b","Kepler-1602",293.5808607,40.4275396,"Transit",2016,629.80400000
"Kepler-1603 b","Kepler-1603",295.3298254,42.5349698,"Transit",2016,2712.58000000
"Kepler-1604 b","Kepler-1604",285.4106549,44.4122318,"Transit",2016,541.18900000
"Kepler-1605 b","Kepler-1605",287.1349405,47.4886251,"Transit",2016,546.23000000
"Kepler-1606 b","Kepler-1606",286.3782987,43.0732287,"Transit",2016,831.28700000
"Kepler-1607 b","Kepler-1607",296.0598685,42.6560582,"Transit",2016,1286.10000000
"Kepler-1608 b","Kepler-1608",295.5635550,39.4175700,"Transit",2016,832.00000000
"Kepler-1609 b","Kepler-1609",290.1465356,39.6658026,"Transit",2016,1826.04000000
"Kepler-161 b","Kepler-161",290.5164698,43.0838642,"Transit",2014,434.63200000
"Kepler-161 c","Kepler-161",290.5164698,43.0838642,"Transit",2014,434.63200000
"Kepler-1610 b","Kepler-1610",295.9049795,45.4054296,"Transit",2016,864.33100000
"Kepler-1610 c","Kepler-1610",295.9049795,45.4054296,"Transit",2023,864.33100000
"Kepler-1611 b","Kepler-1611",296.5120204,49.7277506,"Transit",2016,908.44400000
"Kepler-1612 b","Kepler-1612",291.2503022,45.6550536,"Transit",2016,764.72600000
"Kepler-1613 b","Kepler-1613",289.8750066,43.4209318,"Transit",2016,1508.33000000
"Kepler-1614 b","Kepler-1614",284.8713893,49.7758867,"Transit",2016,1191.19000000
"Kepler-1615 b","Kepler-1615",286.3592066,42.2273971,"Transit",2016,1393.83000000
"Kepler-1616 b","Kepler-1616",286.5436691,45.3048716,"Transit",2016,1137.81000000
"Kepler-1617 b","Kepler-1617",287.9371747,46.4184781,"Transit",2016,898.31000000
"Kepler-1618 b","Kepler-1618",295.1753619,45.9308594,"Transit",2016,1229.25000000
"Kepler-1619 b","Kepler-1619",285.7035950,44.4221528,"Transit",2016,734.85000000
"Kepler-162 b","Kepler-162",297.2789115,43.7239693,"Transit",2014,855.64100000
"Kepler-162 c","Kepler-162",297.2789115,43.7239693,"Transit",2014,855.64100000
"Kepler-1620 b","Kepler-1620",297.2709026,46.9284743,"Transit",2016,895.06900000
"Kepler-1621 b","Kepler-1621",297.5885341,43.8411937,"Transit",2016,1631.66000000
"Kepler-1622 b","Kepler-1622",297.3288329,47.8154590,"Transit",2016,796.47700000
"Kepler-1623 b","Kepler-1623",294.0826970,39.5560655,"Transit",2016,837.48100000
"Kepler-1624 b","Kepler-1624",292.5798564,37.3762616,"Transit",2016,258.97900000
"Kepler-1625 b","Kepler-1625",295.4293220,39.8865068,"Transit",2016,2310.11000000
"Kepler-1626 b","Kepler-1626",296.5004384,40.7212069,"Transit",2016,1368.83000000
"Kepler-1627 b","Kepler-1627",284.0566675,41.5767277,"Transit",2016,317.43700000
"Kepler-1628 b","Kepler-1628",281.6336936,43.4115547,"Transit",2016,352.00000000
"Kepler-1629 b","Kepler-1629",280.2066276,43.7743281,"Transit",2016,336.09000000
"Kepler-163 b","Kepler-163",295.0027458,46.9873389,"Transit",2014,689.81400000
"Kepler-163 c","Kepler-163",295.0027458,46.9873389,"Transit",2014,689.81400000
"Kepler-1630 b","Kepler-1630",297.5083004,43.7110543,"Transit",2016,331.21300000
"Kepler-1631 b","Kepler-1631",294.6325781,43.8076687,"Transit",2016,1305.99000000
"Kepler-1632 b","Kepler-1632",294.4948769,43.9135575,"Transit",2016,716.76000000
"Kepler-1633 b","Kepler-1633",288.5151733,44.9232545,"Transit",2016,1114.91000000
"Kepler-1634 b","Kepler-1634",294.0433990,45.1398201,"Transit",2016,617.33900000
"Kepler-1635 b","Kepler-1635",285.3490542,45.5561768,"Transit",2016,1069.45000000
"Kepler-1636 b","Kepler-1636",294.0575681,46.4409844,"Transit",2016,1947.54000000
"Kepler-1637 b","Kepler-1637",282.2368006,48.1542016,"Transit",2016,567.18700000
"Kepler-1638 b","Kepler-1638",295.4823299,48.5244695,"Transit",2016,1525.52000000
"Kepler-1639 b","Kepler-1639",283.0686510,48.8021209,"Transit",2016,1031.31000000
"Kepler-164 b","Kepler-164",287.7808115,47.6298453,"Transit",2014,890.75800000
"Kepler-164 c","Kepler-164",287.7808115,47.6298453,"Transit",2014,890.75800000
"Kepler-164 d","Kepler-164",287.7808115,47.6298453,"Transit",2014,890.75800000
"Kepler-164 e","Kepler-164",287.7808115,47.6298453,"Transit",2023,890.75800000
"Kepler-1640 b","Kepler-1640",294.5577857,40.8504949,"Transit",2016,1859.78000000
"Kepler-1641 b","Kepler-1641",296.3594560,41.5745321,"Transit",2016,860.37000000
"Kepler-1641 c","Kepler-1641",296.3594560,41.5745321,"Transit",2016,860.37000000
"Kepler-1642 b","Kepler-1642",297.2121215,43.6437890,"Transit",2016,413.87300000
"Kepler-1642 c","Kepler-1642",297.2121215,43.6437890,"Transit",2016,413.87300000
"Kepler-1643 b","Kepler-1643",300.4310076,44.7510129,"Transit",2016,341.77400000
"Kepler-1644 b","Kepler-1644",285.4750512,48.0348356,"Transit",2016,629.27000000
"Kepler-1645 b","Kepler-1645",297.4795142,48.4185820,"Transit",2016,1202.47000000
"Kepler-1646 b","Kepler-1646",287.5264859,42.9129356,"Transit",2016,127.59100000
"Kepler-1647 b","Kepler-1647",298.1500570,40.6561751,"Transit",2016,1212.45000000
"Kepler-1649 b","Kepler-1649",292.5029676,41.8299933,"Transit",2017,92.19130000
"Kepler-1649 c","Kepler-1649",292.5029676,41.8299933,"Transit",2020,92.19130000
"Kepler-165 b","Kepler-165",280.6909200,47.8096702,"Transit",2014,560.88500000
"Kepler-165 c","Kepler-165",280.6909200,47.8096702,"Transit",2014,560.88500000
"Kepler-1650 b","Kepler-1650",297.7292296,42.8666919,"Transit",2017,134.39700000
"Kepler-1651 b","Kepler-1651",283.6282602,48.3908081,"Transit",2017,66.40740000
"Kepler-1652 b","Kepler-1652",294.3660313,49.9150219,"Transit",2017,252.00000000
"Kepler-1653 b","Kepler-1653",296.4577020,41.2660210,"Transit",2017,755.00000000
"Kepler-1654 b","Kepler-1654",282.1856949,44.4344617,"Transit",2018,568.11700000
"Kepler-1655 b","Kepler-1655",286.6895986,39.2120802,"Transit",2018,213.26000000
"Kepler-1656 b","Kepler-1656",284.4722473,39.9118890,"Transit",2018,185.87500000
"Kepler-1656 c","Kepler-1656",284.4722473,39.9118890,"Radial Velocity",2022,185.87500000
"Kepler-166 b","Kepler-166",293.1600977,48.8812074,"Transit",2014,603.53000000
"Kepler-166 c","Kepler-166",293.1600977,48.8812074,"Transit",2014,603.53000000
"Kepler-166 d","Kepler-166",293.1600977,48.8812074,"Transit",2016,603.53000000
"Kepler-1660 AB b","Kepler-1660 A",290.5519537,40.2350445,"Eclipse Timing Variations",2023,1188.54000000
"Kepler-1661 b","Kepler-1661",285.1670927,41.9669383,"Transit",2020,410.60700000
"Kepler-1663 b","Kepler-1663",290.4015156,48.8227234,"Transit",2020,337.92600000
"Kepler-1664 b","Kepler-1664",286.8527157,49.2616668,"Transit",2020,626.69100000
"Kepler-1665 b","Kepler-1665",290.3962400,41.0399229,"Transit",2020,335.51500000
"Kepler-1666 b","Kepler-1666",297.9516071,46.2647024,"Transit",2020,1379.37000000
"Kepler-1666 c","Kepler-1666",297.9516071,46.2647024,"Transit",2020,1379.37000000
"Kepler-1667 b","Kepler-1667",283.5329505,48.0943604,"Transit",2020,626.81900000
"Kepler-1668 b","Kepler-1668",297.3523076,46.0959309,"Transit",2020,1335.64000000
"Kepler-1669 b","Kepler-1669",297.4303826,39.8478795,"Transit",2020,543.44400000
"Kepler-1669 c","Kepler-1669",297.4303826,39.8478795,"Transit",2021,543.44400000
"Kepler-1669 d","Kepler-1669",297.4303826,39.8478795,"Transit",2023,543.44400000
"Kepler-167 b","Kepler-167",292.6585253,38.3455558,"Transit",2014,341.90800000
"Kepler-167 c","Kepler-167",292.6585253,38.3455558,"Transit",2014,341.90800000
"Kepler-167 d","Kepler-167",292.6585253,38.3455558,"Transit",2016,341.90800000
"Kepler-167 e","Kepler-167",292.6585253,38.3455558,"Transit",2016,341.90800000
"Kepler-1670 b","Kepler-1670",290.3264599,43.1217550,"Transit",2020,2065.98000000
"Kepler-1671 b","Kepler-1671",291.7484295,39.4467817,"Transit",2020,357.05900000
"Kepler-1672 b","Kepler-1672",297.9400971,40.2785566,"Transit",2020,391.18100000
"Kepler-1673 b","Kepler-1673",285.6671724,48.7195865,"Transit",2020,727.18700000
"Kepler-1674 b","Kepler-1674",294.8160447,45.3060844,"Transit",2020,1012.48000000
"Kepler-1675 b","Kepler-1675",283.8095478,41.0412517,"Transit",2020,651.11700000
"Kepler-1676 b","Kepler-1676",287.2368778,43.5671665,"Transit",2020,
"Kepler-1677 b","Kepler-1677",298.4932730,47.0130566,"Transit",2020,735.36900000
"Kepler-1678 b","Kepler-1678",292.5916297,38.3995629,"Transit",2020,847.33900000
"Kepler-1679 b","Kepler-1679",293.9005786,50.4270507,"Transit",2020,909.28000000
"Kepler-168 b","Kepler-168",294.7101832,39.8250437,"Transit",2014,1343.60000000
"Kepler-168 c","Kepler-168",294.7101832,39.8250437,"Transit",2014,1343.60000000
"Kepler-1680 b","Kepler-1680",297.0746571,39.9338893,"Transit",2020,310.31500000
"Kepler-1681 b","Kepler-1681",296.6972773,46.3716969,"Transit",2020,758.30000000
"Kepler-1682 b","Kepler-1682",293.9835827,39.5728474,"Transit",2020,1159.85000000
"Kepler-1683 b","Kepler-1683",298.4501035,44.2840193,"Transit",2020,733.14300000
"Kepler-1684 b","Kepler-1684",294.0054181,46.3106625,"Transit",2020,621.99600000
"Kepler-1685 b","Kepler-1685",296.1882618,43.9368118,"Transit",2020,1141.89000000
"Kepler-1686 b","Kepler-1686",291.6067189,42.0359783,"Transit",2020,729.82300000
"Kepler-1687 b","Kepler-1687",289.7428363,50.7870626,"Transit",2020,417.01400000
"Kepler-1688 b","Kepler-1688",289.5530051,41.2978532,"Transit",2020,567.44687087
"Kepler-1689 b","Kepler-1689",291.5741663,38.6559433,"Transit",2020,294.12200000
"Kepler-169 b","Kepler-169",285.9999204,40.9193822,"Transit",2014,406.52900000
"Kepler-169 c","Kepler-169",285.9999204,40.9193822,"Transit",2014,406.52900000
"Kepler-169 d","Kepler-169",285.9999204,40.9193822,"Transit",2014,406.52900000
"Kepler-169 e","Kepler-169",285.9999204,40.9193822,"Transit",2014,406.52900000
"Kepler-169 f","Kepler-169",285.9999204,40.9193822,"Transit",2014,406.52900000
"Kepler-1690 b","Kepler-1690",288.1566649,41.8779417,"Transit",2020,703.78900000
"Kepler-1691 b","Kepler-1691",286.2543962,41.0218373,"Transit",2020,1267.67000000
"Kepler-1692 b","Kepler-1692",286.9241804,47.0537092,"Transit",2020,591.01900000
"Kepler-1693 b","Kepler-1693",290.2015581,48.1857799,"Transit",2020,760.06500000
"Kepler-1693 c","Kepler-1693",290.2015581,48.1857799,"Transit",2021,760.06500000
"Kepler-1694 b","Kepler-1694",293.7936339,40.2410230,"Transit",2020,513.32900000
"Kepler-1695 b","Kepler-1695",293.6193001,46.4134015,"Transit",2020,791.17500000
"Kepler-1696 b","Kepler-1696",295.5761011,42.0233639,"Transit",2020,1506.36000000
"Kepler-1697 b","Kepler-1697",287.6633310,43.4713782,"Transit",2020,247.77100000
"Kepler-1698 b","Kepler-1698",293.3450181,39.2577469,"Transit",2020,222.34500000
"Kepler-1699 b","Kepler-1699",292.1373281,48.9171579,"Transit",2020,818.75900000
"Kepler-17 b","Kepler-17",298.3952437,47.8149865,"Transit",2011,720.75300000
"Kepler-170 b","Kepler-170",284.5211975,41.6296562,"Transit",2014,738.65700000
"Kepler-170 c","Kepler-170",284.5211975,41.6296562,"Transit",2014,738.65700000
"Kepler-1700 b","Kepler-1700",286.9497376,45.3537626,"Transit",2020,717.59700000
"Kepler-1701 b","Kepler-1701",286.6088625,41.8892986,"Transit",2020,584.14200000
"Kepler-1702 b","Kepler-1702",284.9724842,44.5674794,"Transit",2020,857.14000000
"Kepler-1704 b","Kepler-1704",291.2012559,51.1442437,"Transit",2021,835.45500000
"Kepler-1705 b","Kepler-1705",301.5785316,44.3121639,"Transit",2021,1633.49000000
"Kepler-1705 c","Kepler-1705",301.5785316,44.3121639,"Transit",2021,1633.49000000
"Kepler-1708 b","Kepler-1708",296.8241065,43.6248197,"Transit",2021,1666.69000000
"Kepler-1709 b","Kepler-1709",283.3748873,43.7883708,"Transit",2021,273.94600000
"Kepler-171 b","Kepler-171",296.7719082,41.7555958,"Transit",2014,863.85500000
"Kepler-171 c","Kepler-171",296.7719082,41.7555958,"Transit",2014,863.85500000
"Kepler-171 d","Kepler-171",296.7719082,41.7555958,"Transit",2014,863.85500000
"Kepler-1710 b","Kepler-1710",291.6832878,37.7514726,"Transit",2021,305.19300000
"Kepler-1711 b","Kepler-1711",298.1772916,42.2370289,"Transit",2021,590.26800000
"Kepler-1712 b","Kepler-1712",284.9986980,50.1466922,"Transit",2021,156.26400000
"Kepler-1713 b","Kepler-1713",287.3456737,43.3783894,"Transit",2021,295.29300000
"Kepler-1714 b","Kepler-1714",293.7164655,46.2266878,"Transit",2021,409.46000000
"Kepler-1715 b","Kepler-1715",293.9297337,41.6029048,"Transit",2021,522.60500000
"Kepler-1716 b","Kepler-1716",297.2717207,43.3330644,"Transit",2021,195.43900000
"Kepler-1717 b","Kepler-1717",295.2126472,49.5621600,"Transit",2021,1008.79000000
"Kepler-1718 b","Kepler-1718",292.2349191,42.9094618,"Transit",2021,375.52200000
"Kepler-1719 b","Kepler-1719",284.7068546,38.9367566,"Transit",2021,905.40600000
"Kepler-172 b","Kepler-172",283.3684093,41.8218390,"Transit",2014,828.59200000
"Kepler-172 c","Kepler-172",283.3684093,41.8218390,"Transit",2014,828.59200000
"Kepler-172 d","Kepler-172",283.3684093,41.8218390,"Transit",2014,828.59200000
"Kepler-172 e","Kepler-172",283.3684093,41.8218390,"Transit",2014,828.59200000
"Kepler-1720 b","Kepler-1720",296.8086813,47.1718557,"Transit",2021,629.44500000
"Kepler-1721 b","Kepler-1721",283.5441984,45.2256548,"Transit",2021,641.37400000
"Kepler-1722 b","Kepler-1722",296.6627402,41.2611985,"Transit",2021,772.28300000
"Kepler-1723 b","Kepler-1723",294.4627362,46.8214022,"Transit",2021,811.27800000
"Kepler-1724 b","Kepler-1724",296.1207272,47.9214736,"Transit",2021,1060.77000000
"Kepler-1725 b","Kepler-1725",294.3735518,40.1946345,"Transit",2021,558.65200000
"Kepler-1726 b","Kepler-1726",284.3861498,45.7197342,"Transit",2021,390.55200000
"Kepler-1727 b","Kepler-1727",290.3336142,38.7282722,"Transit",2021,894.18700000
"Kepler-1728 b","Kepler-1728",287.0940046,39.0607801,"Transit",2021,651.78300000
"Kepler-1729 b","Kepler-1729",296.6939428,42.6261145,"Transit",2021,576.18100000
"Kepler-173 b","Kepler-173",294.6466171,41.8840952,"Transit",2014,833.16500000
"Kepler-173 c","Kepler-173",294.6466171,41.8840952,"Transit",2014,833.16500000
"Kepler-1730 b","Kepler-1730",281.9605834,43.7030386,"Transit",2021,1427.08000000
"Kepler-1731 b","Kepler-1731",291.2544229,36.7434302,"Transit",2021,169.94800000
"Kepler-1732 b","Kepler-1732",292.2910129,37.5807686,"Transit",2021,1289.41000000
"Kepler-1733 b","Kepler-1733",291.1384628,37.8592447,"Transit",2021,2080.51000000
"Kepler-1734 b","Kepler-1734",294.1631670,41.4517316,"Transit",2021,1482.83000000
"Kepler-1735 b","Kepler-1735",281.0503476,47.1882005,"Transit",2021,245.30300000
"Kepler-1736 b","Kepler-1736",289.7766991,38.2622374,"Transit",2021,1430.00000000
"Kepler-1737 b","Kepler-1737",297.0148111,47.4864170,"Transit",2021,
"Kepler-1738 b","Kepler-1738",296.1313474,47.4388098,"Transit",2021,1302.87000000
"Kepler-1739 b","Kepler-1739",296.2320536,47.6788626,"Transit",2021,783.66600000
"Kepler-174 b","Kepler-174",287.4389454,43.8320052,"Transit",2014,384.75700000
"Kepler-174 c","Kepler-174",287.4389454,43.8320052,"Transit",2014,384.75700000
"Kepler-174 d","Kepler-174",287.4389454,43.8320052,"Transit",2014,384.75700000
"Kepler-1740 b","Kepler-1740",293.8736630,38.9224548,"Transit",2021,1061.77000000
"Kepler-1741 b","Kepler-1741",292.5770730,39.1209390,"Transit",2021,270.73900000
"Kepler-1742 b","Kepler-1742",286.9668086,44.9924315,"Transit",2021,669.57300000
"Kepler-1743 b","Kepler-1743",290.5523552,48.1262575,"Transit",2021,538.80700000
"Kepler-1744 b","Kepler-1744",291.0206823,42.4624633,"Transit",2021,1091.63000000
"Kepler-1745 b","Kepler-1745",293.4689924,42.8223582,"Transit",2021,996.10500000
"Kepler-1746 b","Kepler-1746",288.3203979,42.2613874,"Transit",2021,979.54100000
"Kepler-1747 b","Kepler-1747",284.2096557,45.2580820,"Transit",2021,1321.38000000
"Kepler-1748 b","Kepler-1748",285.9678970,45.7390789,"Transit",2021,1083.28000000
"Kepler-1749 b","Kepler-1749",290.2945805,45.5645196,"Transit",2021,268.20000000
"Kepler-175 b","Kepler-175",289.5532320,43.8761160,"Transit",2014,1312.34000000
"Kepler-175 c","Kepler-175",289.5532320,43.8761160,"Transit",2014,1312.34000000
"Kepler-1750 b","Kepler-1750",292.3514917,48.5110714,"Transit",2021,1497.33000000
"Kepler-1751 b","Kepler-1751",284.8465476,49.6923412,"Transit",2021,1291.47000000
"Kepler-1752 b","Kepler-1752",290.8541401,51.2227435,"Transit",2021,962.88800000
"Kepler-1753 b","Kepler-1753",288.2366640,46.6058744,"Transit",2021,707.68800000
"Kepler-1754 b","Kepler-1754",295.4570818,50.0771838,"Transit",2021,718.94500000
"Kepler-1755 b","Kepler-1755",296.8460920,40.1385777,"Transit",2021,982.38300000
"Kepler-1756 b","Kepler-1756",294.3649040,40.7208898,"Transit",2021,
"Kepler-1757 b","Kepler-1757",297.7397823,46.9418957,"Transit",2021,807.30800000
"Kepler-1758 b","Kepler-1758",297.7968197,39.9213378,"Transit",2021,1588.41000000
"Kepler-1759 b","Kepler-1759",298.4656275,48.5593334,"Transit",2021,385.34800000
"Kepler-176 b","Kepler-176",294.6679021,43.8532104,"Transit",2014,527.32100000
"Kepler-176 c","Kepler-176",294.6679021,43.8532104,"Transit",2014,527.32100000
"Kepler-176 d","Kepler-176",294.6679021,43.8532104,"Transit",2014,527.32100000
"Kepler-176 e","Kepler-176",294.6679021,43.8532104,"Transit",2016,527.32100000
"Kepler-1760 b","Kepler-1760",284.1326058,48.8251452,"Transit",2021,
"Kepler-1761 b","Kepler-1761",284.1329728,49.1426325,"Transit",2021,221.18600000
"Kepler-1762 b","Kepler-1762",290.4931471,39.7855117,"Transit",2021,1663.74000000
"Kepler-1763 b","Kepler-1763",294.1130368,40.3628861,"Transit",2021,756.48600000
"Kepler-1764 b","Kepler-1764",293.8799047,41.3938374,"Transit",2021,1542.48000000
"Kepler-1765 b","Kepler-1765",298.0144601,42.9574314,"Transit",2021,764.45600000
"Kepler-1766 b","Kepler-1766",294.2772343,46.6752351,"Transit",2021,501.22900000
"Kepler-1767 b","Kepler-1767",293.6441248,46.9896696,"Transit",2021,820.50600000
"Kepler-1768 b","Kepler-1768",299.9572335,44.7718851,"Transit",2021,632.76600000
"Kepler-1769 b","Kepler-1769",294.7433755,43.4611633,"Transit",2021,438.41200000
"Kepler-177 b","Kepler-177",286.0471442,45.0532038,"Transit",2013,1435.44000000
"Kepler-177 c","Kepler-177",286.0471442,45.0532038,"Transit",2013,1435.44000000
"Kepler-1770 b","Kepler-1770",299.2502851,43.4103663,"Transit",2021,582.94200000
"Kepler-1771 b","Kepler-1771",292.0134714,49.0191267,"Transit",2021,565.75200000
"Kepler-1772 b","Kepler-1772",289.4381201,39.2703594,"Transit",2021,871.56400000
"Kepler-1773 b","Kepler-1773",286.2232284,38.2581676,"Transit",2021,681.25500000
"Kepler-1774 b","Kepler-1774",288.5743991,40.9886069,"Transit",2021,816.59200000
"Kepler-1775 b","Kepler-1775",286.4023452,38.7385674,"Transit",2021,657.02300000
"Kepler-1776 b","Kepler-1776",291.5344017,47.0424958,"Transit",2021,690.33600000
"Kepler-1777 b","Kepler-1777",290.3286455,37.7231188,"Transit",2021,619.14600000
"Kepler-1778 b","Kepler-1778",287.3612976,43.7388000,"Transit",2021,1276.29000000
"Kepler-1779 b","Kepler-1779",300.4174607,45.6054854,"Transit",2021,908.50100000
"Kepler-178 b","Kepler-178",287.1010275,46.8964033,"Transit",2014,716.02500000
"Kepler-178 c","Kepler-178",287.1010275,46.8964033,"Transit",2014,716.02500000
"Kepler-178 d","Kepler-178",287.1010275,46.8964033,"Transit",2014,716.02500000
"Kepler-1780 b","Kepler-1780",294.0839282,42.8095104,"Transit",2021,790.51600000
"Kepler-1781 b","Kepler-1781",291.7114906,42.3415097,"Transit",2021,962.63000000
"Kepler-1782 b","Kepler-1782",280.9261620,44.0878036,"Transit",2021,305.79200000
"Kepler-1783 b","Kepler-1783",297.0210984,41.3771655,"Transit",2021,264.07800000
"Kepler-1784 b","Kepler-1784",297.9541684,44.6674491,"Transit",2021,883.04500000
"Kepler-1785 b","Kepler-1785",295.7921797,47.6000699,"Transit",2021,745.74000000
"Kepler-1786 b","Kepler-1786",292.5877743,38.5219827,"Transit",2021,863.90900000
"Kepler-1787 b","Kepler-1787",289.0643042,47.1174041,"Transit",2021,778.60200000
"Kepler-1788 b","Kepler-1788",291.2243829,45.7780993,"Transit",2021,560.44500000
"Kepler-1789 b","Kepler-1789",282.8631419,41.7966332,"Transit",2021,611.46100000
"Kepler-179 b","Kepler-179",298.6636163,47.7619329,"Transit",2014,605.68000000
"Kepler-179 c","Kepler-179",298.6636163,47.7619329,"Transit",2014,605.68000000
"Kepler-1790 b","Kepler-1790",294.5668577,46.0757312,"Transit",2021,1070.17000000
"Kepler-1791 b","Kepler-1791",284.4903166,42.6482636,"Transit",2021,602.21800000
"Kepler-1792 b","Kepler-1792",294.8400788,39.0859757,"Transit",2021,601.02900000
"Kepler-1793 b","Kepler-1793",291.9129477,40.9539265,"Transit",2021,1189.88000000
"Kepler-1794 b","Kepler-1794",300.6196594,45.7888068,"Transit",2021,561.22900000
"Kepler-1795 b","Kepler-1795",286.4792568,39.2698793,"Transit",2021,
"Kepler-1796 b","Kepler-1796",301.5430397,44.6056251,"Transit",2021,825.88300000
"Kepler-1797 b","Kepler-1797",292.4642406,45.9682799,"Transit",2021,1338.49000000
"Kepler-1798 b","Kepler-1798",291.7262251,37.5289680,"Transit",2021,395.19600000
"Kepler-1799 b","Kepler-1799",288.3086994,51.4783348,"Transit",2021,2254.69000000
"Kepler-18 b","Kepler-18",298.0794448,44.7462480,"Transit",2011,433.04700000
"Kepler-18 c","Kepler-18",298.0794448,44.7462480,"Transit",2011,433.04700000
"Kepler-18 d","Kepler-18",298.0794448,44.7462480,"Transit",2011,433.04700000
"Kepler-180 b","Kepler-180",295.5712566,49.7745140,"Transit",2014,695.65000000
"Kepler-180 c","Kepler-180",295.5712566,49.7745140,"Transit",2014,695.65000000
"Kepler-1800 b","Kepler-1800",297.6513317,40.3524154,"Transit",2021,350.45500000
"Kepler-1801 b","Kepler-1801",295.1640095,39.2014024,"Transit",2021,839.33200000
"Kepler-1801 c","Kepler-1801",295.1640095,39.2014024,"Transit",2023,839.33200000
"Kepler-1802 b","Kepler-1802",300.2420869,44.1412854,"Transit",2021,636.69400000
"Kepler-1802 c","Kepler-1802",300.2420869,44.1412854,"Transit",2021,636.69400000
"Kepler-1804 b","Kepler-1804",301.3428675,44.6721750,"Transit",2021,434.45600000
"Kepler-1805 b","Kepler-1805",285.0865387,40.8990506,"Transit",2021,221.63900000
"Kepler-1806 b","Kepler-1806",287.5349528,49.8016283,"Transit",2021,978.06600000
"Kepler-1807 b","Kepler-1807",291.5494119,44.5272788,"Transit",2021,1299.32000000
"Kepler-1808 b","Kepler-1808",287.2924737,39.3832039,"Transit",2021,1022.01000000
"Kepler-1809 b","Kepler-1809",290.2651662,40.5484937,"Transit",2021,409.60200000
"Kepler-181 b","Kepler-181",296.1512831,50.0957806,"Transit",2014,609.28300000
"Kepler-181 c","Kepler-181",296.1512831,50.0957806,"Transit",2014,609.28300000
"Kepler-1810 b","Kepler-1810",291.8129995,38.0880964,"Transit",2021,1009.87000000
"Kepler-1811 b","Kepler-1811",289.9793241,40.1427848,"Transit",2021,1390.56000000
"Kepler-1812 b","Kepler-1812",298.0845087,40.2832525,"Transit",2021,1409.19000000
"Kepler-1813 b","Kepler-1813",292.2399069,48.5115214,"Transit",2021,
"Kepler-1814 b","Kepler-1814",285.2166767,41.2824449,"Transit",2021,726.34600000
"Kepler-1814 c","Kepler-1814",285.2166767,41.2824449,"Transit",2023,726.34600000
"Kepler-1815 b","Kepler-1815",300.1704720,43.9849048,"Transit",2021,1006.63000000
"Kepler-1816 b","Kepler-1816",296.8509823,50.6987736,"Transit",2021,437.82300000
"Kepler-1817 b","Kepler-1817",282.0333419,44.4779955,"Transit",2021,748.56900000
"Kepler-1818 b","Kepler-1818",284.3284866,40.5688741,"Transit",2021,1034.59000000
"Kepler-1819 b","Kepler-1819",296.5600307,46.8574644,"Transit",2021,1363.19000000
"Kepler-182 b","Kepler-182",289.8301128,50.5862025,"Transit",2014,1549.09000000
"Kepler-182 c","Kepler-182",289.8301128,50.5862025,"Transit",2014,1549.09000000
"Kepler-1820 b","Kepler-1820",296.7127400,48.2722828,"Transit",2021,1425.39000000
"Kepler-1821 b","Kepler-1821",294.5254573,49.8724840,"Transit",2021,799.69900000
"Kepler-1822 b","Kepler-1822",297.2855000,41.3055733,"Transit",2021,897.59700000
"Kepler-1823 b","Kepler-1823",283.7547770,45.3351250,"Transit",2021,724.97100000
"Kepler-1824 b","Kepler-1824",296.7071957,41.2036197,"Transit",2021,1040.10000000
"Kepler-1825 b","Kepler-1825",292.5140647,42.6517554,"Transit",2021,430.25400000
"Kepler-1826 b","Kepler-1826",292.7700072,48.8998469,"Transit",2021,336.95200000
"Kepler-1827 b","Kepler-1827",292.2525301,40.7927895,"Transit",2021,686.46100000
"Kepler-1828 b","Kepler-1828",292.4275963,37.3207616,"Transit",2021,871.81000000
"Kepler-1829 b","Kepler-1829",288.6644840,51.4983798,"Transit",2021,679.92100000
"Kepler-183 b","Kepler-183",293.5308112,39.3159329,"Transit",2014,1050.64000000
"Kepler-183 c","Kepler-183",293.5308112,39.3159329,"Transit",2014,1050.64000000
"Kepler-1830 b","Kepler-1830",295.1390408,40.9790527,"Transit",2021,1056.88000000
"Kepler-1831 b","Kepler-1831",295.3024604,49.5890456,"Transit",2021,1053.49000000
"Kepler-1832 b","Kepler-1832",299.8517779,43.7320611,"Transit",2021,486.17400000
"Kepler-1833 b","Kepler-1833",290.8714239,45.4102813,"Transit",2021,591.60200000
"Kepler-1834 b","Kepler-1834",294.6646789,39.7838461,"Transit",2021,500.39500000
"Kepler-1834 c","Kepler-1834",294.6646789,39.7838461,"Transit",2023,500.39500000
"Kepler-1835 b","Kepler-1835",280.3148152,43.9856885,"Transit",2021,1404.38000000
"Kepler-1836 b","Kepler-1836",292.3150933,40.8387799,"Transit",2021,1472.62000000
"Kepler-1837 b","Kepler-1837",288.2076012,45.6834463,"Transit",2021,1229.18000000
"Kepler-1838 b","Kepler-1838",298.9917165,40.1422600,"Transit",2021,451.24200000
"Kepler-1839 b","Kepler-1839",294.2244432,50.0755761,"Transit",2021,1136.60000000
"Kepler-184 b","Kepler-184",291.9518784,43.0746172,"Transit",2014,610.32600000
"Kepler-184 c","Kepler-184",291.9518784,43.0746172,"Transit",2014,610.32600000
"Kepler-184 d","Kepler-184",291.9518784,43.0746172,"Transit",2014,610.32600000
"Kepler-1840 b","Kepler-1840",298.5948803,41.4359643,"Transit",2021,513.10700000
"Kepler-1841 b","Kepler-1841",287.7069031,40.6852161,"Transit",2021,631.70000000
"Kepler-1842 b","Kepler-1842",286.2516039,42.3784353,"Transit",2021,923.55100000
"Kepler-1843 b","Kepler-1843",292.8852302,41.2791690,"Transit",2021,784.62500000
"Kepler-1844 b","Kepler-1844",292.6903973,37.9345682,"Transit",2021,1804.36000000
"Kepler-1845 b","Kepler-1845",292.9016226,38.2970320,"Transit",2021,710.72400000
"Kepler-1846 b","Kepler-1846",294.3909489,44.7629523,"Transit",2021,374.61500000
"Kepler-1847 b","Kepler-1847",296.6014013,44.3252289,"Transit",2021,1693.86000000
"Kepler-1848 b","Kepler-1848",299.3814921,45.5920846,"Transit",2021,309.69600000
"Kepler-1849 b","Kepler-1849",285.2919300,41.2557275,"Transit",2021,631.88400000
"Kepler-185 b","Kepler-185",282.4681674,43.8899464,"Transit",2014,466.73500000
"Kepler-185 c","Kepler-185",282.4681674,43.8899464,"Transit",2014,466.73500000
"Kepler-1850 b","Kepler-1850",287.1428295,43.6161177,"Transit",2021,250.19900000
"Kepler-1851 b","Kepler-1851",285.6737597,45.6398375,"Transit",2021,1589.81000000
"Kepler-1852 b","Kepler-1852",288.0297157,40.3441934,"Transit",2021,772.48100000
"Kepler-1853 b","Kepler-1853",284.7478834,46.3735415,"Transit",2021,562.34800000
"Kepler-1854 b","Kepler-1854",286.2859300,37.3869915,"Transit",2021,423.34800000
"Kepler-1855 b","Kepler-1855",283.4018628,41.5161554,"Transit",2021,
"Kepler-1856 b","Kepler-1856",295.9091695,51.3478777,"Transit",2021,848.76000000
"Kepler-1857 b","Kepler-1857",296.4557129,39.5985370,"Transit",2021,853.27500000
"Kepler-1858 b","Kepler-1858",292.3074315,46.6265790,"Transit",2021,833.05500000
"Kepler-1859 b","Kepler-1859",293.9886751,46.7179996,"Transit",2021,1331.25000000
"Kepler-1859 c","Kepler-1859",293.9886751,46.7179996,"Transit",2023,1331.25000000
"Kepler-186 b","Kepler-186",298.6527360,43.9549884,"Transit",2014,177.59400000
"Kepler-186 c","Kepler-186",298.6527360,43.9549884,"Transit",2014,177.59400000
"Kepler-186 d","Kepler-186",298.6527360,43.9549884,"Transit",2014,177.59400000
"Kepler-186 e","Kepler-186",298.6527360,43.9549884,"Transit",2014,177.59400000
"Kepler-186 f","Kepler-186",298.6527360,43.9549884,"Transit",2014,177.59400000
"Kepler-1860 b","Kepler-1860",294.3508497,50.0809627,"Transit",2021,438.70300000
"Kepler-1861 b","Kepler-1861",295.8465148,49.9361586,"Transit",2021,829.98500000
"Kepler-1862 b","Kepler-1862",296.7533555,49.3780726,"Transit",2021,1232.19000000
"Kepler-1863 b","Kepler-1863",282.2397185,43.2440854,"Transit",2021,865.54600000
"Kepler-1864 b","Kepler-1864",289.6867653,41.5889178,"Transit",2021,298.89400000
"Kepler-1865 b","Kepler-1865",293.9412380,41.5904136,"Transit",2021,922.25500000
"Kepler-1866 b","Kepler-1866",286.2246453,44.6544869,"Transit",2021,976.73700000
"Kepler-1867 b","Kepler-1867",294.9971007,43.4358698,"Transit",2021,680.58300000
"Kepler-1868 b","Kepler-1868",293.2983733,43.5558025,"Transit",2021,274.18000000
"Kepler-1869 b","Kepler-1869",292.6149958,42.7643438,"Transit",2021,113.02500000
"Kepler-1869 c","Kepler-1869",292.6149958,42.7643438,"Transit",2023,113.02500000
"Kepler-187 b","Kepler-187",299.7964955,44.0892448,"Transit",2014,1143.00000000
"Kepler-187 c","Kepler-187",299.7964955,44.0892448,"Transit",2014,1143.00000000
"Kepler-1870 b","Kepler-1870",293.9335076,40.5907040,"Transit",2021,407.21600000
"Kepler-1871 b","Kepler-1871",292.4275044,38.4728824,"Transit",2021,854.62300000
"Kepler-1872 b","Kepler-1872",281.0491988,43.3225996,"Transit",2021,840.18200000
"Kepler-1873 b","Kepler-1873",294.5965570,46.0483705,"Transit",2021,820.95700000
"Kepler-1874 b","Kepler-1874",286.3718158,43.6920810,"Transit",2021,408.00700000
"Kepler-1875 b","Kepler-1875",296.7727406,50.1883667,"Transit",2021,1660.45000000
"Kepler-1876 b","Kepler-1876",299.1604859,41.1437964,"Transit",2021,259.93500000
"Kepler-1877 b","Kepler-1877",294.8669240,46.7904816,"Transit",2021,285.31200000
"Kepler-1878 b","Kepler-1878",300.7324154,44.1070231,"Transit",2021,1494.30000000
"Kepler-1879 b","Kepler-1879",289.3644209,41.5332589,"Transit",2021,627.17100000
"Kepler-188 b","Kepler-188",281.2797173,44.3154743,"Transit",2014,968.54400000
"Kepler-188 c","Kepler-188",281.2797173,44.3154743,"Transit",2014,968.54400000
"Kepler-1880 b","Kepler-1880",287.8264561,40.6965988,"Transit",2021,611.04100000
"Kepler-1881 b","Kepler-1881",293.6393065,44.9825447,"Transit",2021,1057.21000000
"Kepler-1882 b","Kepler-1882",290.6640856,43.4997866,"Transit",2021,443.37100000
"Kepler-1883 b","Kepler-1883",291.9225570,42.0025220,"Transit",2021,1377.61000000
"Kepler-1884 b","Kepler-1884",296.7463986,43.0454207,"Transit",2021,1443.09000000
"Kepler-1885 b","Kepler-1885",288.7507112,47.4909206,"Transit",2021,818.48200000
"Kepler-1886 b","Kepler-1886",296.2645118,39.4059745,"Transit",2021,1059.51000000
"Kepler-1887 b","Kepler-1887",288.9555263,44.7057070,"Transit",2021,1366.18000000
"Kepler-1888 b","Kepler-1888",289.3945523,41.7822597,"Transit",2021,402.94700000
"Kepler-1889 b","Kepler-1889",297.1992577,41.2264404,"Transit",2021,1395.13000000
"Kepler-189 b","Kepler-189",287.5646296,44.3050662,"Transit",2014,591.53400000
"Kepler-189 c","Kepler-189",287.5646296,44.3050662,"Transit",2014,591.53400000
"Kepler-1890 b","Kepler-1890",292.5778203,40.6679032,"Transit",2021,529.59600000
"Kepler-1891 b","Kepler-1891",290.0438524,44.3705375,"Transit",2021,596.24000000
"Kepler-1892 b","Kepler-1892",299.0810070,42.0180957,"Transit",2021,851.59500000
"Kepler-1893 b","Kepler-1893",298.4012866,44.8381709,"Transit",2021,1050.72000000
"Kepler-1894 b","Kepler-1894",295.5864604,49.6668523,"Transit",2021,935.19100000
"Kepler-1894 c","Kepler-1894",295.5864604,49.6668523,"Transit",2023,935.19100000
"Kepler-1895 b","Kepler-1895",291.6756005,48.7625419,"Transit",2021,984.18700000
"Kepler-1896 b","Kepler-1896",289.6785786,40.2496475,"Transit",2021,1732.91000000
"Kepler-1897 b","Kepler-1897",294.2901043,39.1268710,"Transit",2021,983.17400000
"Kepler-1898 b","Kepler-1898",287.2058009,38.4981903,"Transit",2021,360.92100000
"Kepler-1899 b","Kepler-1899",292.0333777,37.9744551,"Transit",2021,711.50900000
"Kepler-19 b","Kepler-19",290.4209694,37.8516556,"Transit",2011,218.56200000
"Kepler-19 c","Kepler-19",290.4209694,37.8516556,"Transit Timing Variations",2011,218.56200000
"Kepler-19 d","Kepler-19",290.4209694,37.8516556,"Radial Velocity",2017,218.56200000
"Kepler-190 b","Kepler-190",288.5839761,44.7337701,"Transit",2014,433.38700000
"Kepler-190 c","Kepler-190",288.5839761,44.7337701,"Transit",2014,433.38700000
"Kepler-1900 b","Kepler-1900",291.8863206,44.4790319,"Transit",2021,1540.43000000
"Kepler-1901 b","Kepler-1901",291.1643587,45.3183061,"Transit",2021,1028.37000000
"Kepler-1902 b","Kepler-1902",292.7376545,42.0147792,"Transit",2021,344.33700000
"Kepler-1903 b","Kepler-1903",290.8882981,51.2481617,"Transit",2021,1775.44000000
"Kepler-1904 b","Kepler-1904",288.8744026,51.1542215,"Transit",2021,270.85400000
"Kepler-1905 b","Kepler-1905",292.5733475,46.3668273,"Transit",2021,1051.53000000
"Kepler-1906 b","Kepler-1906",293.8266166,38.8565906,"Transit",2021,1360.63000000
"Kepler-1907 b","Kepler-1907",280.7085829,47.3279236,"Transit",2021,292.11100000
"Kepler-1907 c","Kepler-1907",280.7085829,47.3279236,"Transit",2021,292.11100000
"Kepler-1909 b","Kepler-1909",290.8894090,42.4596251,"Transit",2021,763.66200000
"Kepler-191 b","Kepler-191",291.1833211,45.3230937,"Transit",2014,594.46400000
"Kepler-191 c","Kepler-191",291.1833211,45.3230937,"Transit",2014,594.46400000
"Kepler-191 d","Kepler-191",291.1833211,45.3230937,"Transit",2016,594.46400000
"Kepler-1910 b","Kepler-1910",296.6171677,41.2811677,"Transit",2021,
"Kepler-1911 b","Kepler-1911",299.3035590,41.4410233,"Transit",2021,269.91200000
"Kepler-1912 b","Kepler-1912",282.1178211,46.2239547,"Transit",2021,297.01700000
"Kepler-1913 b","Kepler-1913",290.2166890,44.7795863,"Transit",2021,876.30000000
"Kepler-1914 b","Kepler-1914",291.4314024,38.6543635,"Transit",2021,1621.56000000
"Kepler-1915 b","Kepler-1915",301.2786852,44.2505116,"Transit",2021,1514.66000000
"Kepler-1916 b","Kepler-1916",293.0705754,48.3876790,"Transit",2021,2055.82000000
"Kepler-1917 b","Kepler-1917",294.1038932,45.0013533,"Transit",2021,909.03700000
"Kepler-1918 b","Kepler-1918",292.5305460,42.2145765,"Transit",2021,1030.11000000
"Kepler-1919 b","Kepler-1919",283.1319153,43.9560050,"Transit",2021,1177.53000000
"Kepler-192 b","Kepler-192",287.9179379,45.5928829,"Transit",2014,651.67400000
"Kepler-192 c","Kepler-192",287.9179379,45.5928829,"Transit",2014,651.67400000
"Kepler-192 d","Kepler-192",287.9179379,45.5928829,"Transit",2016,651.67400000
"Kepler-1920 b","Kepler-1920",291.0620355,38.8632881,"Transit",2021,885.91300000
"Kepler-1921 b","Kepler-1921",300.3161723,45.4953271,"Transit",2021,928.98900000
"Kepler-1921 c","Kepler-1921",300.3161723,45.4953271,"Transit",2023,928.98900000
"Kepler-1922 b","Kepler-1922",292.3303706,37.9970696,"Transit",2021,1344.29000000
"Kepler-1923 b","Kepler-1923",298.0834457,40.3462551,"Transit",2021,990.83800000
"Kepler-1924 b","Kepler-1924",293.7673860,42.8291562,"Transit",2021,1910.77000000
"Kepler-1925 b","Kepler-1925",289.8287452,45.1026883,"Transit",2021,1771.31000000
"Kepler-1926 b","Kepler-1926",291.1987905,44.1662033,"Transit",2021,667.40500000
"Kepler-1927 b","Kepler-1927",296.3546093,41.3355698,"Transit",2021,1091.00000000
"Kepler-1928 b","Kepler-1928",290.4406294,38.5235721,"Transit",2021,326.36200000
"Kepler-1929 b","Kepler-1929",299.5833362,47.4481244,"Transit",2021,508.20100000
"Kepler-193 b","Kepler-193",296.4985951,46.5772484,"Transit",2014,1009.10000000
"Kepler-193 c","Kepler-193",296.4985951,46.5772484,"Transit",2014,1009.10000000
"Kepler-1930 b","Kepler-1930",297.5771450,40.0276768,"Transit",2021,275.69400000
"Kepler-1931 b","Kepler-1931",290.8723061,43.3330104,"Transit",2021,620.09100000
"Kepler-1932 b","Kepler-1932",285.3314903,41.0638435,"Transit",2021,713.73300000
"Kepler-1933 b","Kepler-1933",283.9950850,39.9170121,"Transit",2021,328.00700000
"Kepler-1934 b","Kepler-1934",290.9193265,37.2871677,"Transit",2021,428.51400000
"Kepler-1935 b","Kepler-1935",296.4037783,39.7227036,"Transit",2021,904.70200000
"Kepler-1936 b","Kepler-1936",290.7300141,44.8361280,"Transit",2021,871.09600000
"Kepler-1937 b","Kepler-1937",290.6583922,40.7785383,"Transit",2021,905.06900000
"Kepler-1938 b","Kepler-1938",299.3518920,41.1957285,"Transit",2021,421.15200000
"Kepler-1939 b","Kepler-1939",285.6899312,40.9946659,"Transit",2021,189.83300000
"Kepler-194 b","Kepler-194",291.9714290,47.8640498,"Transit",2014,1097.97000000
"Kepler-194 c","Kepler-194",291.9714290,47.8640498,"Transit",2014,1097.97000000
"Kepler-194 d","Kepler-194",291.9714290,47.8640498,"Transit",2014,1097.97000000
"Kepler-1940 b","Kepler-1940",291.2042027,45.2383344,"Transit",2021,798.59500000
"Kepler-1941 b","Kepler-1941",296.6270184,49.3538910,"Transit",2021,1494.39000000
"Kepler-1942 b","Kepler-1942",294.9805416,44.4252384,"Transit",2021,842.49200000
"Kepler-1943 b","Kepler-1943",293.3182976,41.1166697,"Transit",2021,1004.55000000
"Kepler-1944 b","Kepler-1944",296.5105045,39.1732645,"Transit",2021,1076.48000000
"Kepler-1945 b","Kepler-1945",281.8980828,42.2858185,"Transit",2021,
"Kepler-1946 b","Kepler-1946",282.3355387,42.8453417,"Transit",2021,1002.12000000
"Kepler-1947 b","Kepler-1947",296.1040313,42.3425818,"Transit",2021,468.77100000
"Kepler-1948 b","Kepler-1948",287.3640804,47.7853043,"Transit",2021,193.90300000
"Kepler-1949 b","Kepler-1949",293.5422586,43.0260555,"Transit",2021,2617.35000000
"Kepler-195 b","Kepler-195",288.1209339,47.9666141,"Transit",2014,652.05100000
"Kepler-195 c","Kepler-195",288.1209339,47.9666141,"Transit",2014,652.05100000
"Kepler-1950 b","Kepler-1950",287.0874563,42.6686537,"Transit",2021,697.25300000
"Kepler-1951 b","Kepler-1951",290.4999139,40.2877161,"Transit",2021,1277.32000000
"Kepler-1952 b","Kepler-1952",288.0764082,43.9584839,"Transit",2021,852.06200000
"Kepler-1953 b","Kepler-1953",287.9680995,46.4705959,"Transit",2021,605.63100000
"Kepler-1954 b","Kepler-1954",298.0029203,43.3545882,"Transit",2021,1373.83000000
"Kepler-1955 b","Kepler-1955",299.5347603,40.4777528,"Transit",2021,449.35100000
"Kepler-1956 b","Kepler-1956",294.6208506,49.8942190,"Transit",2021,360.46800000
"Kepler-1957 b","Kepler-1957",293.7114360,47.8874467,"Transit",2021,460.89900000
"Kepler-1958 b","Kepler-1958",289.1041643,41.6901138,"Transit",2021,1320.38000000
"Kepler-1959 b","Kepler-1959",296.0223010,44.7326691,"Transit",2021,479.26300000
"Kepler-196 b","Kepler-196",284.9685077,42.0791214,"Transit",2014,451.31200000
"Kepler-196 c","Kepler-196",284.9685077,42.0791214,"Transit",2014,451.31200000
"Kepler-196 d","Kepler-196",284.9685077,42.0791214,"Transit",2021,451.31200000
"Kepler-1960 b","Kepler-1960",294.6969361,46.7202043,"Transit",2021,1527.56000000
"Kepler-1961 b","Kepler-1961",286.3300783,39.6831276,"Transit",2021,1042.45000000
"Kepler-1962 b","Kepler-1962",289.5483989,40.1641457,"Transit",2021,866.82600000
"Kepler-1963 b","Kepler-1963",296.5875182,47.2071290,"Transit",2021,492.84700000
"Kepler-1964 b","Kepler-1964",297.0588033,49.4784362,"Transit",2021,
"Kepler-1965 b","Kepler-1965",292.5147146,38.0219872,"Transit",2021,521.79100000
"Kepler-1966 b","Kepler-1966",292.4637788,41.2990438,"Transit",2021,484.60100000
"Kepler-1967 b","Kepler-1967",299.1376276,43.4984724,"Transit",2021,249.10200000
"Kepler-1968 b","Kepler-1968",291.5080318,45.3700933,"Transit",2021,750.93000000
"Kepler-1969 b","Kepler-1969",294.7842662,49.4920557,"Transit",2021,1204.54000000
"Kepler-197 b","Kepler-197",295.2264739,50.5592348,"Transit",2014,330.57500000
"Kepler-197 c","Kepler-197",295.2264739,50.5592348,"Transit",2014,330.57500000
"Kepler-197 d","Kepler-197",295.2264739,50.5592348,"Transit",2014,330.57500000
"Kepler-197 e","Kepler-197",295.2264739,50.5592348,"Transit",2014,330.57500000
"Kepler-1972 b","Kepler-1972",288.3953074,39.8725067,"Transit",2022,287.33900000
"Kepler-1972 c","Kepler-1972",288.3953074,39.8725067,"Transit",2022,287.33900000
"Kepler-1976 b","Kepler-1976",292.1670600,48.7275345,"Transit Timing Variations",2023,1314.51000000
"Kepler-1977 b","Kepler-1977",290.6178587,37.2891002,"Transit",2023,592.71100000
"Kepler-1978 b","Kepler-1978",286.0067312,38.0095407,"Transit",2023,865.51200000
"Kepler-1979 b","Kepler-1979",289.8429062,38.3096220,"Transit",2023,1076.27000000
"Kepler-198 b","Kepler-198",290.6731326,38.6910045,"Transit",2014,495.35800000
"Kepler-198 c","Kepler-198",290.6731326,38.6910045,"Transit",2014,495.35800000
"Kepler-198 d","Kepler-198",290.6731326,38.6910045,"Transit",2016,495.35800000
"Kepler-1980 b","Kepler-1980",295.1672065,38.6370390,"Transit",2023,1709.40000000
"Kepler-1981 b","Kepler-1981",287.9754691,38.7402988,"Transit",2023,659.39500000
"Kepler-1982 b","Kepler-1982",287.4099905,39.6586267,"Transit",2023,558.85500000
"Kepler-1983 b","Kepler-1983",297.0420150,39.9121864,"Transit",2023,424.42800000
"Kepler-1984 b","Kepler-1984",291.2850446,40.7300225,"Transit",2023,
"Kepler-1985 b","Kepler-1985",293.5663715,42.1325825,"Transit",2023,
"Kepler-1986 b","Kepler-1986",292.9582727,42.8548909,"Transit",2023,912.08500000
"Kepler-1987 b","Kepler-1987",295.8254663,42.9433716,"Transit",2023,595.68300000
"Kepler-1987 c","Kepler-1987",295.8254663,42.9433716,"Transit",2023,595.68300000
"Kepler-1987 d","Kepler-1987",295.8254663,42.9433716,"Transit",2023,595.68300000
"Kepler-1987 e","Kepler-1987",295.8254663,42.9433716,"Transit",2023,595.68300000
"Kepler-1988 b","Kepler-1988",298.6738034,43.7955099,"Transit",2023,513.42600000
"Kepler-1989 b","Kepler-1989",290.7351869,44.0912620,"Transit",2023,1252.13000000
"Kepler-199 b","Kepler-199",295.5594278,40.2362490,"Transit",2014,521.05400000
"Kepler-199 c","Kepler-199",295.5594278,40.2362490,"Transit",2014,521.05400000
"Kepler-1990 b","Kepler-1990",299.7047433,44.4357068,"Transit",2023,392.73900000
"Kepler-1990 c","Kepler-1990",299.7047433,44.4357068,"Transit",2023,392.73900000
"Kepler-1991 b","Kepler-1991",285.0360506,45.0709909,"Transit",2023,855.82000000
"Kepler-1991 c","Kepler-1991",285.0360506,45.0709909,"Transit",2023,855.82000000
"Kepler-1992 b","Kepler-1992",295.0902409,45.0811045,"Transit",2023,532.95500000
"Kepler-1993 b","Kepler-1993",293.7968548,45.1607261,"Transit",2023,1031.91000000
"Kepler-1994 b","Kepler-1994",297.1487941,46.2969247,"Transit",2023,241.99100000
"Kepler-1995 b","Kepler-1995",284.3427250,46.3165907,"Transit",2023,595.33100000
"Kepler-1996 b","Kepler-1996",285.2537555,46.5822183,"Transit",2023,440.56100000
"Kepler-1996 c","Kepler-1996",285.2537555,46.5822183,"Transit",2023,440.56100000
"Kepler-1997 b","Kepler-1997",297.4808253,46.5891373,"Transit",2023,1502.34000000
"Kepler-1998 b","Kepler-1998",283.4291536,47.5923973,"Transit",2023,340.96500000
"Kepler-1999 b","Kepler-1999",282.3705675,48.2592340,"Transit",2023,701.25500000
"Kepler-20 b","Kepler-20",287.6979913,42.3385782,"Transit",2011,282.56300000
"Kepler-20 c","Kepler-20",287.6979913,42.3385782,"Transit",2011,282.56300000
"Kepler-20 d","Kepler-20",287.6979913,42.3385782,"Transit",2011,282.56300000
"Kepler-20 e","Kepler-20",287.6979913,42.3385782,"Transit",2011,282.56300000
"Kepler-20 f","Kepler-20",287.6979913,42.3385782,"Transit",2011,282.56300000
"Kepler-20 g","Kepler-20",287.6979913,42.3385782,"Radial Velocity",2016,282.56300000
"Kepler-200 b","Kepler-200",284.4099503,41.2374928,"Transit",2014,665.91200000
"Kepler-200 c","Kepler-200",284.4099503,41.2374928,"Transit",2014,665.91200000
"Kepler-2000 b","Kepler-2000",285.5743032,49.9621218,"Transit",2023,320.58800000
"Kepler-2000 c","Kepler-2000",285.5743032,49.9621218,"Transit",2023,320.58800000
"Kepler-2001 b","Kepler-2001",291.6594558,50.5838585,"Transit",2023,776.55000000
"Kepler-2001 c","Kepler-2001",291.6594558,50.5838585,"Transit",2023,776.55000000
"Kepler-201 b","Kepler-201",293.6260590,41.2728004,"Transit",2014,636.44500000
"Kepler-201 c","Kepler-201",293.6260590,41.2728004,"Transit",2014,636.44500000
"Kepler-202 b","Kepler-202",282.9734874,41.3217991,"Transit",2014,285.11100000
"Kepler-202 c","Kepler-202",282.9734874,41.3217991,"Transit",2014,285.11100000
"Kepler-203 b","Kepler-203",297.0899590,41.3880686,"Transit",2014,703.30200000
"Kepler-203 c","Kepler-203",297.0899590,41.3880686,"Transit",2014,703.30200000
"Kepler-203 d","Kepler-203",297.0899590,41.3880686,"Transit",2014,703.30200000
"Kepler-204 b","Kepler-204",285.3471620,41.7618450,"Transit",2014,686.72300000
"Kepler-204 c","Kepler-204",285.3471620,41.7618450,"Transit",2014,686.72300000
"Kepler-205 b","Kepler-205",285.2866912,41.8609357,"Transit",2014,159.72000000
"Kepler-205 c","Kepler-205",285.2866912,41.8609357,"Transit",2014,159.72000000
"Kepler-206 b","Kepler-206",291.6346564,41.8338415,"Transit",2014,594.44700000
"Kepler-206 c","Kepler-206",291.6346564,41.8338415,"Transit",2014,594.44700000
"Kepler-206 d","Kepler-206",291.6346564,41.8338415,"Transit",2014,594.44700000
"Kepler-207 b","Kepler-207",290.0305195,42.1660555,"Transit",2014,875.51900000
"Kepler-207 c","Kepler-207",290.0305195,42.1660555,"Transit",2014,875.51900000
"Kepler-207 d","Kepler-207",290.0305195,42.1660555,"Transit",2014,875.51900000
"Kepler-208 b","Kepler-208",293.8901979,42.5279413,"Transit",2014,775.32800000
"Kepler-208 c","Kepler-208",293.8901979,42.5279413,"Transit",2014,775.32800000
"Kepler-208 d","Kepler-208",293.8901979,42.5279413,"Transit",2014,775.32800000
"Kepler-208 e","Kepler-208",293.8901979,42.5279413,"Transit",2014,775.32800000
"Kepler-209 b","Kepler-209",291.1694567,42.6407281,"Transit",2014,576.94600000
"Kepler-209 c","Kepler-209",291.1694567,42.6407281,"Transit",2014,576.94600000
"Kepler-21 b","Kepler-21",287.3619673,38.7141384,"Transit",2012,108.52200000
"Kepler-210 b","Kepler-210",292.5034196,43.0832188,"Transit",2014,232.75000000
"Kepler-210 c","Kepler-210",292.5034196,43.0832188,"Transit",2014,232.75000000
"Kepler-211 b","Kepler-211",285.4391183,43.1685051,"Transit",2014,309.35300000
"Kepler-211 c","Kepler-211",285.4391183,43.1685051,"Transit",2014,309.35300000
"Kepler-212 b","Kepler-212",287.6208165,43.1416239,"Transit",2014,687.19400000
"Kepler-212 c","Kepler-212",287.6208165,43.1416239,"Transit",2014,687.19400000
"Kepler-213 b","Kepler-213",290.8241931,44.6472832,"Transit",2014,634.93900000
"Kepler-213 c","Kepler-213",290.8241931,44.6472832,"Transit",2014,634.93900000
"Kepler-214 b","Kepler-214",284.7548499,44.9560500,"Transit",2014,1208.44000000
"Kepler-214 c","Kepler-214",284.7548499,44.9560500,"Transit",2014,1208.44000000
"Kepler-215 b","Kepler-215",294.9735313,45.2136867,"Transit",2014,485.99700000
"Kepler-215 c","Kepler-215",294.9735313,45.2136867,"Transit",2014,485.99700000
"Kepler-215 d","Kepler-215",294.9735313,45.2136867,"Transit",2014,485.99700000
"Kepler-215 e","Kepler-215",294.9735313,45.2136867,"Transit",2014,485.99700000
"Kepler-216 b","Kepler-216",293.7280695,46.1291139,"Transit",2014,1187.47000000
"Kepler-216 c","Kepler-216",293.7280695,46.1291139,"Transit",2014,1187.47000000
"Kepler-217 b","Kepler-217",293.0377331,46.2775223,"Transit",2014,1104.64000000
"Kepler-217 c","Kepler-217",293.0377331,46.2775223,"Transit",2014,1104.64000000
"Kepler-217 d","Kepler-217",293.0377331,46.2775223,"Transit",2016,1104.64000000
"Kepler-218 b","Kepler-218",295.4128785,46.2665801,"Transit",2014,656.38000000
"Kepler-218 c","Kepler-218",295.4128785,46.2665801,"Transit",2014,656.38000000
"Kepler-218 d","Kepler-218",295.4128785,46.2665801,"Transit",2016,656.38000000
"Kepler-219 b","Kepler-219",288.7389481,46.7625929,"Transit",2014,787.07000000
"Kepler-219 c","Kepler-219",288.7389481,46.7625929,"Transit",2014,787.07000000
"Kepler-219 d","Kepler-219",288.7389481,46.7625929,"Transit",2014,787.07000000
"Kepler-22 b","Kepler-22",289.2172051,47.8841427,"Transit",2011,194.64200000
"Kepler-220 b","Kepler-220",291.5060432,46.8956262,"Transit",2014,171.10900000
"Kepler-220 c","Kepler-220",291.5060432,46.8956262,"Transit",2014,171.10900000
"Kepler-220 d","Kepler-220",291.5060432,46.8956262,"Transit",2014,171.10900000
"Kepler-220 e","Kepler-220",291.5060432,46.8956262,"Transit",2014,171.10900000
"Kepler-221 b","Kepler-221",296.6547477,46.8352242,"Transit",2014,385.23100000
"Kepler-221 c","Kepler-221",296.6547477,46.8352242,"Transit",2014,385.23100000
"Kepler-221 d","Kepler-221",296.6547477,46.8352242,"Transit",2014,385.23100000
"Kepler-221 e","Kepler-221",296.6547477,46.8352242,"Transit",2014,385.23100000
"Kepler-222 b","Kepler-222",287.9060885,46.9377479,"Transit",2014,758.85400000
"Kepler-222 c","Kepler-222",287.9060885,46.9377479,"Transit",2014,758.85400000
"Kepler-222 d","Kepler-222",287.9060885,46.9377479,"Transit",2014,758.85400000
"Kepler-223 b","Kepler-223",298.3183909,47.2794824,"Transit",2014,1859.71000000
"Kepler-223 c","Kepler-223",298.3183909,47.2794824,"Transit",2014,1859.71000000
"Kepler-223 d","Kepler-223",298.3183909,47.2794824,"Transit",2014,1859.71000000
"Kepler-223 e","Kepler-223",298.3183909,47.2794824,"Transit",2014,1859.71000000
"Kepler-224 b","Kepler-224",290.9342679,47.3575414,"Transit",2014,782.08800000
"Kepler-224 c","Kepler-224",290.9342679,47.3575414,"Transit",2014,782.08800000
"Kepler-224 d","Kepler-224",290.9342679,47.3575414,"Transit",2014,782.08800000
"Kepler-224 e","Kepler-224",290.9342679,47.3575414,"Transit",2014,782.08800000
"Kepler-225 b","Kepler-225",292.1939846,47.4570808,"Transit",2014,561.10100000
"Kepler-225 c","Kepler-225",292.1939846,47.4570808,"Transit",2014,561.10100000
"Kepler-226 b","Kepler-226",292.3760942,47.8809596,"Transit",2014,980.13800000
"Kepler-226 c","Kepler-226",292.3760942,47.8809596,"Transit",2014,980.13800000
"Kepler-226 d","Kepler-226",292.3760942,47.8809596,"Transit",2014,980.13800000
"Kepler-227 b","Kepler-227",291.9342748,48.1416760,"Transit",2014,1083.06000000
"Kepler-227 c","Kepler-227",291.9342748,48.1416760,"Transit",2014,1083.06000000
"Kepler-228 b","Kepler-228",296.2860853,48.2246328,"Transit",2014,1644.61000000
"Kepler-228 c","Kepler-228",296.2860853,48.2246328,"Transit",2014,1644.61000000
"Kepler-228 d","Kepler-228",296.2860853,48.2246328,"Transit",2014,1644.61000000
"Kepler-229 b","Kepler-229",286.9994758,48.3757867,"Transit",2014,826.26500000
"Kepler-229 c","Kepler-229",286.9994758,48.3757867,"Transit",2014,826.26500000
"Kepler-229 d","Kepler-229",286.9994758,48.3757867,"Transit",2014,826.26500000
"Kepler-23 b","Kepler-23",294.2189131,49.4792536,"Transit",2011,835.75600000
"Kepler-23 c","Kepler-23",294.2189131,49.4792536,"Transit",2011,835.75600000
"Kepler-23 d","Kepler-23",294.2189131,49.4792536,"Transit",2014,835.75600000
"Kepler-230 b","Kepler-230",285.7185682,48.5058038,"Transit",2014,740.75400000
"Kepler-230 c","Kepler-230",285.7185682,48.5058038,"Transit",2014,740.75400000
"Kepler-231 b","Kepler-231",293.9733913,50.5318460,"Transit",2014,316.61800000
"Kepler-231 c","Kepler-231",293.9733913,50.5318460,"Transit",2014,316.61800000
"Kepler-232 b","Kepler-232",295.8161668,51.1217249,"Transit",2014,1349.13000000
"Kepler-232 c","Kepler-232",295.8161668,51.1217249,"Transit",2014,1349.13000000
"Kepler-233 b","Kepler-233",296.3665054,51.3194548,"Transit",2014,856.41700000
"Kepler-233 c","Kepler-233",296.3665054,51.3194548,"Transit",2014,856.41700000
"Kepler-234 b","Kepler-234",291.6535379,38.4946597,"Transit",2014,1733.10000000
"Kepler-234 c","Kepler-234",291.6535379,38.4946597,"Transit",2014,1733.10000000
"Kepler-235 b","Kepler-235",286.0790779,39.2782370,"Transit",2014,428.01800000
"Kepler-235 c","Kepler-235",286.0790779,39.2782370,"Transit",2014,428.01800000
"Kepler-235 d","Kepler-235",286.0790779,39.2782370,"Transit",2014,428.01800000
"Kepler-235 e","Kepler-235",286.0790779,39.2782370,"Transit",2014,428.01800000
"Kepler-236 b","Kepler-236",283.8664285,39.8981928,"Transit",2014,288.76300000
"Kepler-236 c","Kepler-236",283.8664285,39.8981928,"Transit",2014,288.76300000
"Kepler-237 b","Kepler-237",283.2213438,40.4217620,"Transit",2014,657.82200000
"Kepler-237 c","Kepler-237",283.2213438,40.4217620,"Transit",2014,657.82200000
"Kepler-238 b","Kepler-238",287.8971066,40.6378141,"Transit",2014,1798.75000000
"Kepler-238 c","Kepler-238",287.8971066,40.6378141,"Transit",2014,1798.75000000
"Kepler-238 d","Kepler-238",287.8971066,40.6378141,"Transit",2014,1798.75000000
"Kepler-238 e","Kepler-238",287.8971066,40.6378141,"Transit",2013,1798.75000000
"Kepler-238 f","Kepler-238",287.8971066,40.6378141,"Transit",2013,1798.75000000
"Kepler-239 b","Kepler-239",294.2020505,40.6633313,"Transit",2014,648.10900000
"Kepler-239 c","Kepler-239",294.2020505,40.6633313,"Transit",2014,648.10900000
"Kepler-24 b","Kepler-24",290.4132621,38.3437283,"Transit",2011,1156.81000000
"Kepler-24 c","Kepler-24",290.4132621,38.3437283,"Transit",2011,1156.81000000
"Kepler-24 d","Kepler-24",290.4132621,38.3437283,"Transit",2014,1156.81000000
"Kepler-24 e","Kepler-24",290.4132621,38.3437283,"Transit",2014,1156.81000000
"Kepler-240 b","Kepler-240",291.1587635,40.7502108,"Transit",2014,746.92700000
"Kepler-240 c","Kepler-240",291.1587635,40.7502108,"Transit",2014,746.92700000
"Kepler-241 b","Kepler-241",292.9131121,41.0609786,"Transit",2014,512.00000000
"Kepler-241 c","Kepler-241",292.9131121,41.0609786,"Transit",2014,512.00000000
"Kepler-242 b","Kepler-242",286.5656932,41.8084168,"Transit",2014,600.24100000
"Kepler-242 c","Kepler-242",286.5656932,41.8084168,"Transit",2014,600.24100000
"Kepler-243 b","Kepler-243",285.1104819,42.0339619,"Transit",2014,693.86000000
"Kepler-243 c","Kepler-243",285.1104819,42.0339619,"Transit",2014,693.86000000
"Kepler-244 b","Kepler-244",287.2426410,42.3014185,"Transit",2014,1036.49000000
"Kepler-244 c","Kepler-244",287.2426410,42.3014185,"Transit",2014,1036.49000000
"Kepler-244 d","Kepler-244",287.2426410,42.3014185,"Transit",2014,1036.49000000
"Kepler-245 b","Kepler-245",291.6389972,42.4363482,"Transit",2014,861.52700000
"Kepler-245 c","Kepler-245",291.6389972,42.4363482,"Transit",2014,861.52700000
"Kepler-245 d","Kepler-245",291.6389972,42.4363482,"Transit",2014,861.52700000
"Kepler-245 e","Kepler-245",291.6389972,42.4363482,"Transit",2016,861.52700000
"Kepler-246 b","Kepler-246",296.4834007,42.6633806,"Transit",2014,626.07800000
"Kepler-246 c","Kepler-246",296.4834007,42.6633806,"Transit",2014,626.07800000
"Kepler-247 b","Kepler-247",288.6425609,43.0393769,"Transit",2014,663.71100000
"Kepler-247 c","Kepler-247",288.6425609,43.0393769,"Transit",2014,663.71100000
"Kepler-247 d","Kepler-247",288.6425609,43.0393769,"Transit",2014,663.71100000
"Kepler-248 b","Kepler-248",293.0613138,43.5813577,"Transit",2014,738.79200000
"Kepler-248 c","Kepler-248",293.0613138,43.5813577,"Transit",2014,738.79200000
"Kepler-249 b","Kepler-249",296.9853002,43.6586043,"Transit",2014,190.40100000
"Kepler-249 c","Kepler-249",296.9853002,43.6586043,"Transit",2014,190.40100000
"Kepler-249 d","Kepler-249",296.9853002,43.6586043,"Transit",2014,190.40100000
"Kepler-25 b","Kepler-25",286.6383905,39.4879038,"Transit",2011,243.24900000
"Kepler-25 c","Kepler-25",286.6383905,39.4879038,"Transit",2011,243.24900000
"Kepler-25 d","Kepler-25",286.6383905,39.4879038,"Radial Velocity",2014,243.24900000
"Kepler-250 b","Kepler-250",289.5947633,44.1418114,"Transit",2014,760.58500000
"Kepler-250 c","Kepler-250",289.5947633,44.1418114,"Transit",2014,760.58500000
"Kepler-250 d","Kepler-250",289.5947633,44.1418114,"Transit",2014,760.58500000
"Kepler-251 b","Kepler-251",296.5662171,44.1058077,"Transit",2014,924.62500000
"Kepler-251 c","Kepler-251",296.5662171,44.1058077,"Transit",2014,924.62500000
"Kepler-251 d","Kepler-251",296.5662171,44.1058077,"Transit",2014,924.62500000
"Kepler-251 e","Kepler-251",296.5662171,44.1058077,"Transit",2014,924.62500000
"Kepler-252 b","Kepler-252",295.5793290,44.5459052,"Transit",2014,379.42400000
"Kepler-252 c","Kepler-252",295.5793290,44.5459052,"Transit",2014,379.42400000
"Kepler-253 b","Kepler-253",291.8419337,44.8581240,"Transit",2014,838.59500000
"Kepler-253 c","Kepler-253",291.8419337,44.8581240,"Transit",2014,838.59500000
"Kepler-253 d","Kepler-253",291.8419337,44.8581240,"Transit",2014,838.59500000
"Kepler-254 b","Kepler-254",288.1646541,45.8164257,"Transit",2014,1389.48000000
"Kepler-254 c","Kepler-254",288.1646541,45.8164257,"Transit",2014,1389.48000000
"Kepler-254 d","Kepler-254",288.1646541,45.8164257,"Transit",2014,1389.48000000
"Kepler-255 b","Kepler-255",296.0642702,45.9767647,"Transit",2014,1052.53000000
"Kepler-255 c","Kepler-255",296.0642702,45.9767647,"Transit",2014,1052.53000000
"Kepler-255 d","Kepler-255",296.0642702,45.9767647,"Transit",2016,1052.53000000
"Kepler-256 b","Kepler-256",292.5804200,46.0973588,"Transit",2014,1026.43000000
"Kepler-256 c","Kepler-256",292.5804200,46.0973588,"Transit",2014,1026.43000000
"Kepler-256 d","Kepler-256",292.5804200,46.0973588,"Transit",2014,1026.43000000
"Kepler-256 e","Kepler-256",292.5804200,46.0973588,"Transit",2014,1026.43000000
"Kepler-257 b","Kepler-257",297.3159994,46.0232642,"Transit",2014,780.25600000
"Kepler-257 c","Kepler-257",297.3159994,46.0232642,"Transit",2014,780.25600000
"Kepler-257 d","Kepler-257",297.3159994,46.0232642,"Transit",2014,780.25600000
"Kepler-258 b","Kepler-258",294.0684116,46.5791357,"Transit",2014,575.98800000
"Kepler-258 c","Kepler-258",294.0684116,46.5791357,"Transit",2014,575.98800000
"Kepler-259 b","Kepler-259",288.2119707,46.6150461,"Transit",2014,1002.14000000
"Kepler-259 c","Kepler-259",288.2119707,46.6150461,"Transit",2014,1002.14000000
"Kepler-26 b","Kepler-26",284.9410627,46.5664505,"Transit",2011,335.30700000
"Kepler-26 c","Kepler-26",284.9410627,46.5664505,"Transit",2011,335.30700000
"Kepler-26 d","Kepler-26",284.9410627,46.5664505,"Transit",2014,335.30700000
"Kepler-26 e","Kepler-26",284.9410627,46.5664505,"Transit",2014,335.30700000
"Kepler-260 b","Kepler-260",291.9259658,38.0140525,"Transit",2014,627.36500000
"Kepler-260 c","Kepler-260",291.9259658,38.0140525,"Transit",2014,627.36500000
"Kepler-261 b","Kepler-261",291.3647333,37.6092390,"Transit",2014,317.49900000
"Kepler-261 c","Kepler-261",291.3647333,37.6092390,"Transit",2014,317.49900000
"Kepler-262 b","Kepler-262",290.7287168,37.2526575,"Transit",2014,613.12900000
"Kepler-262 c","Kepler-262",290.7287168,37.2526575,"Transit",2014,613.12900000
"Kepler-263 b","Kepler-263",292.4698022,37.5677941,"Transit",2014,754.74700000
"Kepler-263 c","Kepler-263",292.4698022,37.5677941,"Transit",2014,754.74700000
"Kepler-264 b","Kepler-264",292.0446280,37.3761861,"Transit",2014,942.17300000
"Kepler-264 c","Kepler-264",292.0446280,37.3761861,"Transit",2014,942.17300000
"Kepler-265 b","Kepler-265",290.5104788,41.2447430,"Transit",2014,1280.25000000
"Kepler-265 c","Kepler-265",290.5104788,41.2447430,"Transit",2014,1280.25000000
"Kepler-265 d","Kepler-265",290.5104788,41.2447430,"Transit",2014,1280.25000000
"Kepler-265 e","Kepler-265",290.5104788,41.2447430,"Transit",2014,1280.25000000
"Kepler-266 b","Kepler-266",294.4843821,44.1669355,"Transit",2014,1370.79000000
"Kepler-266 c","Kepler-266",294.4843821,44.1669355,"Transit",2014,1370.79000000
"Kepler-267 b","Kepler-267",299.8305655,47.1575741,"Transit",2014,264.99300000
"Kepler-267 c","Kepler-267",299.8305655,47.1575741,"Transit",2014,264.99300000
"Kepler-267 d","Kepler-267",299.8305655,47.1575741,"Transit",2014,264.99300000
"Kepler-268 b","Kepler-268",291.9761559,38.0550327,"Transit",2014,851.87000000
"Kepler-268 c","Kepler-268",291.9761559,38.0550327,"Transit",2014,851.87000000
"Kepler-269 b","Kepler-269",290.2151459,41.7759810,"Transit",2014,2257.32000000
"Kepler-269 c","Kepler-269",290.2151459,41.7759810,"Transit",2014,2257.32000000
"Kepler-27 b","Kepler-27",292.2367608,41.0858710,"Transit",2011,1044.36000000
"Kepler-27 c","Kepler-27",292.2367608,41.0858710,"Transit",2011,1044.36000000
"Kepler-27 d","Kepler-27",292.2367608,41.0858710,"Transit",2021,1044.36000000
"Kepler-270 b","Kepler-270",282.2001207,44.4222795,"Transit",2014,948.78100000
"Kepler-270 c","Kepler-270",282.2001207,44.4222795,"Transit",2014,948.78100000
"Kepler-271 b","Kepler-271",283.0029316,44.2841080,"Transit",2014,404.54200000
"Kepler-271 c","Kepler-271",283.0029316,44.2841080,"Transit",2014,404.54200000
"Kepler-271 d","Kepler-271",283.0029316,44.2841080,"Transit",2016,404.54200000
"Kepler-272 b","Kepler-272",299.1275257,47.5938319,"Transit",2014,889.60800000
"Kepler-272 c","Kepler-272",299.1275257,47.5938319,"Transit",2014,889.60800000
"Kepler-272 d","Kepler-272",299.1275257,47.5938319,"Transit",2014,889.60800000
"Kepler-273 b","Kepler-273",291.3021458,47.6976573,"Transit",2014,713.96400000
"Kepler-273 c","Kepler-273",291.3021458,47.6976573,"Transit",2014,713.96400000
"Kepler-274 b","Kepler-274",292.9227926,38.4772173,"Transit",2014,1333.62000000
"Kepler-274 c","Kepler-274",292.9227926,38.4772173,"Transit",2014,1333.62000000
"Kepler-275 b","Kepler-275",292.4797004,38.5149018,"Transit",2014,2034.25000000
"Kepler-275 c","Kepler-275",292.4797004,38.5149018,"Transit",2014,2034.25000000
"Kepler-275 d","Kepler-275",292.4797004,38.5149018,"Transit",2014,2034.25000000
"Kepler-276 b","Kepler-276",293.5681970,39.0363123,"Transit",2014,1144.86000000
"Kepler-276 c","Kepler-276",293.5681970,39.0363123,"Transit",2013,1144.86000000
"Kepler-276 d","Kepler-276",293.5681970,39.0363123,"Transit",2013,1144.86000000
"Kepler-277 b","Kepler-277",286.5831894,39.0772582,"Transit",2013,976.64300000
"Kepler-277 c","Kepler-277",286.5831894,39.0772582,"Transit",2013,976.64300000
"Kepler-278 b","Kepler-278",290.1072124,38.7022694,"Transit",2014,443.03000000
"Kepler-278 c","Kepler-278",290.1072124,38.7022694,"Transit",2014,443.03000000
"Kepler-279 b","Kepler-279",287.3912950,42.1948220,"Transit",2014,1037.40000000
"Kepler-279 c","Kepler-279",287.3912950,42.1948220,"Transit",2013,1037.40000000
"Kepler-279 d","Kepler-279",287.3912950,42.1948220,"Transit",2013,1037.40000000
"Kepler-279 e","Kepler-279",287.3912950,42.1948220,"Transit",2025,1037.40000000
"Kepler-28 b","Kepler-28",292.1370409,42.4294835,"Transit",2011,438.35900000
"Kepler-28 c","Kepler-28",292.1370409,42.4294835,"Transit",2011,438.35900000
"Kepler-280 b","Kepler-280",291.3905325,42.1804735,"Transit",2014,780.36100000
"Kepler-280 c","Kepler-280",291.3905325,42.1804735,"Transit",2014,780.36100000
"Kepler-281 b","Kepler-281",294.1081465,44.7706524,"Transit",2014,1745.45000000
"Kepler-281 c","Kepler-281",294.1081465,44.7706524,"Transit",2014,1745.45000000
"Kepler-281 d","Kepler-281",294.1081465,44.7706524,"Transit",2021,1745.45000000
"Kepler-282 b","Kepler-282",284.6772402,44.7976401,"Transit",2014,1337.61000000
"Kepler-282 c","Kepler-282",284.6772402,44.7976401,"Transit",2014,1337.61000000
"Kepler-282 d","Kepler-282",284.6772402,44.7976401,"Transit",2013,1337.61000000
"Kepler-282 e","Kepler-282",284.6772402,44.7976401,"Transit",2013,1337.61000000
"Kepler-283 b","Kepler-283",293.6137413,47.8389380,"Transit",2014,468.09400000
"Kepler-283 c","Kepler-283",293.6137413,47.8389380,"Transit",2014,468.09400000
"Kepler-284 b","Kepler-284",293.1465698,47.7297053,"Transit",2014,1031.95000000
"Kepler-284 c","Kepler-284",293.1465698,47.7297053,"Transit",2014,1031.95000000
"Kepler-285 b","Kepler-285",291.3908469,48.0655392,"Transit",2014,824.31000000
"Kepler-285 c","Kepler-285",291.3908469,48.0655392,"Transit",2014,824.31000000
"Kepler-286 b","Kepler-286",290.6761874,48.2942362,"Transit",2014,1226.85000000
"Kepler-286 c","Kepler-286",290.6761874,48.2942362,"Transit",2014,1226.85000000
"Kepler-286 d","Kepler-286",290.6761874,48.2942362,"Transit",2014,1226.85000000
"Kepler-286 e","Kepler-286",290.6761874,48.2942362,"Transit",2014,1226.85000000
"Kepler-287 b","Kepler-287",290.9274282,48.4434588,"Transit",2014,835.86000000
"Kepler-287 c","Kepler-287",290.9274282,48.4434588,"Transit",2014,835.86000000
"Kepler-288 b","Kepler-288",288.9163997,39.5947523,"Transit",2014,1194.15000000
"Kepler-288 c","Kepler-288",288.9163997,39.5947523,"Transit",2014,1194.15000000
"Kepler-288 d","Kepler-288",288.9163997,39.5947523,"Transit",2014,1194.15000000
"Kepler-289 b","Kepler-289",297.4653351,42.8828517,"Transit",2014,704.43800000
"Kepler-289 c","Kepler-289",297.4653351,42.8828517,"Transit",2014,704.43800000
"Kepler-289 d","Kepler-289",297.4653351,42.8828517,"Transit",2014,704.43800000
"Kepler-289 e","Kepler-289",297.4653351,42.8828517,"Transit",2025,704.43800000
"Kepler-29 b","Kepler-29",298.3483820,47.4913021,"Transit",2011,832.53200000
"Kepler-29 c","Kepler-29",298.3483820,47.4913021,"Transit",2011,832.53200000
"Kepler-290 b","Kepler-290",286.4100307,42.6815137,"Transit",2014,694.62700000
"Kepler-290 c","Kepler-290",286.4100307,42.6815137,"Transit",2014,694.62700000
"Kepler-290 d","Kepler-290",286.4100307,42.6815137,"Transit",2023,694.62700000
"Kepler-291 b","Kepler-291",287.9163029,42.4372666,"Transit",2014,1786.48000000
"Kepler-291 c","Kepler-291",287.9163029,42.4372666,"Transit",2014,1786.48000000
"Kepler-292 b","Kepler-292",295.7661979,42.4242822,"Transit",2014,1056.48000000
"Kepler-292 c","Kepler-292",295.7661979,42.4242822,"Transit",2014,1056.48000000
"Kepler-292 d","Kepler-292",295.7661979,42.4242822,"Transit",2014,1056.48000000
"Kepler-292 e","Kepler-292",295.7661979,42.4242822,"Transit",2014,1056.48000000
"Kepler-292 f","Kepler-292",295.7661979,42.4242822,"Transit",2014,1056.48000000
"Kepler-293 b","Kepler-293",286.3580611,42.4064917,"Transit",2014,974.63300000
"Kepler-293 c","Kepler-293",286.3580611,42.4064917,"Transit",2014,974.63300000
"Kepler-294 b","Kepler-294",287.3920392,46.0592578,"Transit",2014,1357.01000000
"Kepler-294 c","Kepler-294",287.3920392,46.0592578,"Transit",2014,1357.01000000
"Kepler-295 b","Kepler-295",285.3458383,45.3677754,"Transit",2014,1699.19000000
"Kepler-295 c","Kepler-295",285.3458383,45.3677754,"Transit",2014,1699.19000000
"Kepler-295 d","Kepler-295",285.3458383,45.3677754,"Transit",2014,1699.19000000
"Kepler-296 b","Kepler-296",286.5400278,49.4372614,"Transit",2014,167.00000000
"Kepler-296 c","Kepler-296",286.5400278,49.4372614,"Transit",2014,167.00000000
"Kepler-296 d","Kepler-296",286.5400278,49.4372614,"Transit",2014,167.00000000
"Kepler-296 e","Kepler-296",286.5400278,49.4372614,"Transit",2014,167.00000000
"Kepler-296 f","Kepler-296",286.5400278,49.4372614,"Transit",2014,167.00000000
"Kepler-297 b","Kepler-297",283.2091605,48.7776156,"Transit",2014,692.14000000
"Kepler-297 c","Kepler-297",283.2091605,48.7776156,"Transit",2014,692.14000000
"Kepler-297 d","Kepler-297",283.2091605,48.7776156,"Transit",2023,692.14000000
"Kepler-298 b","Kepler-298",283.0398448,48.8253303,"Transit",2014,518.20400000
"Kepler-298 c","Kepler-298",283.0398448,48.8253303,"Transit",2014,518.20400000
"Kepler-298 d","Kepler-298",283.0398448,48.8253303,"Transit",2014,518.20400000
"Kepler-299 b","Kepler-299",283.2070156,48.5805222,"Transit",2014,1052.24000000
"Kepler-299 c","Kepler-299",283.2070156,48.5805222,"Transit",2014,1052.24000000
"Kepler-299 d","Kepler-299",283.2070156,48.5805222,"Transit",2014,1052.24000000
"Kepler-299 e","Kepler-299",283.2070156,48.5805222,"Transit",2014,1052.24000000
"Kepler-30 b","Kepler-30",285.2836483,38.9472625,"Transit",2012,914.22100000
"Kepler-30 c","Kepler-30",285.2836483,38.9472625,"Transit",2012,914.22100000
"Kepler-30 d","Kepler-30",285.2836483,38.9472625,"Transit",2012,914.22100000
"Kepler-300 b","Kepler-300",295.2886934,48.5997243,"Transit",2014,1098.45000000
"Kepler-300 c","Kepler-300",295.2886934,48.5997243,"Transit",2014,1098.45000000
"Kepler-301 b","Kepler-301",283.9829040,49.2329512,"Transit",2014,719.16600000
"Kepler-301 c","Kepler-301",283.9829040,49.2329512,"Transit",2014,719.16600000
"Kepler-301 d","Kepler-301",283.9829040,49.2329512,"Transit",2014,719.16600000
"Kepler-302 b","Kepler-302",294.3169307,43.6292436,"Transit",2014,1402.58000000
"Kepler-302 c","Kepler-302",294.3169307,43.6292436,"Transit",2014,1402.58000000
"Kepler-303 b","Kepler-303",283.1354742,43.6567036,"Transit",2014,209.73800000
"Kepler-303 c","Kepler-303",283.1354742,43.6567036,"Transit",2014,209.73800000
"Kepler-304 b","Kepler-304",294.4418031,40.5575408,"Transit",2014,434.68400000
"Kepler-304 c","Kepler-304",294.4418031,40.5575408,"Transit",2014,434.68400000
"Kepler-304 d","Kepler-304",294.4418031,40.5575408,"Transit",2014,434.68400000
"Kepler-304 e","Kepler-304",294.4418031,40.5575408,"Transit",2016,434.68400000
"Kepler-305 b","Kepler-305",299.2242557,40.3431670,"Transit",2013,868.47700000
"Kepler-305 c","Kepler-305",299.2242557,40.3431670,"Transit",2013,868.47700000
"Kepler-305 d","Kepler-305",299.2242557,40.3431670,"Transit",2014,868.47700000
"Kepler-305 e","Kepler-305",299.2242557,40.3431670,"Transit",2020,868.47700000
"Kepler-306 b","Kepler-306",288.5387145,40.6160545,"Transit",2014,775.67900000
"Kepler-306 c","Kepler-306",288.5387145,40.6160545,"Transit",2014,775.67900000
"Kepler-306 d","Kepler-306",288.5387145,40.6160545,"Transit",2014,775.67900000
"Kepler-306 e","Kepler-306",288.5387145,40.6160545,"Transit",2014,775.67900000
"Kepler-307 b","Kepler-307",297.7950939,40.4176403,"Transit",2013,575.58100000
"Kepler-307 c","Kepler-307",297.7950939,40.4176403,"Transit",2013,575.58100000
"Kepler-308 b","Kepler-308",295.7852423,40.4395753,"Transit",2014,1335.92000000
"Kepler-308 c","Kepler-308",295.7852423,40.4395753,"Transit",2014,1335.92000000
"Kepler-309 b","Kepler-309",297.5098911,46.9614121,"Transit",2014,544.56800000
"Kepler-309 c","Kepler-309",297.5098911,46.9614121,"Transit",2014,544.56800000
"Kepler-31 b","Kepler-31",294.0230229,45.8530535,"Transit",2011,1664.64000000
"Kepler-31 c","Kepler-31",294.0230229,45.8530535,"Transit",2011,1664.64000000
"Kepler-31 d","Kepler-31",294.0230229,45.8530535,"Transit",2014,1664.64000000
"Kepler-310 b","Kepler-310",288.8392780,46.9867472,"Transit",2014,602.26800000
"Kepler-310 c","Kepler-310",288.8392780,46.9867472,"Transit",2014,602.26800000
"Kepler-310 d","Kepler-310",288.8392780,46.9867472,"Transit",2014,602.26800000
"Kepler-311 b","Kepler-311",282.0612731,47.0854984,"Transit",2014,778.65400000
"Kepler-311 c","Kepler-311",282.0612731,47.0854984,"Transit",2014,778.65400000
"Kepler-311 d","Kepler-311",282.0612731,47.0854984,"Transit",2023,778.65400000
"Kepler-312 b","Kepler-312",298.3957687,42.4597712,"Transit",2014,797.72000000
"Kepler-312 c","Kepler-312",298.3957687,42.4597712,"Transit",2014,797.72000000
"Kepler-313 b","Kepler-313",298.2948708,48.7754000,"Transit",2014,1079.39524871
"Kepler-313 c","Kepler-313",298.2948708,48.7754000,"Transit",2014,1079.39524871
"Kepler-314 b","Kepler-314",294.6741507,42.0756037,"Transit",2014,268.88100000
"Kepler-314 c","Kepler-314",294.6741507,42.0756037,"Transit",2014,268.88100000
"Kepler-315 b","Kepler-315",298.0230967,43.3634761,"Transit",2014,1160.63000000
"Kepler-315 c","Kepler-315",298.0230967,43.3634761,"Transit",2014,1160.63000000
"Kepler-316 b","Kepler-316",290.8258350,44.1838993,"Transit",2014,384.93800000
"Kepler-316 c","Kepler-316",290.8258350,44.1838993,"Transit",2014,384.93800000
"Kepler-317 b","Kepler-317",294.9438822,39.0320499,"Transit",2014,940.58400000
"Kepler-317 c","Kepler-317",294.9438822,39.0320499,"Transit",2014,940.58400000
"Kepler-318 b","Kepler-318",298.4828337,46.7936357,"Transit",2014,489.14100000
"Kepler-318 c","Kepler-318",298.4828337,46.7936357,"Transit",2014,489.14100000
"Kepler-319 b","Kepler-319",288.8119782,39.7706431,"Transit",2014,503.43600000
"Kepler-319 c","Kepler-319",288.8119782,39.7706431,"Transit",2014,503.43600000
"Kepler-319 d","Kepler-319",288.8119782,39.7706431,"Transit",2014,503.43600000
"Kepler-32 b","Kepler-32",297.8423073,46.5743595,"Transit",2011,323.84700000
"Kepler-32 c","Kepler-32",297.8423073,46.5743595,"Transit",2011,323.84700000
"Kepler-32 d","Kepler-32",297.8423073,46.5743595,"Transit",2012,323.84700000
"Kepler-32 e","Kepler-32",297.8423073,46.5743595,"Transit",2012,323.84700000
"Kepler-32 f","Kepler-32",297.8423073,46.5743595,"Transit",2012,323.84700000
"Kepler-320 b","Kepler-320",293.2135155,46.1751457,"Transit",2014,826.61300000
"Kepler-320 c","Kepler-320",293.2135155,46.1751457,"Transit",2014,826.61300000
"Kepler-321 b","Kepler-321",294.4536991,44.1457626,"Transit",2014,384.54200000
"Kepler-321 c","Kepler-321",294.4536991,44.1457626,"Transit",2014,384.54200000
"Kepler-322 b","Kepler-322",281.3487514,44.2952525,"Transit",2014,400.48000000
"Kepler-322 c","Kepler-322",281.3487514,44.2952525,"Transit",2014,400.48000000
"Kepler-323 b","Kepler-323",291.3822988,38.1274595,"Transit",2014,454.88300000
"Kepler-323 c","Kepler-323",291.3822988,38.1274595,"Transit",2014,454.88300000
"Kepler-324 b","Kepler-324",286.4714473,49.6490933,"Transit",2014,501.57400000
"Kepler-324 c","Kepler-324",286.4714473,49.6490933,"Transit",2014,501.57400000
"Kepler-324 e","Kepler-324",286.4714473,49.6490933,"Transit",2021,501.57400000
"Kepler-325 b","Kepler-325",289.8354219,49.8256070,"Transit",2014,823.24200000
"Kepler-325 c","Kepler-325",289.8354219,49.8256070,"Transit",2014,823.24200000
"Kepler-325 d","Kepler-325",289.8354219,49.8256070,"Transit",2014,823.24200000
"Kepler-326 b","Kepler-326",294.3255898,46.0022646,"Transit",2014,487.67500000
"Kepler-326 c","Kepler-326",294.3255898,46.0022646,"Transit",2014,487.67500000
"Kepler-326 d","Kepler-326",294.3255898,46.0022646,"Transit",2014,487.67500000
"Kepler-327 b","Kepler-327",292.6422963,44.0876251,"Transit",2014,241.98700000
"Kepler-327 c","Kepler-327",292.6422963,44.0876251,"Transit",2014,241.98700000
"Kepler-327 d","Kepler-327",292.6422963,44.0876251,"Transit",2014,241.98700000
"Kepler-328 b","Kepler-328",295.8092756,40.0084866,"Transit",2013,2213.19000000
"Kepler-328 c","Kepler-328",295.8092756,40.0084866,"Transit",2013,2213.19000000
"Kepler-329 b","Kepler-329",299.2681646,45.2272852,"Transit",2014,439.71900000
"Kepler-329 c","Kepler-329",299.2681646,45.2272852,"Transit",2014,439.71900000
"Kepler-33 b","Kepler-33",289.0775348,46.0051696,"Transit",2011,1209.16000000
"Kepler-33 c","Kepler-33",289.0775348,46.0051696,"Transit",2011,1209.16000000
"Kepler-33 d","Kepler-33",289.0775348,46.0051696,"Transit",2011,1209.16000000
"Kepler-33 e","Kepler-33",289.0775348,46.0051696,"Transit",2011,1209.16000000
"Kepler-33 f","Kepler-33",289.0775348,46.0051696,"Transit",2011,1209.16000000
"Kepler-330 b","Kepler-330",288.4474035,44.8017616,"Transit",2014,717.52700000
"Kepler-330 c","Kepler-330",288.4474035,44.8017616,"Transit",2014,717.52700000
"Kepler-331 b","Kepler-331",291.8343455,39.3073462,"Transit",2014,580.11900000
"Kepler-331 c","Kepler-331",291.8343455,39.3073462,"Transit",2014,580.11900000
"Kepler-331 d","Kepler-331",291.8343455,39.3073462,"Transit",2014,580.11900000
"Kepler-332 b","Kepler-332",286.6627811,47.4136938,"Transit",2014,344.19000000
"Kepler-332 c","Kepler-332",286.6627811,47.4136938,"Transit",2014,344.19000000
"Kepler-332 d","Kepler-332",286.6627811,47.4136938,"Transit",2014,344.19000000
"Kepler-333 b","Kepler-333",292.2861201,40.9135429,"Transit",2014,324.41300000
"Kepler-333 c","Kepler-333",292.2861201,40.9135429,"Transit",2014,324.41300000
"Kepler-334 b","Kepler-334",287.1406177,47.1151153,"Transit",2014,426.59000000
"Kepler-334 c","Kepler-334",287.1406177,47.1151153,"Transit",2014,426.59000000
"Kepler-334 d","Kepler-334",287.1406177,47.1151153,"Transit",2014,426.59000000
"Kepler-335 b","Kepler-335",296.0642944,45.4285986,"Transit",2014,1278.97000000
"Kepler-335 c","Kepler-335",296.0642944,45.4285986,"Transit",2014,1278.97000000
"Kepler-336 b","Kepler-336",290.2376224,41.3313637,"Transit",2014,768.86000000
"Kepler-336 c","Kepler-336",290.2376224,41.3313637,"Transit",2014,768.86000000
"Kepler-336 d","Kepler-336",290.2376224,41.3313637,"Transit",2014,768.86000000
"Kepler-337 b","Kepler-337",290.0605123,47.1639533,"Transit",2014,677.97500000
"Kepler-337 c","Kepler-337",290.0605123,47.1639533,"Transit",2014,677.97500000
"Kepler-338 b","Kepler-338",282.9790593,40.7844188,"Transit",2014,552.79800000
"Kepler-338 c","Kepler-338",282.9790593,40.7844188,"Transit",2014,552.79800000
"Kepler-338 d","Kepler-338",282.9790593,40.7844188,"Transit",2014,552.79800000
"Kepler-338 e","Kepler-338",282.9790593,40.7844188,"Transit Timing Variations",2014,552.79800000
"Kepler-339 b","Kepler-339",293.3517010,48.4445922,"Transit",2014,616.63700000
"Kepler-339 c","Kepler-339",293.3517010,48.4445922,"Transit",2014,616.63700000
"Kepler-339 d","Kepler-339",293.3517010,48.4445922,"Transit",2014,616.63700000
"Kepler-34 b","Kepler-34",296.4358022,44.6415369,"Transit",2011,1800.82000000
"Kepler-340 b","Kepler-340",295.9334710,40.3005515,"Transit",2014,808.76200000
"Kepler-340 c","Kepler-340",295.9334710,40.3005515,"Transit",2014,808.76200000
"Kepler-341 b","Kepler-341",289.8615609,43.4727412,"Transit",2014,1047.03000000
"Kepler-341 c","Kepler-341",289.8615609,43.4727412,"Transit",2014,1047.03000000
"Kepler-341 d","Kepler-341",289.8615609,43.4727412,"Transit",2014,1047.03000000
"Kepler-341 e","Kepler-341",289.8615609,43.4727412,"Transit",2014,1047.03000000
"Kepler-342 b","Kepler-342",292.6780488,46.7266813,"Transit",2014,781.61100000
"Kepler-342 c","Kepler-342",292.6780488,46.7266813,"Transit",2014,781.61100000
"Kepler-342 d","Kepler-342",292.6780488,46.7266813,"Transit",2014,781.61100000
"Kepler-342 e","Kepler-342",292.6780488,46.7266813,"Transit",2016,781.61100000
"Kepler-343 b","Kepler-343",291.9606620,42.4329567,"Transit",2014,927.19300000
"Kepler-343 c","Kepler-343",291.9606620,42.4329567,"Transit",2014,927.19300000
"Kepler-344 b","Kepler-344",292.4996101,46.3243406,"Transit",2014,1002.94000000
"Kepler-344 c","Kepler-344",292.4996101,46.3243406,"Transit",2014,1002.94000000
"Kepler-345 b","Kepler-345",295.2288521,45.9710432,"Transit",2014,260.00000000
"Kepler-345 c","Kepler-345",295.2288521,45.9710432,"Transit",2014,260.00000000
"Kepler-346 b","Kepler-346",288.0119248,46.1176003,"Transit",2014,984.10500000
"Kepler-346 c","Kepler-346",288.0119248,46.1176003,"Transit",2014,984.10500000
"Kepler-347 b","Kepler-347",289.1995995,49.3056404,"Transit",2014,1298.88000000
"Kepler-347 c","Kepler-347",289.1995995,49.3056404,"Transit",2014,1298.88000000
"Kepler-347 d","Kepler-347",289.1995995,49.3056404,"Transit",2023,1298.88000000
"Kepler-348 b","Kepler-348",297.2550814,40.5483883,"Transit",2014,570.78300000
"Kepler-348 c","Kepler-348",297.2550814,40.5483883,"Transit",2014,570.78300000
"Kepler-349 b","Kepler-349",293.6764689,44.6155972,"Transit",2014,940.72400000
"Kepler-349 c","Kepler-349",293.6764689,44.6155972,"Transit",2014,940.72400000
"Kepler-35 b","Kepler-35",294.4969550,46.6896733,"Transit",2011,1819.17000000
"Kepler-350 b","Kepler-350",285.4195845,39.7061009,"Transit",2014,956.85900000
"Kepler-350 c","Kepler-350",285.4195845,39.7061009,"Transit",2013,956.85900000
"Kepler-350 d","Kepler-350",285.4195845,39.7061009,"Transit",2013,956.85900000
"Kepler-351 b","Kepler-351",286.4527949,42.6577891,"Transit",2014,1083.91000000
"Kepler-351 c","Kepler-351",286.4527949,42.6577891,"Transit",2014,1083.91000000
"Kepler-351 d","Kepler-351",286.4527949,42.6577891,"Transit",2016,1083.91000000
"Kepler-352 b","Kepler-352",299.8966237,46.0519022,"Transit",2014,252.73300000
"Kepler-352 c","Kepler-352",299.8966237,46.0519022,"Transit",2014,252.73300000
"Kepler-352 d","Kepler-352",299.8966237,46.0519022,"Transit",2021,252.73300000
"Kepler-353 b","Kepler-353",296.8565596,41.7580749,"Transit",2014,384.69400000
"Kepler-353 c","Kepler-353",296.8565596,41.7580749,"Transit",2014,384.69400000
"Kepler-354 b","Kepler-354",285.7515347,41.3356739,"Transit",2014,554.06400000
"Kepler-354 c","Kepler-354",285.7515347,41.3356739,"Transit",2014,554.06400000
"Kepler-354 d","Kepler-354",285.7515347,41.3356739,"Transit",2014,554.06400000
"Kepler-355 b","Kepler-355",285.7994917,42.8117427,"Transit",2014,1432.17000000
"Kepler-355 c","Kepler-355",285.7994917,42.8117427,"Transit",2014,1432.17000000
"Kepler-356 b","Kepler-356",292.4210998,37.6827919,"Transit",2014,707.55900000
"Kepler-356 c","Kepler-356",292.4210998,37.6827919,"Transit",2014,707.55900000
"Kepler-357 b","Kepler-357",291.2429746,44.0086337,"Transit",2014,688.57300000
"Kepler-357 c","Kepler-357",291.2429746,44.0086337,"Transit",2014,688.57300000
"Kepler-357 d","Kepler-357",291.2429746,44.0086337,"Transit",2014,688.57300000
"Kepler-358 b","Kepler-358",293.2302333,48.2813901,"Transit",2014,1101.10000000
"Kepler-358 c","Kepler-358",293.2302333,48.2813901,"Transit",2014,1101.10000000
"Kepler-359 b","Kepler-359",293.2936129,42.1963497,"Transit",2014,1443.21000000
"Kepler-359 c","Kepler-359",293.2936129,42.1963497,"Transit",2014,1443.21000000
"Kepler-359 d","Kepler-359",293.2936129,42.1963497,"Transit",2014,1443.21000000
"Kepler-36 b","Kepler-36",291.2501859,49.2318073,"Transit",2012,527.95600000
"Kepler-36 c","Kepler-36",291.2501859,49.2318073,"Transit",2012,527.95600000
"Kepler-360 b","Kepler-360",286.2847077,44.7815817,"Transit",2014,876.04400000
"Kepler-360 c","Kepler-360",286.2847077,44.7815817,"Transit",2014,876.04400000
"Kepler-361 b","Kepler-361",296.8034146,46.7411011,"Transit",2014,930.32000000
"Kepler-361 c","Kepler-361",296.8034146,46.7411011,"Transit",2014,930.32000000
"Kepler-362 b","Kepler-362",291.7716030,47.5299192,"Transit",2014,1090.51000000
"Kepler-362 c","Kepler-362",291.7716030,47.5299192,"Transit",2014,1090.51000000
"Kepler-363 b","Kepler-363",283.1920779,41.3054172,"Transit",2014,762.59600000
"Kepler-363 c","Kepler-363",283.1920779,41.3054172,"Transit",2014,762.59600000
"Kepler-363 d","Kepler-363",283.1920779,41.3054172,"Transit",2014,762.59600000
"Kepler-364 b","Kepler-364",281.5699998,47.3986233,"Transit",2014,891.46200000
"Kepler-364 c","Kepler-364",281.5699998,47.3986233,"Transit",2014,891.46200000
"Kepler-365 b","Kepler-365",295.6265640,49.1304110,"Transit",2014,1038.99000000
"Kepler-365 c","Kepler-365",295.6265640,49.1304110,"Transit",2014,1038.99000000
"Kepler-366 b","Kepler-366",296.8520316,49.0844359,"Transit",2014,1856.28000000
"Kepler-366 c","Kepler-366",296.8520316,49.0844359,"Transit",2014,1856.28000000
"Kepler-367 b","Kepler-367",297.2925580,49.9817499,"Transit",2014,188.02700000
"Kepler-367 c","Kepler-367",297.2925580,49.9817499,"Transit",2014,188.02700000
"Kepler-368 b","Kepler-368",291.8800180,45.3878419,"Transit",2014,770.97800000
"Kepler-368 c","Kepler-368",291.8800180,45.3878419,"Transit",2014,770.97800000
"Kepler-369 b","Kepler-369",293.6743322,47.9084727,"Transit",2014,214.00000000
"Kepler-369 c","Kepler-369",293.6743322,47.9084727,"Transit",2014,214.00000000
"Kepler-37 b","Kepler-37",284.0592503,44.5183733,"Transit",2013,63.92070000
"Kepler-37 c","Kepler-37",284.0592503,44.5183733,"Transit",2013,63.92070000
"Kepler-37 d","Kepler-37",284.0592503,44.5183733,"Transit",2013,63.92070000
"Kepler-37 e","Kepler-37",284.0592503,44.5183733,"Transit Timing Variations",2014,63.92070000
"Kepler-370 b","Kepler-370",292.1710683,40.9162381,"Transit",2014,1167.94000000
"Kepler-370 c","Kepler-370",292.1710683,40.9162381,"Transit",2014,1167.94000000
"Kepler-371 b","Kepler-371",292.3264835,38.6575441,"Transit",2014,813.19200000
"Kepler-371 c","Kepler-371",292.3264835,38.6575441,"Transit",2014,813.19200000
"Kepler-372 b","Kepler-372",291.2562253,49.2589288,"Transit",2014,1493.95000000
"Kepler-372 c","Kepler-372",291.2562253,49.2589288,"Transit",2014,1493.95000000
"Kepler-372 d","Kepler-372",291.2562253,49.2589288,"Transit",2014,1493.95000000
"Kepler-373 b","Kepler-373",289.3879904,50.5970115,"Transit",2014,1090.45000000
"Kepler-373 c","Kepler-373",289.3879904,50.5970115,"Transit",2014,1090.45000000
"Kepler-374 b","Kepler-374",294.1378921,42.3704075,"Transit",2014,1265.61000000
"Kepler-374 c","Kepler-374",294.1378921,42.3704075,"Transit",2014,1265.61000000
"Kepler-374 d","Kepler-374",294.1378921,42.3704075,"Transit",2014,1265.61000000
"Kepler-375 b","Kepler-375",288.6178715,48.0983639,"Transit",2014,1238.81000000
"Kepler-375 c","Kepler-375",288.6178715,48.0983639,"Transit",2014,1238.81000000
"Kepler-376 b","Kepler-376",291.6071451,38.4103192,"Transit",2014,923.06700000
"Kepler-376 c","Kepler-376",291.6071451,38.4103192,"Transit",2014,923.06700000
"Kepler-377 b","Kepler-377",295.4220717,38.7356737,"Transit",2014,823.80400000
"Kepler-377 c","Kepler-377",295.4220717,38.7356737,"Transit",2014,823.80400000
"Kepler-378 b","Kepler-378",294.9489697,46.4388673,"Transit",2014,152.09400000
"Kepler-378 c","Kepler-378",294.9489697,46.4388673,"Transit",2014,152.09400000
"Kepler-379 b","Kepler-379",295.7010981,38.9458209,"Transit",2014,731.27400000
"Kepler-379 c","Kepler-379",295.7010981,38.9458209,"Transit",2014,731.27400000
"Kepler-38 b","Kepler-38",286.8303120,42.2791434,"Transit",2012,1174.59000000
"Kepler-380 b","Kepler-380",282.3947017,48.7591334,"Transit",2014,813.71300000
"Kepler-380 c","Kepler-380",282.3947017,48.7591334,"Transit",2014,813.71300000
"Kepler-381 b","Kepler-381",285.1828685,43.8310283,"Transit",2014,267.32300000
"Kepler-381 c","Kepler-381",285.1828685,43.8310283,"Transit",2014,267.32300000
"Kepler-381 d","Kepler-381",285.1828685,43.8310283,"Transit",2021,267.32300000
"Kepler-382 b","Kepler-382",299.1362435,45.8699582,"Transit",2014,935.44600000
"Kepler-382 c","Kepler-382",299.1362435,45.8699582,"Transit",2014,935.44600000
"Kepler-383 b","Kepler-383",291.3426078,38.3631616,"Transit",2014,470.00000000
"Kepler-383 c","Kepler-383",291.3426078,38.3631616,"Transit",2014,470.00000000
"Kepler-384 b","Kepler-384",286.0261113,44.7828571,"Transit",2014,895.67800000
"Kepler-384 c","Kepler-384",286.0261113,44.7828571,"Transit",2014,895.67800000
"Kepler-385 b","Kepler-385",294.3385109,50.3365178,"Transit",2014,1432.61000000
"Kepler-385 c","Kepler-385",294.3385109,50.3365178,"Transit",2014,1432.61000000
"Kepler-385 d","Kepler-385",294.3385109,50.3365178,"Transit",2020,1432.61000000
"Kepler-386 b","Kepler-386",289.8589165,48.6938077,"Transit",2014,882.46200000
"Kepler-386 c","Kepler-386",289.8589165,48.6938077,"Transit",2014,882.46200000
"Kepler-387 b","Kepler-387",287.7982699,45.6567655,"Transit",2014,801.05200000
"Kepler-387 c","Kepler-387",287.7982699,45.6567655,"Transit",2014,801.05200000
"Kepler-388 b","Kepler-388",284.8280577,44.6086451,"Transit",2014,425.00000000
"Kepler-388 c","Kepler-388",284.8280577,44.6086451,"Transit",2014,425.00000000
"Kepler-389 b","Kepler-389",291.9600082,44.9000587,"Transit",2014,816.55900000
"Kepler-389 c","Kepler-389",291.9600082,44.9000587,"Transit",2014,816.55900000
"Kepler-39 b","Kepler-39",296.9603348,46.0342954,"Transit",2011,1057.41000000
"Kepler-390 b","Kepler-390",291.6288086,41.2088351,"Transit",2014,435.27700000
"Kepler-390 c","Kepler-390",291.6288086,41.2088351,"Transit",2014,435.27700000
"Kepler-391 b","Kepler-391",290.6218844,51.0573453,"Transit",2014,869.23600000
"Kepler-391 c","Kepler-391",290.6218844,51.0573453,"Transit",2014,869.23600000
"Kepler-392 b","Kepler-392",288.6608260,43.3681938,"Transit",2014,681.42800000
"Kepler-392 c","Kepler-392",288.6608260,43.3681938,"Transit",2014,681.42800000
"Kepler-393 b","Kepler-393",290.9952050,45.1921880,"Transit",2014,881.40400000
"Kepler-393 c","Kepler-393",290.9952050,45.1921880,"Transit",2014,881.40400000
"Kepler-394 b","Kepler-394",296.3019792,50.6723115,"Transit",2014,1058.72000000
"Kepler-394 c","Kepler-394",296.3019792,50.6723115,"Transit",2014,1058.72000000
"Kepler-394 d","Kepler-394",296.3019792,50.6723115,"Transit",2021,1058.72000000
"Kepler-395 b","Kepler-395",293.5111889,45.1366252,"Transit",2014,421.38200000
"Kepler-395 c","Kepler-395",293.5111889,45.1366252,"Transit",2014,421.38200000
"Kepler-396 b","Kepler-396",296.1328135,48.9773095,"Transit",2013,223.75700000
"Kepler-396 c","Kepler-396",296.1328135,48.9773095,"Transit",2013,223.75700000
"Kepler-397 b","Kepler-397",295.8940373,42.3805156,"Transit",2014,969.00000000
"Kepler-397 c","Kepler-397",295.8940373,42.3805156,"Transit",2014,969.00000000
"Kepler-398 b","Kepler-398",291.4688524,40.3437001,"Transit",2014,177.35500000
"Kepler-398 c","Kepler-398",291.4688524,40.3437001,"Transit",2014,177.35500000
"Kepler-398 d","Kepler-398",291.4688524,40.3437001,"Transit",2016,177.35500000
"Kepler-399 b","Kepler-399",299.5017242,40.6707669,"Transit",2014,740.53700000
"Kepler-399 c","Kepler-399",299.5017242,40.6707669,"Transit",2014,740.53700000
"Kepler-399 d","Kepler-399",299.5017242,40.6707669,"Transit",2014,740.53700000
"Kepler-4 b","Kepler-4",285.6154492,50.1357712,"Transit",2009,487.91600000
"Kepler-40 b","Kepler-40",296.8136883,47.5265446,"Transit",2010,2305.01000000
"Kepler-400 b","Kepler-400",290.9444679,40.4800528,"Transit",2014,845.97000000
"Kepler-400 c","Kepler-400",290.9444679,40.4800528,"Transit",2014,845.97000000
"Kepler-401 b","Kepler-401",290.0827494,50.8634361,"Transit",2014,965.56000000
"Kepler-401 c","Kepler-401",290.0827494,50.8634361,"Transit",2014,965.56000000
"Kepler-401 d","Kepler-401",290.0827494,50.8634361,"Transit",2016,965.56000000
"Kepler-402 b","Kepler-402",288.3701976,43.3546109,"Transit",2014,625.33900000
"Kepler-402 c","Kepler-402",288.3701976,43.3546109,"Transit",2014,625.33900000
"Kepler-402 d","Kepler-402",288.3701976,43.3546109,"Transit",2014,625.33900000
"Kepler-402 e","Kepler-402",288.3701976,43.3546109,"Transit",2014,625.33900000
"Kepler-403 b","Kepler-403",289.9214256,46.7445267,"Transit",2014,840.26900000
"Kepler-403 c","Kepler-403",289.9214256,46.7445267,"Transit",2014,840.26900000
"Kepler-403 d","Kepler-403",289.9214256,46.7445267,"Transit",2016,840.26900000
"Kepler-404 b","Kepler-404",286.3985796,45.3435241,"Transit",2014,812.52400000
"Kepler-404 c","Kepler-404",286.3985796,45.3435241,"Transit",2014,812.52400000
"Kepler-405 b","Kepler-405",291.4094615,38.3400107,"Transit",2014,1065.08000000
"Kepler-405 c","Kepler-405",291.4094615,38.3400107,"Transit",2014,1065.08000000
"Kepler-406 b","Kepler-406",291.8481764,44.9682807,"Transit",2014,364.03000000
"Kepler-406 c","Kepler-406",291.8481764,44.9682807,"Transit",2014,364.03000000
"Kepler-407 b","Kepler-407",286.0363025,49.6145027,"Transit",2014,338.36800000
"Kepler-407 c","Kepler-407",286.0363025,49.6145027,"Radial Velocity",2014,338.36800000
"Kepler-408 b","Kepler-408",284.7862158,48.4232622,"Transit",2014,88.78320000
"Kepler-409 b","Kepler-409",293.6792058,46.8527337,"Transit",2014,68.17300000
"Kepler-41 b","Kepler-41",294.5132465,45.9816453,"Transit",2011,1093.08000000
"Kepler-410 A b","Kepler-410 A",283.1510448,45.1400838,"Transit",2013,147.52700000
"Kepler-411 b","Kepler-411",287.6057027,49.5233937,"Transit",2013,153.67600000
"Kepler-411 c","Kepler-411",287.6057027,49.5233937,"Transit",2016,153.67600000
"Kepler-411 d","Kepler-411",287.6057027,49.5233937,"Transit",2018,153.67600000
"Kepler-411 e","Kepler-411",287.6057027,49.5233937,"Transit Timing Variations",2018,153.67600000
"Kepler-412 b","Kepler-412",286.1103053,43.6809612,"Transit",2014,1086.24000000
"Kepler-413 b","Kepler-413",288.5106679,51.1624235,"Transit",2014,847.53600000
"Kepler-414 b","Kepler-414",297.9615616,48.2443363,"Transit Timing Variations",2014,413.46000000
"Kepler-414 c","Kepler-414",297.9615616,48.2443363,"Transit Timing Variations",2014,413.46000000
"Kepler-415 b","Kepler-415",293.8045041,38.6390517,"Transit Timing Variations",2014,530.48700000
"Kepler-415 c","Kepler-415",293.8045041,38.6390517,"Transit Timing Variations",2014,530.48700000
"Kepler-416 b","Kepler-416",291.5569554,39.2272923,"Transit Timing Variations",2014,690.81900000
"Kepler-416 c","Kepler-416",291.5569554,39.2272923,"Transit Timing Variations",2014,690.81900000
"Kepler-416 d","Kepler-416",291.5569554,39.2272923,"Transit",2023,690.81900000
"Kepler-417 b","Kepler-417",293.8241813,42.7796480,"Transit Timing Variations",2014,973.98900000
"Kepler-417 c","Kepler-417",293.8241813,42.7796480,"Transit Timing Variations",2014,973.98900000
"Kepler-418 b","Kepler-418",294.4335228,38.3554729,"Transit",2014,1002.53000000
"Kepler-418 c","Kepler-418",294.4335228,38.3554729,"Transit",2021,1002.53000000
"Kepler-419 b","Kepler-419",295.4179125,51.1847629,"Transit",2014,1011.36000000
"Kepler-419 c","Kepler-419",295.4179125,51.1847629,"Transit Timing Variations",2014,1011.36000000
"Kepler-42 b","Kepler-42",292.2196000,44.6173667,"Transit",2011,40.05950000
"Kepler-42 c","Kepler-42",292.2196000,44.6173667,"Transit",2011,40.05950000
"Kepler-42 d","Kepler-42",292.2196000,44.6173667,"Transit",2011,40.05950000
"Kepler-421 b","Kepler-421",283.2568116,45.0876823,"Transit",2014,348.55800000
"Kepler-422 b","Kepler-422",282.6296334,46.3232807,"Transit",2014,722.79500000
"Kepler-423 b","Kepler-423",292.8557189,46.3911883,"Transit",2014,758.75300000
"Kepler-424 b","Kepler-424",298.6249797,48.5774500,"Transit",2014,698.64600000
"Kepler-424 c","Kepler-424",298.6249797,48.5774500,"Radial Velocity",2014,698.64600000
"Kepler-425 b","Kepler-425",290.3579781,40.5676965,"Transit",2014,646.64700000
"Kepler-426 b","Kepler-426",289.4346668,49.4734550,"Transit",2014,843.69500000
"Kepler-427 b","Kepler-427",288.2545808,43.7048379,"Transit",2014,1017.80000000
"Kepler-428 b","Kepler-428",290.5817432,40.5773106,"Transit",2014,686.28400000
"Kepler-43 b","Kepler-43",285.2408288,46.6682411,"Transit",2011,1005.84000000
"Kepler-430 b","Kepler-430",292.8085984,49.5794242,"Transit",2015,917.47700000
"Kepler-430 c","Kepler-430",292.8085984,49.5794242,"Transit",2015,917.47700000
"Kepler-431 b","Kepler-431",281.1123072,43.2277663,"Transit",2015,486.54600000
"Kepler-431 c","Kepler-431",281.1123072,43.2277663,"Transit",2015,486.54600000
"Kepler-431 d","Kepler-431",281.1123072,43.2277663,"Transit",2015,486.54600000
"Kepler-432 b","Kepler-432",293.2822344,48.2859173,"Transit",2015,848.02300000
"Kepler-432 c","Kepler-432",293.2822344,48.2859173,"Radial Velocity",2015,848.02300000
"Kepler-433 b","Kepler-433",297.5936232,40.9772546,"Transit",2015,1878.31000000
"Kepler-434 b","Kepler-434",293.5863887,42.9288624,"Transit",2015,1222.54000000
"Kepler-435 b","Kepler-435",292.2873012,43.1972542,"Transit",2015,1418.77000000
"Kepler-436 b","Kepler-436",301.7207775,44.4120856,"Transit",2015,588.86700000
"Kepler-436 c","Kepler-436",301.7207775,44.4120856,"Transit",2016,588.86700000
"Kepler-437 b","Kepler-437",297.3473326,44.0269249,"Transit",2015,304.00000000
"Kepler-438 b","Kepler-438",281.6457236,41.9510686,"Transit",2015,195.94287175
"Kepler-439 b","Kepler-439",280.8015188,44.0339733,"Transit",2015,757.04800000
"Kepler-44 b","Kepler-44",300.1023512,45.7621918,"Transit",2011,1188.00000000
"Kepler-440 b","Kepler-440",285.3500664,41.4523695,"Transit",2015,301.03000000
"Kepler-441 b","Kepler-441",284.5669540,49.0127077,"Transit",2015,268.00300000
"Kepler-442 b","Kepler-442",285.3666029,39.2800704,"Transit",2015,365.96500000
"Kepler-443 b","Kepler-443",288.6104839,49.9685458,"Transit",2015,802.27100000
"Kepler-444 b","Kepler-444",289.7528323,41.6318840,"Transit",2015,36.43960000
"Kepler-444 c","Kepler-444",289.7528323,41.6318840,"Transit",2015,36.43960000
"Kepler-444 d","Kepler-444",289.7528323,41.6318840,"Transit",2015,36.43960000
"Kepler-444 e","Kepler-444",289.7528323,41.6318840,"Transit",2015,36.43960000
"Kepler-444 f","Kepler-444",289.7528323,41.6318840,"Transit",2015,36.43960000
"Kepler-445 b","Kepler-445",298.7363395,46.4991236,"Transit",2015,127.20100000
"Kepler-445 c","Kepler-445",298.7363395,46.4991236,"Transit",2015,127.20100000
"Kepler-445 d","Kepler-445",298.7363395,46.4991236,"Transit",2015,127.20100000
"Kepler-446 b","Kepler-446",282.2501047,44.9210020,"Transit",2015,96.33900000
"Kepler-446 c","Kepler-446",282.2501047,44.9210020,"Transit",2015,96.33900000
"Kepler-446 d","Kepler-446",282.2501047,44.9210020,"Transit",2015,96.33900000
"Kepler-447 b","Kepler-447",285.2685283,48.5598835,"Transit",2015,268.04100000
"Kepler-448 c","KOI-12",297.4537402,41.0110188,"Transit Timing Variations",2017,399.39800000
"Kepler-449 b","Kepler-449",293.7327870,41.9006366,"Transit",2015,241.94900000
"Kepler-449 c","Kepler-449",293.7327870,41.9006366,"Transit",2015,241.94900000
"Kepler-45 b","Kepler-45",292.8729292,41.0641727,"Transit",2011,381.94900000
"Kepler-450 b","Kepler-450",295.4865821,51.0135237,"Transit",2015,455.98200000
"Kepler-450 c","Kepler-450",295.4865821,51.0135237,"Transit",2015,455.98200000
"Kepler-450 d","Kepler-450",295.4865821,51.0135237,"Transit",2015,455.98200000
"Kepler-451 c","2MASS J19383260+4603591",294.6359173,46.0664076,"Eclipse Timing Variations",2022,396.33200000
"Kepler-451 d","2MASS J19383260+4603591",294.6359173,46.0664076,"Eclipse Timing Variations",2022,396.33200000
"Kepler-452 b","Kepler-452",296.0037520,44.2775861,"Transit",2015,551.72700000
"Kepler-453 b","Kepler-453",283.2413322,46.3784691,"Transit",2015,442.84600000
"Kepler-454 b","Kepler-454",287.4786474,38.2290751,"Transit",2015,230.86900000
"Kepler-454 c","Kepler-454",287.4786474,38.2290751,"Radial Velocity",2015,230.86900000
"Kepler-454 d","Kepler-454",287.4786474,38.2290751,"Radial Velocity",2023,230.86900000
"Kepler-457 d","KOI-7892",282.3775397,44.6945690,"Transit",2021,1072.30000000
"Kepler-458 c","KIC 9663113",297.0454037,46.3286653,"Transit",2016,1594.74000000
"Kepler-46 b","Kepler-46",289.2687388,42.6041819,"Transit",2012,777.06000000
"Kepler-46 c","Kepler-46",289.2687388,42.6041819,"Transit Timing Variations",2012,777.06000000
"Kepler-46 d","Kepler-46",289.2687388,42.6041819,"Transit",2014,777.06000000
"Kepler-460 c","KIC 5437945",288.4749028,40.6512848,"Transit",2016,1274.01000000
"Kepler-461 b","Kepler-461",292.2490563,46.1647909,"Transit",2016,692.15800000
"Kepler-462 b","Kepler-462",299.8211502,43.8142793,"Transit",2016,596.62500000
"Kepler-462 c","Kepler-462",299.8211502,43.8142793,"Transit",2018,596.62500000
"Kepler-463 b","Kepler-463",298.9368228,44.8578644,"Transit",2016,394.80400000
"Kepler-464 b","Kepler-464",294.8351052,48.9823204,"Transit",2016,667.60400000
"Kepler-465 b","Kepler-465",284.5557853,46.0638865,"Transit",2016,553.07700000
"Kepler-466 b","Kepler-466",295.6486585,48.4955191,"Transit",2016,530.12200000
"Kepler-466 c","Kepler-466",295.6486585,48.4955191,"Transit",2016,530.12200000
"Kepler-467 b","Kepler-467",287.3629145,38.6497341,"Transit",2016,466.26500000
"Kepler-468 b","Kepler-468",288.9022829,49.3704079,"Transit",2016,442.87100000
"Kepler-47 b","Kepler-47",295.2978883,46.9204303,"Transit",2012,1025.02000000
"Kepler-47 c","Kepler-47",295.2978883,46.9204303,"Transit",2012,1025.02000000
"Kepler-47 d","Kepler-47",295.2978883,46.9204303,"Transit",2019,1025.02000000
"Kepler-471 b","Kepler-471",299.0975167,43.4975851,"Transit",2016,1249.41000000
"Kepler-472 b","Kepler-472",296.5245187,39.2498503,"Transit",2016,306.60200000
"Kepler-473 b","Kepler-473",286.6300796,38.9455907,"Transit",2016,905.93700000
"Kepler-474 b","Kepler-474",292.3215174,43.8811723,"Transit",2016,841.49600000
"Kepler-475 b","Kepler-475",287.0516940,40.2114232,"Transit",2016,280.06900000
"Kepler-476 b","Kepler-476",295.1637592,43.9630716,"Transit",2016,813.53500000
"Kepler-477 b","Kepler-477",288.0674450,42.3553050,"Transit",2016,367.00000000
"Kepler-478 b","Kepler-478",292.4870063,46.1961870,"Transit",2016,420.00000000
"Kepler-479 b","Kepler-479",291.0218899,37.7698734,"Transit",2016,344.90100000
"Kepler-48 b","Kepler-48",299.1393094,40.9489390,"Transit",2012,306.73800000
"Kepler-48 c","Kepler-48",299.1393094,40.9489390,"Transit",2012,306.73800000
"Kepler-48 d","Kepler-48",299.1393094,40.9489390,"Transit",2014,306.73800000
"Kepler-48 e","Kepler-48",299.1393094,40.9489390,"Radial Velocity",2014,306.73800000
"Kepler-48 f","Kepler-48",299.1393094,40.9489390,"Radial Velocity",2023,306.73800000
"Kepler-480 b","Kepler-480",294.4639165,49.7650473,"Transit",2016,847.50800000
"Kepler-481 b","Kepler-481",291.9069862,49.2620760,"Transit",2016,813.72400000
"Kepler-482 b","Kepler-482",296.8229326,48.1077628,"Transit",2016,313.06800000
"Kepler-483 b","Kepler-483",291.6467764,41.8846843,"Transit",2016,860.35500000
"Kepler-484 b","Kepler-484",284.3942844,46.2491109,"Transit",2016,382.13600000
"Kepler-485 b","Kepler-485",294.9963415,50.4700458,"Transit",2016,1140.95000000
"Kepler-487 b","Kepler-487",295.2872318,41.2220033,"Transit",2016,872.34300000
"Kepler-487 c","Kepler-487",295.2872318,41.2220033,"Transit",2016,872.34300000
"Kepler-487 d","Kepler-487",295.2872318,41.2220033,"Transit",2021,872.34300000
"Kepler-489 b","Kepler-489",290.8332412,38.1841851,"Transit",2016,369.64500000
"Kepler-49 b","Kepler-49",292.2945208,40.5918123,"Transit",2012,311.22200000
"Kepler-49 c","Kepler-49",292.2945208,40.5918123,"Transit",2012,311.22200000
"Kepler-49 d","Kepler-49",292.2945208,40.5918123,"Transit",2014,311.22200000
"Kepler-49 e","Kepler-49",292.2945208,40.5918123,"Transit",2014,311.22200000
"Kepler-490 b","Kepler-490",295.0256620,46.9559536,"Transit",2016,1523.00000000
"Kepler-491 b","Kepler-491",287.1305782,42.3501533,"Transit",2016,630.78500000
"Kepler-493 b","Kepler-493",295.3075252,38.8815716,"Transit",2016,1745.77000000
"Kepler-495 b","Kepler-495",285.9307362,39.0981201,"Transit",2016,658.92400000
"Kepler-495 c","Kepler-495",285.9307362,39.0981201,"Transit",2021,658.92400000
"Kepler-496 b","Kepler-496",291.6408978,41.2411044,"Transit",2016,605.27400000
"Kepler-497 b","Kepler-497",290.7659557,38.9279468,"Transit",2016,1291.98000000
"Kepler-498 b","Kepler-498",290.3581592,44.5187225,"Transit",2016,938.84400000
"Kepler-499 b","Kepler-499",295.1099549,43.9151012,"Transit",2016,556.72600000
"Kepler-5 b","Kepler-5",299.4070341,44.0350387,"Transit",2009,899.77700000
"Kepler-50 b","Kepler-50",288.1009312,50.0336844,"Transit",2012,250.11000000
"Kepler-50 c","Kepler-50",288.1009312,50.0336844,"Transit",2012,250.11000000
"Kepler-500 b","Kepler-500",295.9513472,43.8519884,"Transit",2016,807.48000000
"Kepler-501 b","Kepler-501",297.2014919,41.7301534,"Transit",2016,1125.24000000
"Kepler-501 c","Kepler-501",297.2014919,41.7301534,"Transit",2021,1125.24000000
"Kepler-502 b","Kepler-502",291.0801330,43.8601911,"Transit",2016,1591.04000000
"Kepler-504 b","Kepler-504",284.9219608,45.9723265,"Transit",2016,99.06880000
"Kepler-505 b","Kepler-505",287.8579530,42.5426758,"Transit",2016,283.41000000
"Kepler-506 b","Kepler-506",284.6351885,40.7198296,"Transit",2016,228.43900000
"Kepler-507 b","Kepler-507",297.0188074,50.4090460,"Transit",2016,391.64400000
"Kepler-508 b","Kepler-508",295.4042546,42.9812789,"Transit",2016,324.61800000
"Kepler-509 b","Kepler-509",289.6643940,48.7061650,"Transit",2016,332.44300000
"Kepler-51 b","Kepler-51",296.4797624,49.9376486,"Transit",2012,783.83100000
"Kepler-51 c","Kepler-51",296.4797624,49.9376486,"Transit",2012,783.83100000
"Kepler-51 d","Kepler-51",296.4797624,49.9376486,"Transit",2014,783.83100000
"Kepler-51 e","Kepler-51",296.4797624,49.9376486,"Transit Timing Variations",2024,783.83100000
"Kepler-510 b","Kepler-510",287.6550196,39.2441716,"Transit",2016,386.17700000
"Kepler-511 b","Kepler-511",282.9455384,47.5749181,"Transit",2016,651.99900000
"Kepler-511 c","Kepler-511",282.9455384,47.5749181,"Transit",2021,651.99900000
"Kepler-512 b","Kepler-512",298.2689217,48.9167391,"Transit",2016,467.37500000
"Kepler-513 b","Kepler-513",285.0416235,50.0753913,"Transit",2016,468.25800000
"Kepler-514 b","Kepler-514",286.2471739,50.2423694,"Transit",2016,455.33600000
"Kepler-515 b","Kepler-515",290.4939130,52.0556110,"Transit",2016,255.00000000
"Kepler-516 b","Kepler-516",295.6087625,38.7357368,"Transit",2016,687.09400000
"Kepler-517 b","Kepler-517",293.6755138,41.2952061,"Transit",2016,289.90700000
"Kepler-518 b","Kepler-518",287.0900190,41.3737576,"Transit",2016,337.90100000
"Kepler-519 b","Kepler-519",299.3196708,41.3847447,"Transit",2016,246.61000000
"Kepler-52 b","Kepler-52",286.7380152,49.9757383,"Transit",2012,321.54200000
"Kepler-52 c","Kepler-52",286.7380152,49.9757383,"Transit",2012,321.54200000
"Kepler-52 d","Kepler-52",286.7380152,49.9757383,"Transit",2014,321.54200000
"Kepler-520 b","Kepler-520",293.1802903,41.6177408,"Transit",2016,623.90100000
"Kepler-520 c","Kepler-520",293.1802903,41.6177408,"Transit",2016,623.90100000
"Kepler-521 b","Kepler-521",298.8163801,43.9980203,"Transit",2016,830.63800000
"Kepler-522 b","Kepler-522",288.1539730,44.0688154,"Transit",2016,639.23900000
"Kepler-523 b","Kepler-523",284.0611224,45.5068127,"Transit",2016,253.29500000
"Kepler-524 b","Kepler-524",296.8591787,49.1620125,"Transit",2016,1058.24000000
"Kepler-524 c","Kepler-524",296.8591787,49.1620125,"Transit",2016,1058.24000000
"Kepler-525 b","Kepler-525",296.1834239,47.3587776,"Transit",2016,992.85200000
"Kepler-526 b","Kepler-526",297.6509281,47.3962246,"Transit",2016,666.14600000
"Kepler-527 b","Kepler-527",290.9579130,47.4062673,"Transit",2016,750.04000000
"Kepler-528 b","Kepler-528",295.6848595,47.7480914,"Transit",2016,784.23000000
"Kepler-529 b","Kepler-529",285.8884067,47.8803640,"Transit",2016,799.00800000
"Kepler-529 c","Kepler-529",285.8884067,47.8803640,"Transit",2016,799.00800000
"Kepler-529 d","Kepler-529",285.8884067,47.8803640,"Transit",2021,799.00800000
"Kepler-53 b","Kepler-53",290.4617926,40.5624966,"Transit",2012,1366.07000000
"Kepler-53 c","Kepler-53",290.4617926,40.5624966,"Transit",2012,1366.07000000
"Kepler-53 d","Kepler-53",290.4617926,40.5624966,"Transit",2014,1366.07000000
"Kepler-530 b","Kepler-530",283.3402948,48.5490620,"Transit",2016,457.70900000
"Kepler-531 b","Kepler-531",286.5246582,48.6835481,"Transit",2016,252.76200000
"Kepler-532 b","Kepler-532",298.6609094,48.6063022,"Transit",2016,312.79800000
"Kepler-533 b","Kepler-533",293.6856893,48.8249915,"Transit",2016,302.95500000
"Kepler-534 b","Kepler-534",296.4185696,49.5401480,"Transit",2016,570.65900000
"Kepler-534 c","Kepler-534",296.4185696,49.5401480,"Transit",2021,570.65900000
"Kepler-535 b","Kepler-535",296.5666587,49.6961742,"Transit",2016,685.59900000
"Kepler-536 b","Kepler-536",297.7363605,49.6371010,"Transit",2016,462.32200000
"Kepler-537 b","Kepler-537",289.8805804,51.2769907,"Transit",2016,439.40000000
"Kepler-538 b","Kepler-538",297.4865503,49.6233975,"Transit",2016,155.95600000
"Kepler-539 b","Kepler-539",299.1224639,41.8667953,"Transit",2016,307.31800000
"Kepler-539 c","Kepler-539",299.1224639,41.8667953,"Transit Timing Variations",2016,307.31800000
"Kepler-54 b","Kepler-54",294.7739245,43.0561976,"Transit",2012,271.70100000
"Kepler-54 c","Kepler-54",294.7739245,43.0561976,"Transit",2012,271.70100000
"Kepler-54 d","Kepler-54",294.7739245,43.0561976,"Transit",2014,271.70100000
"Kepler-540 b","Kepler-540",290.6249953,44.8737757,"Transit",2016,390.37400000
"Kepler-541 b","Kepler-541",294.1496529,38.4582070,"Transit",2016,1060.68000000
"Kepler-542 b","Kepler-542",292.2149697,38.5485469,"Transit",2016,436.01600000
"Kepler-543 b","Kepler-543",287.2187273,38.8625366,"Transit",2016,221.80200000
"Kepler-544 b","Kepler-544",294.0290734,39.0517893,"Transit",2016,963.18000000
"Kepler-545 b","Kepler-545",290.5663221,40.6920756,"Transit",2016,818.00100000
"Kepler-546 b","Kepler-546",283.2575730,40.9904095,"Transit",2016,1019.65000000
"Kepler-547 b","Kepler-547",286.1185888,44.3452063,"Transit",2016,378.97200000
"Kepler-548 b","Kepler-548",299.9059167,45.4396103,"Transit",2016,751.77600000
"Kepler-549 b","Kepler-549",283.0228527,47.2611431,"Transit",2016,635.14500000
"Kepler-549 c","Kepler-549",283.0228527,47.2611431,"Transit",2016,635.14500000
"Kepler-549 d","Kepler-549",283.0228527,47.2611431,"Transit",2023,635.14500000
"Kepler-55 b","Kepler-55",285.1683291,44.0264898,"Transit",2012,578.79600000
"Kepler-55 c","Kepler-55",285.1683291,44.0264898,"Transit",2012,578.79600000
"Kepler-55 d","Kepler-55",285.1683291,44.0264898,"Transit",2014,578.79600000
"Kepler-55 e","Kepler-55",285.1683291,44.0264898,"Transit",2014,578.79600000
"Kepler-55 f","Kepler-55",285.1683291,44.0264898,"Transit",2014,578.79600000
"Kepler-550 b","Kepler-550",297.7001786,47.8637046,"Transit",2016,531.94400000
"Kepler-551 b","Kepler-551",285.4850450,48.0543774,"Transit",2016,311.17500000
"Kepler-552 b","Kepler-552",290.7476903,48.2419838,"Transit",2016,843.68900000
"Kepler-553 b","Kepler-553",298.5508922,48.3325405,"Transit",2016,728.52500000
"Kepler-553 c","Kepler-553",298.5508922,48.3325405,"Transit",2016,728.52500000
"Kepler-554 b","Kepler-554",296.4068982,51.3581938,"Transit",2016,690.52500000
"Kepler-555 b","Kepler-555",285.5168720,38.9324587,"Transit",2016,973.12100000
"Kepler-556 b","Kepler-556",290.5294799,38.9427306,"Transit",2016,674.59800000
"Kepler-557 b","Kepler-557",293.7084179,41.6151084,"Transit",2016,2097.12000000
"Kepler-558 b","Kepler-558",284.6579709,42.6526751,"Transit",2016,661.87600000
"Kepler-559 b","Kepler-559",296.6368878,43.8027948,"Transit",2016,776.70800000
"Kepler-56 b","Kepler-56",293.7583002,41.8718070,"Transit",2012,912.99400000
"Kepler-56 c","Kepler-56",293.7583002,41.8718070,"Transit",2012,912.99400000
"Kepler-56 d","Kepler-56",293.7583002,41.8718070,"Radial Velocity",2016,912.99400000
"Kepler-560 b","Kepler-560",300.2066441,45.0182402,"Transit",2016,109.30800000
"Kepler-561 b","Kepler-561",293.7471107,45.1071981,"Transit",2016,621.37800000
"Kepler-561 c","Kepler-561",293.7471107,45.1071981,"Transit",2016,621.37800000
"Kepler-562 b","Kepler-562",290.1196007,46.2737393,"Transit",2016,992.76900000
"Kepler-563 b","Kepler-563",292.4461832,46.2897548,"Transit",2016,565.20700000
"Kepler-564 b","Kepler-564",296.8383661,46.6263912,"Transit",2016,863.03700000
"Kepler-565 b","Kepler-565",283.6180825,47.1967793,"Transit",2016,1041.00000000
"Kepler-566 b","Kepler-566",291.5544735,47.8144362,"Transit",2016,564.27700000
"Kepler-567 b","Kepler-567",297.6726072,48.3023458,"Transit",2016,558.81000000
"Kepler-568 b","Kepler-568",298.1061315,48.4016448,"Transit",2016,130.64500000
"Kepler-569 b","Kepler-569",283.5072190,48.5526330,"Transit",2016,638.30100000
"Kepler-57 b","Kepler-57",293.6413146,44.6570692,"Transit",2012,644.14000000
"Kepler-57 c","Kepler-57",293.6413146,44.6570692,"Transit",2012,644.14000000
"Kepler-570 b","Kepler-570",290.4376111,48.7918597,"Transit",2016,568.14800000
"Kepler-571 b","Kepler-571",286.5510448,49.4187310,"Transit",2016,723.87500000
"Kepler-572 b","Kepler-572",291.2211720,50.5813487,"Transit",2016,504.66700000
"Kepler-573 b","Kepler-573",289.5211955,51.2374057,"Transit",2016,771.47100000
"Kepler-574 b","Kepler-574",290.2470519,52.1491051,"Transit",2016,682.89600000
"Kepler-575 b","Kepler-575",286.9638856,37.8296147,"Transit",2016,853.97700000
"Kepler-576 b","Kepler-576",295.1828896,38.6542028,"Transit",2016,617.55000000
"Kepler-577 b","Kepler-577",294.7119855,39.0737317,"Transit",2016,524.24700000
"Kepler-578 b","Kepler-578",288.7549882,39.5636960,"Transit",2016,541.43200000
"Kepler-579 b","Kepler-579",295.0020771,39.9528613,"Transit",2016,530.76500000
"Kepler-58 b","Kepler-58",296.3586251,39.1152033,"Transit",2012,969.25200000
"Kepler-58 c","Kepler-58",296.3586251,39.1152033,"Transit",2012,969.25200000
"Kepler-58 d","Kepler-58",296.3586251,39.1152033,"Transit",2014,969.25200000
"Kepler-58 e","Kepler-58",296.3586251,39.1152033,"Transit",2023,969.25200000
"Kepler-580 b","Kepler-580",283.4997537,40.5528053,"Transit",2016,323.89900000
"Kepler-581 b","Kepler-581",295.4326552,40.6481874,"Transit",2016,703.75800000
"Kepler-582 b","Kepler-582",297.5037180,41.0570326,"Transit",2016,613.17900000
"Kepler-583 b","Kepler-583",282.1113206,42.3545514,"Transit",2016,867.27100000
"Kepler-584 b","Kepler-584",288.2306150,42.4136181,"Transit",2016,1848.84000000
"Kepler-585 b","Kepler-585",286.5284924,43.8733751,"Transit",2016,585.18700000
"Kepler-586 b","Kepler-586",293.0571982,45.5511266,"Transit",2016,693.76600000
"Kepler-587 b","Kepler-587",288.6706571,47.3991249,"Transit",2016,787.89400000
"Kepler-588 b","Kepler-588",284.2572531,47.6889081,"Transit",2016,1209.40000000
"Kepler-589 b","Kepler-589",280.6414331,47.7520581,"Transit",2016,612.80300000
"Kepler-589 c","Kepler-589",280.6414331,47.7520581,"Transit",2021,612.80300000
"Kepler-59 b","Kepler-59",287.0394932,46.6401677,"Transit",2012,1163.22000000
"Kepler-59 c","Kepler-59",287.0394932,46.6401677,"Transit",2012,1163.22000000
"Kepler-590 b","Kepler-590",296.3855467,48.2334177,"Transit",2016,1421.81000000
"Kepler-591 b","Kepler-591",286.0240520,48.4317290,"Transit",2016,785.13700000
"Kepler-592 b","Kepler-592",285.7907395,48.6832431,"Transit",2016,1153.13000000
"Kepler-593 b","Kepler-593",294.9513923,48.6511709,"Transit",2016,973.76000000
"Kepler-594 b","Kepler-594",288.9217259,49.7620237,"Transit",2016,769.20000000
"Kepler-595 b","Kepler-595",294.5703593,50.6730147,"Transit",2016,643.00900000
"Kepler-595 c","Kepler-595",294.5703593,50.6730147,"Transit",2020,643.00900000
"Kepler-596 b","Kepler-596",289.5006797,51.6857106,"Transit",2016,1023.85000000
"Kepler-597 b","Kepler-597",293.4700919,39.2528182,"Transit",2016,663.41800000
"Kepler-598 b","Kepler-598",293.1234493,40.9348005,"Transit",2016,681.08600000
"Kepler-598 c","Kepler-598",293.1234493,40.9348005,"Transit",2020,681.08600000
"Kepler-599 b","Kepler-599",285.9115968,41.0695091,"Transit",2016,558.51700000
"Kepler-6 b","Kepler-6",296.8372475,48.2399695,"Transit",2009,587.03900000
"Kepler-60 b","Kepler-60",288.9612535,42.2650472,"Transit",2012,1025.10000000
"Kepler-60 c","Kepler-60",288.9612535,42.2650472,"Transit",2012,1025.10000000
"Kepler-60 d","Kepler-60",288.9612535,42.2650472,"Transit",2012,1025.10000000
"Kepler-600 b","Kepler-600",283.8330588,41.9786358,"Transit",2016,619.72300000
"Kepler-601 b","Kepler-601",282.0046852,42.1764657,"Transit",2016,414.82500000
"Kepler-602 b","Kepler-602",296.0318985,42.1418634,"Transit",2016,1159.31000000
"Kepler-603 b","Kepler-603",294.2809679,42.2909295,"Transit",2016,1539.63000000
"Kepler-603 c","Kepler-603",294.2809679,42.2909295,"Transit",2016,1539.63000000
"Kepler-603 d","Kepler-603",294.2809679,42.2909295,"Transit",2016,1539.63000000
"Kepler-604 b","Kepler-604",292.3159795,42.6262429,"Transit",2016,1026.49000000
"Kepler-605 b","Kepler-605",287.2954015,43.2798677,"Transit",2016,556.58000000
"Kepler-605 c","Kepler-605",287.2954015,43.2798677,"Transit",2016,556.58000000
"Kepler-606 b","Kepler-606",292.4273700,44.3812406,"Transit",2016,1215.11000000
"Kepler-607 b","Kepler-607",291.0571451,44.6323060,"Transit",2016,519.12200000
"Kepler-607 c","Kepler-607",291.0571451,44.6323060,"Transit",2021,519.12200000
"Kepler-608 b","Kepler-608",293.8829010,44.6380717,"Transit",2016,946.68300000
"Kepler-609 b","Kepler-609",292.2203009,44.6999902,"Transit",2016,1065.82000000
"Kepler-61 b","Kepler-61",295.3044942,42.4753193,"Transit",2013,335.07900000
"Kepler-610 b","Kepler-610",293.1713241,45.0655934,"Transit",2016,845.82400000
"Kepler-610 c","Kepler-610",293.1713241,45.0655934,"Transit",2016,845.82400000
"Kepler-611 b","Kepler-611",286.0049121,45.4803043,"Transit",2016,1395.56000000
"Kepler-612 b","Kepler-612",291.3546278,45.7478551,"Transit",2016,1445.53000000
"Kepler-613 b","Kepler-613",282.7868415,46.2449846,"Transit",2016,861.49400000
"Kepler-614 b","Kepler-614",298.3848866,46.2759867,"Transit",2016,527.99500000
"Kepler-615 b","Kepler-615",282.4506927,46.3213671,"Transit",2016,330.00000000
"Kepler-616 b","Kepler-616",294.9891370,46.8383058,"Transit",2016,945.77500000
"Kepler-616 c","Kepler-616",294.9891370,46.8383058,"Transit",2016,945.77500000
"Kepler-616 d","Kepler-616",294.9891370,46.8383058,"Transit",2021,945.77500000
"Kepler-617 b","Kepler-617",283.7407247,47.5161237,"Transit",2016,173.35400000
"Kepler-618 b","Kepler-618",286.2498525,48.0609256,"Transit",2016,1221.96000000
"Kepler-619 b","Kepler-619",290.8490899,48.4159782,"Transit",2016,900.67800000
"Kepler-619 c","Kepler-619",290.8490899,48.4159782,"Transit",2016,900.67800000
"Kepler-619 d","Kepler-619",290.8490899,48.4159782,"Transit",2023,900.67800000
"Kepler-62 b","Kepler-62",283.2125621,45.3496992,"Transit",2013,300.87400000
"Kepler-62 c","Kepler-62",283.2125621,45.3496992,"Transit",2013,300.87400000
"Kepler-62 d","Kepler-62",283.2125621,45.3496992,"Transit",2013,300.87400000
"Kepler-62 e","Kepler-62",283.2125621,45.3496992,"Transit",2013,300.87400000
"Kepler-62 f","Kepler-62",283.2125621,45.3496992,"Transit",2013,300.87400000
"Kepler-620 b","Kepler-620",291.1593939,51.3348228,"Transit",2016,1355.28000000
"Kepler-621 b","Kepler-621",290.9272450,39.9141166,"Transit",2016,389.00000000
"Kepler-622 b","Kepler-622",284.4784454,40.9331723,"Transit",2016,284.76100000
"Kepler-623 b","Kepler-623",296.9867284,47.4773531,"Transit",2016,737.70200000
"Kepler-624 b","Kepler-624",295.1933631,39.5396946,"Transit",2016,748.18800000
"Kepler-625 b","Kepler-625",292.1504723,39.6375254,"Transit",2016,760.70800000
"Kepler-625 c","Kepler-625",292.1504723,39.6375254,"Transit",2016,760.70800000
"Kepler-626 b","Kepler-626",288.6986828,39.7082044,"Transit",2016,635.64300000
"Kepler-627 b","Kepler-627",292.1042198,39.7678585,"Transit",2016,984.30700000
"Kepler-629 b","Kepler-629",289.4179128,39.9450757,"Transit",2016,372.05000000
"Kepler-63 b","Kepler-63",289.2262876,49.5482814,"Transit",2013,194.03300000
"Kepler-630 b","Kepler-630",293.4270647,39.9423967,"Transit",2016,839.78400000
"Kepler-631 b","Kepler-631",296.8857240,40.2281717,"Transit",2016,761.96600000
"Kepler-632 b","Kepler-632",297.2526130,40.2886050,"Transit",2016,349.00000000
"Kepler-633 b","Kepler-633",295.2173259,40.5921599,"Transit",2016,680.54000000
"Kepler-633 c","Kepler-633",295.2173259,40.5921599,"Transit",2021,680.54000000
"Kepler-634 b","Kepler-634",291.1950900,40.7027352,"Transit",2016,888.02700000
"Kepler-635 b","Kepler-635",289.7732613,40.8007019,"Transit",2016,1141.08000000
"Kepler-636 b","Kepler-636",293.5920614,41.0950891,"Transit",2016,310.30100000
"Kepler-637 b","Kepler-637",292.4172566,41.4168384,"Transit",2016,786.09100000
"Kepler-638 b","Kepler-638",284.9194213,41.6172093,"Transit",2016,991.21400000
"Kepler-639 b","Kepler-639",292.1868271,41.7269440,"Transit",2016,850.24200000
"Kepler-640 b","Kepler-640",296.0322000,42.1317392,"Transit",2016,557.78700000
"Kepler-641 b","Kepler-641",291.8235292,42.5161945,"Transit",2016,969.91800000
"Kepler-642 b","Kepler-642",293.8345542,42.6249480,"Transit",2016,781.58200000
"Kepler-643 b","Kepler-643",290.3272423,42.8982283,"Transit",2016,1063.58000000
"Kepler-644 b","Kepler-644",295.4757022,43.4931119,"Transit",2016,1318.05000000
"Kepler-645 b","Kepler-645",290.3227098,44.0358625,"Transit",2016,1173.57000000
"Kepler-646 b","Kepler-646",290.4714596,44.3870422,"Transit",2016,451.79400000
"Kepler-647 b","Kepler-647",284.7882977,44.5916225,"Transit",2016,1087.87000000
"Kepler-647 c","Kepler-647",284.7882977,44.5916225,"Transit",2020,1087.87000000
"Kepler-648 b","Kepler-648",283.8996207,45.0169137,"Transit",2016,636.03000000
"Kepler-649 b","Kepler-649",285.6558336,45.0794516,"Transit",2016,513.74800000
"Kepler-65 b","Kepler-65",288.6887221,41.1511076,"Transit",2012,303.72800000
"Kepler-65 c","Kepler-65",288.6887221,41.1511076,"Transit",2012,303.72800000
"Kepler-65 d","Kepler-65",288.6887221,41.1511076,"Transit",2012,303.72800000
"Kepler-65 e","Kepler-65",288.6887221,41.1511076,"Radial Velocity",2019,303.72800000
"Kepler-650 b","Kepler-650",289.0009451,45.1542968,"Transit",2016,884.37800000
"Kepler-651 b","Kepler-651",287.3327284,46.2034366,"Transit",2016,509.40800000
"Kepler-652 b","Kepler-652",288.0080899,46.4736108,"Transit",2016,394.55000000
"Kepler-653 b","Kepler-653",282.2130447,46.7177898,"Transit",2016,595.63400000
"Kepler-653 c","Kepler-653",282.2130447,46.7177898,"Transit",2016,595.63400000
"Kepler-654 b","Kepler-654",297.0683931,46.8342497,"Transit",2016,974.12400000
"Kepler-655 b","Kepler-655",297.2590664,46.8431650,"Transit",2016,752.56200000
"Kepler-656 b","Kepler-656",288.3278778,47.3815380,"Transit",2016,890.35200000
"Kepler-656 c","Kepler-656",288.3278778,47.3815380,"Transit",2023,890.35200000
"Kepler-657 b","Kepler-657",291.1973006,47.3077545,"Transit",2016,1691.88000000
"Kepler-658 b","Kepler-658",282.9836210,47.5783897,"Transit",2016,388.38400000
"Kepler-659 b","Kepler-659",287.6081777,47.5096893,"Transit",2016,722.64000000
"Kepler-66 b","Kepler-66",293.9815378,46.6877280,"Transit",2013,1202.96000000
"Kepler-660 b","Kepler-660",288.1382985,47.7245642,"Transit",2016,568.43100000
"Kepler-661 b","Kepler-661",283.7107463,47.8631748,"Transit",2016,534.78800000
"Kepler-662 b","Kepler-662",290.4650801,47.9291252,"Transit",2016,815.63700000
"Kepler-663 b","Kepler-663",297.8082232,47.9466342,"Transit",2016,1063.09000000
"Kepler-664 b","Kepler-664",288.7549029,48.2262030,"Transit",2016,1210.12000000
"Kepler-665 b","Kepler-665",297.0255947,48.4785669,"Transit",2016,612.83800000
"Kepler-666 b","Kepler-666",298.4568899,48.7915925,"Transit",2016,1508.71000000
"Kepler-667 b","Kepler-667",295.5549918,49.0172956,"Transit",2016,2302.45000000
"Kepler-668 b","Kepler-668",285.4992845,49.2772713,"Transit",2016,784.61800000
"Kepler-669 b","Kepler-669",291.9361615,49.2539473,"Transit",2016,2063.41000000
"Kepler-67 b","Kepler-67",294.1533505,46.1663976,"Transit",2013,1131.19000000
"Kepler-670 b","Kepler-670",297.0154644,49.2252988,"Transit",2016,939.74400000
"Kepler-671 b","Kepler-671",294.2657519,49.3140933,"Transit",2016,1168.26000000
"Kepler-672 b","Kepler-672",291.7219993,49.4808492,"Transit",2016,1033.93000000
"Kepler-673 b","Kepler-673",290.7857595,50.0540561,"Transit",2016,918.21000000
"Kepler-674 b","Kepler-674",285.1761864,50.1496897,"Transit",2016,342.25400000
"Kepler-675 b","Kepler-675",293.8334488,50.2303479,"Transit",2016,665.68000000
"Kepler-676 b","Kepler-676",296.2220259,50.2873626,"Transit",2016,295.19600000
"Kepler-677 b","Kepler-677",290.0980478,50.3215731,"Transit",2016,1954.08000000
"Kepler-678 b","Kepler-678",295.4552577,50.4945093,"Transit",2016,1826.15000000
"Kepler-679 b","Kepler-679",296.0213374,50.5678019,"Transit",2016,922.24400000
"Kepler-68 b","Kepler-68",291.0323102,49.0402129,"Transit",2013,144.16600000
"Kepler-68 c","Kepler-68",291.0323102,49.0402129,"Transit",2013,144.16600000
"Kepler-68 d","Kepler-68",291.0323102,49.0402129,"Radial Velocity",2013,144.16600000
"Kepler-68 e","Kepler-68",291.0323102,49.0402129,"Radial Velocity",2023,144.16600000
"Kepler-680 b","Kepler-680",291.6223810,50.6181793,"Transit",2016,1492.48000000
"Kepler-681 b","Kepler-681",289.3997364,51.2502428,"Transit",2016,686.92300000
"Kepler-682 b","Kepler-682",289.1122204,51.7373589,"Transit",2016,1979.25000000
"Kepler-683 b","Kepler-683",291.4399598,37.9056293,"Transit",2016,1023.07000000
"Kepler-684 b","Kepler-684",290.8704935,38.2735978,"Transit",2016,1731.27000000
"Kepler-685 b","Kepler-685",293.8719143,38.4229184,"Transit",2016,938.71500000
"Kepler-686 b","Kepler-686",285.2138190,39.0274660,"Transit",2016,1490.94000000
"Kepler-687 b","Kepler-687",289.3154576,39.1532911,"Transit",2016,633.66000000
"Kepler-688 b","Kepler-688",294.6552312,39.3083446,"Transit",2016,1357.75000000
"Kepler-689 b","Kepler-689",294.7106347,39.5216975,"Transit",2016,1131.73000000
"Kepler-69 b","Kepler-69",293.2609013,44.8688656,"Transit",2013,730.62500000
"Kepler-69 c","Kepler-69",293.2609013,44.8688656,"Transit",2013,730.62500000
"Kepler-690 b","Kepler-690",294.4899225,39.7714758,"Transit",2016,1665.31000000
"Kepler-691 b","Kepler-691",288.8117314,40.0332311,"Transit",2016,279.11500000
"Kepler-692 b","Kepler-692",294.7768068,40.1537027,"Transit",2016,991.33600000
"Kepler-693 b","Kepler-693",283.2535270,40.3582155,"Transit",2016,1151.51000000
"Kepler-694 b","Kepler-694",291.1495269,40.4204569,"Transit",2016,1023.06000000
"Kepler-695 b","Kepler-695",299.3160934,40.8223815,"Transit",2016,842.94700000
"Kepler-696 b","Kepler-696",293.4965906,41.1375635,"Transit",2016,1416.44000000
"Kepler-697 b","Kepler-697",283.8643937,41.3463859,"Transit",2016,1277.33000000
"Kepler-698 b","Kepler-698",288.5099994,41.3017465,"Transit",2016,1995.57000000
"Kepler-7 b","Kepler-7",288.5814928,41.0897335,"Transit",2009,922.56200000
"Kepler-700 b","Kepler-700",287.1542240,41.5657775,"Transit",2016,1491.76000000
"Kepler-701 b","Kepler-701",288.9941800,41.6333125,"Transit",2016,774.15200000
"Kepler-702 b","Kepler-702",293.8781041,41.6617245,"Transit",2016,992.07100000
"Kepler-703 b","Kepler-703",299.1868586,41.7426990,"Transit",2016,1156.83000000
"Kepler-704 b","Kepler-704",283.3163671,41.8370942,"Transit",2016,1228.83000000
"Kepler-705 b","Kepler-705",289.5085612,41.8120234,"Transit",2016,276.88100000
"Kepler-707 b","Kepler-707",290.0075640,42.1164698,"Transit",2016,591.77600000
"Kepler-708 b","Kepler-708",293.8164588,42.2125159,"Transit",2016,1394.22000000
"Kepler-709 b","Kepler-709",292.1052720,42.3803077,"Transit",2016,664.84300000
"Kepler-710 b","Kepler-710",291.9641255,42.6961308,"Transit",2016,1448.34000000
"Kepler-711 b","Kepler-711",297.4600468,42.8398172,"Transit",2016,624.57500000
"Kepler-712 b","Kepler-712",294.9096739,42.9351987,"Transit",2016,872.49300000
"Kepler-712 c","Kepler-712",294.9096739,42.9351987,"Transit",2016,872.49300000
"Kepler-713 b","Kepler-713",295.6513819,43.0297781,"Transit",2016,1089.87000000
"Kepler-714 b","Kepler-714",282.6994685,43.2727437,"Transit",2016,2083.37000000
"Kepler-715 b","Kepler-715",283.6307971,43.3793638,"Transit",2016,1327.44000000
"Kepler-716 b","Kepler-716",290.3931809,43.3638577,"Transit",2016,635.00900000
"Kepler-716 c","Kepler-716",290.3931809,43.3638577,"Transit",2020,635.00900000
"Kepler-717 b","Kepler-717",292.9655071,43.3463450,"Transit",2016,2805.48000000
"Kepler-718 b","Kepler-718",299.5618676,43.5035173,"Transit",2016,1302.33000000
"Kepler-719 b","Kepler-719",295.5360628,43.8844116,"Transit",2016,2497.51000000
"Kepler-720 b","Kepler-720",298.6356478,44.1709388,"Transit",2016,1065.37000000
"Kepler-721 b","Kepler-721",284.4305132,44.4803776,"Transit",2016,926.59800000
"Kepler-722 b","Kepler-722",290.2632874,44.5564051,"Transit",2016,1239.50000000
"Kepler-722 c","Kepler-722",290.2632874,44.5564051,"Transit",2016,1239.50000000
"Kepler-723 b","Kepler-723",284.8304434,44.6580932,"Transit",2016,1071.80000000
"Kepler-724 b","Kepler-724",293.4548441,44.7927823,"Transit",2016,853.11900000
"Kepler-725 b","Kepler-725",283.9774949,44.8115613,"Transit",2016,758.46900000
"Kepler-725 c","Kepler-725",283.9774949,44.8115613,"Transit Timing Variations",2025,758.46900000
"Kepler-726 b","Kepler-726",291.7172776,44.8873466,"Transit",2016,762.08100000
"Kepler-727 b","Kepler-727",294.8469333,45.0344155,"Transit",2016,831.84200000
"Kepler-728 b","Kepler-728",291.0923621,45.1155087,"Transit",2016,1765.23000000
"Kepler-729 b","Kepler-729",286.3600604,45.4142664,"Transit",2016,1921.15000000
"Kepler-730 b","Kepler-730",285.5547895,45.5788420,"Transit",2016,1935.04000000
"Kepler-730 c","Kepler-730",285.5547895,45.5788420,"Transit",2018,1935.04000000
"Kepler-731 b","Kepler-731",296.3931945,45.5685330,"Transit",2016,1257.16000000
"Kepler-732 b","Kepler-732",283.7317274,45.9585288,"Transit",2016,174.82600000
"Kepler-732 c","Kepler-732",283.7317274,45.9585288,"Transit",2016,174.82600000
"Kepler-733 b","Kepler-733",293.0181882,45.9147063,"Transit",2016,916.70600000
"Kepler-734 b","Kepler-734",297.0456122,46.0273893,"Transit",2016,1157.21000000
"Kepler-735 b","Kepler-735",284.6888328,46.1721391,"Transit",2016,695.05900000
"Kepler-736 b","Kepler-736",285.3913092,46.1809293,"Transit",2016,1005.43000000
"Kepler-737 b","Kepler-737",291.8629793,46.4291614,"Transit",2016,205.11800000
"Kepler-738 b","Kepler-738",287.5696516,46.5679011,"Transit",2016,1113.65000000
"Kepler-739 b","Kepler-739",290.0679940,46.5791535,"Transit",2016,1370.65000000
"Kepler-74 b","Kepler-74",293.0925275,41.3555095,"Transit",2013,1177.55000000
"Kepler-740 b","Kepler-740",286.4822566,46.6924560,"Transit",2016,1442.02000000
"Kepler-741 b","Kepler-741",289.4317294,46.6174978,"Transit",2016,1661.87000000
"Kepler-742 b","Kepler-742",283.8659676,46.7896522,"Transit",2016,489.25300000
"Kepler-743 b","Kepler-743",295.5742300,42.8064255,"Transit",2016,278.98700000
"Kepler-744 b","Kepler-744",296.4960493,47.1827848,"Transit",2016,449.96400000
"Kepler-745 b","Kepler-745",291.4994412,37.0592571,"Transit",2016,1780.38000000
"Kepler-746 b","Kepler-746",290.6822097,37.3551593,"Transit",2016,450.00000000
"Kepler-747 b","Kepler-747",288.4165196,41.0298175,"Transit",2016,3347.16000000
"Kepler-748 b","Kepler-748",292.2628779,37.2369732,"Transit",2016,1705.99000000
"Kepler-749 b","Kepler-749",299.8973341,43.9040667,"Transit",2016,721.02700000
"Kepler-75 b","Kepler-75",291.1376203,36.5773443,"Transit",2013,835.35600000
"Kepler-750 b","Kepler-750",289.0968274,44.0043640,"Transit",2016,1296.02000000
"Kepler-750 c","Kepler-750",289.0968274,44.0043640,"Transit",2016,1296.02000000
"Kepler-751 b","Kepler-751",294.8438103,44.0776872,"Transit",2016,760.43000000
"Kepler-752 b","Kepler-752",292.2681469,37.9556720,"Transit",2016,1232.29000000
"Kepler-753 b","Kepler-753",291.9032411,37.9023677,"Transit",2016,274.76700000
"Kepler-754 b","Kepler-754",293.2541121,37.8461519,"Transit",2016,1770.27000000
"Kepler-755 b","Kepler-755",296.8609348,41.0973178,"Transit",2016,399.03400000
"Kepler-755 c","Kepler-755",296.8609348,41.0973178,"Transit",2016,399.03400000
"Kepler-756 b","Kepler-756",290.6079736,41.2010940,"Transit",2016,852.00000000
"Kepler-757 b","Kepler-757",296.6804876,41.3865279,"Transit",2016,1068.68000000
"Kepler-758 b","Kepler-758",293.0846115,41.1354049,"Transit",2016,1502.32000000
"Kepler-758 c","Kepler-758",293.0846115,41.1354049,"Transit",2016,1502.32000000
"Kepler-758 d","Kepler-758",293.0846115,41.1354049,"Transit",2016,1502.32000000
"Kepler-758 e","Kepler-758",293.0846115,41.1354049,"Transit",2016,1502.32000000
"Kepler-759 b","Kepler-759",290.1314231,41.3814345,"Transit",2016,1073.48000000
"Kepler-76 b","Kepler-76",294.1921185,39.6189727,"Orbital Brightness Modulation",2013,822.96000000
"Kepler-760 b","Kepler-760",287.5931997,44.1794278,"Transit",2016,792.33600000
"Kepler-760 c","Kepler-760",287.5931997,44.1794278,"Transit",2016,792.33600000
"Kepler-761 b","Kepler-761",290.5035990,44.1436249,"Transit",2016,830.70700000
"Kepler-762 b","Kepler-762",291.2756631,47.3295107,"Transit",2016,1898.26000000
"Kepler-763 b","Kepler-763",292.1445534,47.1573604,"Transit",2016,962.45900000
"Kepler-763 c","Kepler-763",292.1445534,47.1573604,"Transit",2023,962.45900000
"Kepler-763 d","Kepler-763",292.1445534,47.1573604,"Transit",2023,962.45900000
"Kepler-764 b","Kepler-764",297.3931183,47.1645814,"Transit",2016,1047.84000000
"Kepler-765 b","Kepler-765",283.1846044,47.1557114,"Transit",2016,1076.28000000
"Kepler-766 b","Kepler-766",293.1845144,37.9698357,"Transit",2016,2297.62000000
"Kepler-767 b","Kepler-767",291.5791562,38.0358066,"Transit",2016,2251.03000000
"Kepler-768 b","Kepler-768",294.1156858,38.3934378,"Transit",2016,784.56000000
"Kepler-769 b","Kepler-769",292.7130925,38.3581685,"Transit",2016,1169.57000000
"Kepler-769 c","Kepler-769",292.7130925,38.3581685,"Transit",2016,1169.57000000
"Kepler-77 b","Kepler-77",289.6079433,44.3454347,"Transit",2013,639.41100000
"Kepler-770 b","Kepler-770",286.4904589,38.3748720,"Transit",2016,930.45700000
"Kepler-770 c","Kepler-770",286.4904589,38.3748720,"Transit",2016,930.45700000
"Kepler-770 d","Kepler-770",286.4904589,38.3748720,"Transit",2016,930.45700000
"Kepler-771 b","Kepler-771",287.4441104,38.0884183,"Transit",2016,1393.85000000
"Kepler-772 b","Kepler-772",291.4235820,38.2165603,"Transit",2016,1130.21000000
"Kepler-773 b","Kepler-773",290.8846217,38.0575539,"Transit",2016,547.02600000
"Kepler-774 b","Kepler-774",291.0318604,38.2118940,"Transit",2016,917.80400000
"Kepler-775 b","Kepler-775",291.4332781,41.7033162,"Transit",2016,398.67600000
"Kepler-776 b","Kepler-776",287.2726117,41.6356009,"Transit",2016,727.90400000
"Kepler-777 b","Kepler-777",282.7241098,44.3465098,"Transit",2016,443.10600000
"Kepler-778 b","Kepler-778",287.4774867,44.2374702,"Transit",2016,938.16800000
"Kepler-779 b","Kepler-779",285.6285208,44.3107855,"Transit",2016,283.15500000
"Kepler-78 b","Kepler-78",293.7419543,44.4482521,"Transit",2013,124.37600000
"Kepler-780 b","Kepler-780",281.7663511,44.2924898,"Transit",2016,557.65200000
"Kepler-781 b","Kepler-781",287.6535874,47.4147762,"Transit",2016,1064.47000000
"Kepler-782 b","Kepler-782",288.8682460,47.7594700,"Transit",2016,446.84400000
"Kepler-783 b","Kepler-783",291.0628615,47.4847890,"Transit",2016,516.09000000
"Kepler-783 c","Kepler-783",291.0628615,47.4847890,"Transit",2020,516.09000000
"Kepler-784 b","Kepler-784",295.9206663,47.4486164,"Transit",2016,1303.72000000
"Kepler-784 c","Kepler-784",295.9206663,47.4486164,"Transit",2023,1303.72000000
"Kepler-785 b","Kepler-785",292.0683108,38.8422004,"Transit",2016,642.05100000
"Kepler-786 b","Kepler-786",293.7439223,38.9392217,"Transit",2016,485.31800000
"Kepler-787 b","Kepler-787",291.6924773,38.5729105,"Transit",2016,503.56800000
"Kepler-788 b","Kepler-788",290.0004154,38.5398551,"Transit",2016,1775.80000000
"Kepler-789 b","Kepler-789",295.9751549,38.9466396,"Transit",2016,1480.16000000
"Kepler-79 b","Kepler-79",300.5171067,44.3815508,"Transit",2012,1020.72000000
"Kepler-79 c","Kepler-79",300.5171067,44.3815508,"Transit",2012,1020.72000000
"Kepler-79 d","Kepler-79",300.5171067,44.3815508,"Transit",2014,1020.72000000
"Kepler-79 e","Kepler-79",300.5171067,44.3815508,"Transit",2014,1020.72000000
"Kepler-790 b","Kepler-790",286.9171489,38.8722123,"Transit",2016,703.16800000
"Kepler-791 b","Kepler-791",293.5958044,39.0294267,"Transit",2016,1266.34000000
"Kepler-792 b","Kepler-792",292.0068239,38.8207001,"Transit",2016,1425.47000000
"Kepler-793 b","Kepler-793",295.2167334,38.7744269,"Transit",2016,985.69900000
"Kepler-794 b","Kepler-794",288.1336793,38.9968923,"Transit",2016,931.19200000
"Kepler-795 b","Kepler-795",291.0189951,38.5455728,"Transit",2016,492.12200000
"Kepler-796 b","Kepler-796",287.3078999,39.1447097,"Transit",2016,817.58400000
"Kepler-797 b","Kepler-797",297.2089078,41.7816450,"Transit",2016,1315.26000000
"Kepler-798 b","Kepler-798",292.4782785,42.1422821,"Transit",2016,972.27400000
"Kepler-799 b","Kepler-799",287.1748966,44.8784754,"Transit",2016,1509.08400000
"Kepler-799 c","Kepler-799",287.1748966,44.8784754,"Transit",2021,1509.08400000
"Kepler-8 b","Kepler-8",281.2881335,42.4510975,"Transit",2010,1021.87000000
"Kepler-80 b","Kepler-80",296.1125759,39.9787451,"Transit",2012,369.45100000
"Kepler-80 c","Kepler-80",296.1125759,39.9787451,"Transit",2012,369.45100000
"Kepler-80 d","Kepler-80",296.1125759,39.9787451,"Transit",2014,369.45100000
"Kepler-80 e","Kepler-80",296.1125759,39.9787451,"Transit",2014,369.45100000
"Kepler-80 f","Kepler-80",296.1125759,39.9787451,"Transit",2016,369.45100000
"Kepler-80 g","Kepler-80",296.1125759,39.9787451,"Transit",2017,369.45100000
"Kepler-800 b","Kepler-800",286.5747697,44.7951858,"Transit",2016,1019.26000000
"Kepler-801 b","Kepler-801",286.0751815,44.6646277,"Transit",2016,440.42600000
"Kepler-802 b","Kepler-802",286.0157998,45.0077413,"Transit",2016,780.58500000
"Kepler-803 b","Kepler-803",299.2216728,44.6939033,"Transit",2016,639.77100000
"Kepler-804 b","Kepler-804",293.3722109,44.7851812,"Transit",2016,649.65000000
"Kepler-804 c","Kepler-804",293.3722109,44.7851812,"Transit",2016,649.65000000
"Kepler-805 b","Kepler-805",293.2300178,45.0533640,"Transit",2016,638.49000000
"Kepler-806 b","Kepler-806",296.0071956,44.8535698,"Transit",2016,361.89600000
"Kepler-808 b","Kepler-808",291.5941514,48.4454907,"Transit",2016,321.00000000
"Kepler-809 b","Kepler-809",289.0836324,48.0180689,"Transit",2016,961.40500000
"Kepler-81 b","Kepler-81",293.6369437,42.8248275,"Transit",2012,348.29100000
"Kepler-81 c","Kepler-81",293.6369437,42.8248275,"Transit",2012,348.29100000
"Kepler-81 d","Kepler-81",293.6369437,42.8248275,"Transit",2014,348.29100000
"Kepler-810 b","Kepler-810",296.6148615,48.0825642,"Transit",2016,1458.59000000
"Kepler-811 b","Kepler-811",285.4241593,47.8345586,"Transit",2016,985.04100000
"Kepler-812 b","Kepler-812",288.8552821,48.2085170,"Transit",2016,1482.74000000
"Kepler-813 b","Kepler-813",285.6626752,48.4353251,"Transit",2016,840.00000000
"Kepler-814 b","Kepler-814",284.9105256,48.4315896,"Transit",2016,2055.77000000
"Kepler-815 b","Kepler-815",285.2211238,47.8813037,"Transit",2016,1259.28000000
"Kepler-816 b","Kepler-816",293.3628165,39.2124394,"Transit",2016,983.69700000
"Kepler-817 b","Kepler-817",296.0818498,39.1616140,"Transit",2016,1484.46000000
"Kepler-818 b","Kepler-818",296.2351072,39.3702865,"Transit",2016,925.03700000
"Kepler-819 b","Kepler-819",295.3708312,39.1772925,"Transit",2016,664.30600000
"Kepler-82 b","Kepler-82",292.8733696,42.9661583,"Transit",2012,904.32600000
"Kepler-82 c","Kepler-82",292.8733696,42.9661583,"Transit",2012,904.32600000
"Kepler-82 d","Kepler-82",292.8733696,42.9661583,"Transit",2014,904.32600000
"Kepler-82 e","Kepler-82",292.8733696,42.9661583,"Transit",2014,904.32600000
"Kepler-82 f","Kepler-82",292.8733696,42.9661583,"Transit Timing Variations",2019,904.32600000
"Kepler-820 b","Kepler-820",291.0201523,39.2206091,"Transit",2016,1387.20000000
"Kepler-821 b","Kepler-821",285.6173937,39.3794684,"Transit",2016,614.57100000
"Kepler-822 b","Kepler-822",292.2760929,39.5501136,"Transit",2016,860.39100000
"Kepler-823 b","Kepler-823",284.5825682,39.2201737,"Transit",2016,1389.27000000
"Kepler-824 b","Kepler-824",290.4774060,39.7319975,"Transit",2016,1201.40000000
"Kepler-825 b","Kepler-825",294.7698250,39.3984081,"Transit",2016,807.85000000
"Kepler-825 c","Kepler-825",294.7698250,39.3984081,"Transit",2016,807.85000000
"Kepler-826 b","Kepler-826",284.8601128,39.2405076,"Transit",2016,779.59600000
"Kepler-827 b","Kepler-827",294.9660027,42.7085608,"Transit",2016,2046.68000000
"Kepler-828 b","Kepler-828",286.8872555,42.4712271,"Transit",2016,575.32200000
"Kepler-829 b","Kepler-829",282.3328312,42.4638125,"Transit",2016,1073.76000000
"Kepler-83 b","Kepler-83",282.2325197,43.6655662,"Transit",2012,400.40900000
"Kepler-83 c","Kepler-83",282.2325197,43.6655662,"Transit",2012,400.40900000
"Kepler-83 d","Kepler-83",282.2325197,43.6655662,"Transit",2014,400.40900000
"Kepler-830 b","Kepler-830",295.0542380,42.7568316,"Transit",2016,1122.00000000
"Kepler-831 b","Kepler-831",294.9855607,42.7277355,"Transit",2016,593.54000000
"Kepler-832 b","Kepler-832",295.9261101,45.3838690,"Transit",2016,1688.12000000
"Kepler-833 b","Kepler-833",290.4799052,45.6005798,"Transit",2016,467.37000000
"Kepler-834 b","Kepler-834",287.0544674,45.1803351,"Transit",2016,633.93700000
"Kepler-835 b","Kepler-835",283.5742181,45.7348003,"Transit",2016,2406.33000000
"Kepler-836 b","Kepler-836",287.4527659,45.7043964,"Transit",2016,980.03500000
"Kepler-837 b","Kepler-837",285.2467607,45.9501100,"Transit",2016,901.90700000
"Kepler-838 b","Kepler-838",285.4354695,45.9759590,"Transit",2016,1104.04000000
"Kepler-839 b","Kepler-839",291.0746840,45.2425440,"Transit",2016,944.56100000
"Kepler-84 b","Kepler-84",298.2520208,40.4960842,"Transit",2012,1023.90000000
"Kepler-84 c","Kepler-84",298.2520208,40.4960842,"Transit",2012,1023.90000000
"Kepler-84 d","Kepler-84",298.2520208,40.4960842,"Transit",2014,1023.90000000
"Kepler-84 e","Kepler-84",298.2520208,40.4960842,"Transit",2014,1023.90000000
"Kepler-84 f","Kepler-84",298.2520208,40.4960842,"Transit",2014,1023.90000000
"Kepler-841 b","Kepler-841",284.2513637,48.8095962,"Transit",2016,998.96100000
"Kepler-842 b","Kepler-842",292.3285976,49.6535171,"Transit",2016,532.72600000
"Kepler-843 b","Kepler-843",296.3219786,48.9714373,"Transit",2016,1165.66000000
"Kepler-844 b","Kepler-844",287.8578541,48.7739646,"Transit",2016,431.77600000
"Kepler-845 b","Kepler-845",290.9576363,49.2037262,"Transit",2016,431.05100000
"Kepler-846 b","Kepler-846",287.0570731,49.0460112,"Transit",2016,1127.12000000
"Kepler-847 b","Kepler-847",283.5048144,49.4509371,"Transit",2016,513.10300000
"Kepler-848 b","Kepler-848",293.2882949,48.8116114,"Transit",2016,1378.47000000
"Kepler-849 b","Kepler-849",290.8517961,48.5213243,"Transit",2016,822.13400000
"Kepler-85 b","Kepler-85",290.9734395,45.2902761,"Transit",2012,765.02500000
"Kepler-85 c","Kepler-85",290.9734395,45.2902761,"Transit",2012,765.02500000
"Kepler-85 d","Kepler-85",290.9734395,45.2902761,"Transit",2014,765.02500000
"Kepler-85 e","Kepler-85",290.9734395,45.2902761,"Transit",2014,765.02500000
"Kepler-850 b","Kepler-850",293.0844515,48.5753645,"Transit",2016,1661.28000000
"Kepler-851 b","Kepler-851",294.6802199,49.1401106,"Transit",2016,839.25500000
"Kepler-852 b","Kepler-852",297.3915863,48.5606875,"Transit",2016,1619.03000000
"Kepler-853 b","Kepler-853",283.9367810,49.1102748,"Transit",2016,568.67600000
"Kepler-855 b","Kepler-855",295.0949565,43.5375650,"Transit",2016,1506.58000000
"Kepler-856 b","Kepler-856",289.6038379,46.3149097,"Transit",2016,1351.17000000
"Kepler-857 b","Kepler-857",294.6323978,43.4004526,"Transit",2016,983.50200000
"Kepler-858 b","Kepler-858",288.8488552,51.2090375,"Transit",2016,298.53200000
"Kepler-859 b","Kepler-859",286.7418337,43.1901197,"Transit",2016,839.90300000
"Kepler-860 b","Kepler-860",295.5772681,46.2547028,"Transit",2016,1056.36000000
"Kepler-861 b","Kepler-861",292.3539624,46.2262465,"Transit",2016,850.32700000
"Kepler-862 b","Kepler-862",297.7792466,46.4926688,"Transit",2016,1039.03000000
"Kepler-863 b","Kepler-863",297.6644677,43.2489903,"Transit",2016,1499.66000000
"Kepler-864 b","Kepler-864",285.0570943,46.3206074,"Transit",2016,2022.90000000
"Kepler-864 c","Kepler-864",285.0570943,46.3206074,"Transit",2023,2022.90000000
"Kepler-865 b","Kepler-865",297.7242257,43.5272796,"Transit",2016,586.13700000
"Kepler-865 c","Kepler-865",297.7242257,43.5272796,"Transit",2023,586.13700000
"Kepler-866 b","Kepler-866",290.1222112,43.0854070,"Transit",2016,646.66700000
"Kepler-867 b","Kepler-867",287.2852554,51.2499499,"Transit",2016,1195.54000000
"Kepler-868 b","Kepler-868",282.3635315,46.6752384,"Transit",2016,1593.13000000
"Kepler-869 b","Kepler-869",289.4245955,50.9941198,"Transit",2016,939.45500000
"Kepler-87 b","Kepler-87",297.9168433,46.9651146,"Transit",2013,1232.90000000
"Kepler-87 c","Kepler-87",297.9168433,46.9651146,"Transit",2013,1232.90000000
"Kepler-870 b","Kepler-870",295.4025625,50.4785992,"Transit",2016,1259.46000000
"Kepler-871 b","Kepler-871",294.5270634,43.3681317,"Transit",2016,1976.05000000
"Kepler-872 b","Kepler-872",295.4174725,43.6056117,"Transit",2016,879.68300000
"Kepler-873 b","Kepler-873",296.4031319,51.2712773,"Transit",2016,1182.22000000
"Kepler-874 b","Kepler-874",294.9568477,43.0142991,"Transit",2016,1082.16000000
"Kepler-875 b","Kepler-875",297.3012497,43.1418313,"Transit",2016,1242.62000000
"Kepler-876 b","Kepler-876",283.4781717,43.3837235,"Transit",2016,820.91300000
"Kepler-877 b","Kepler-877",289.8591023,46.5227429,"Transit",2016,602.17600000
"Kepler-878 b","Kepler-878",285.2962562,46.6034497,"Transit",2016,791.62500000
"Kepler-879 b","Kepler-879",295.8065515,50.9097521,"Transit",2016,802.67200000
"Kepler-879 c","Kepler-879",295.8065515,50.9097521,"Transit",2024,802.67200000
"Kepler-88 d","KOI-142",291.1481028,40.6694130,"Radial Velocity",2020,376.86300000
"Kepler-880 b","Kepler-880",281.9712347,43.6727839,"Transit",2016,601.32400000
"Kepler-880 c","Kepler-880",281.9712347,43.6727839,"Transit",2023,601.32400000
"Kepler-881 b","Kepler-881",288.9925529,46.6706513,"Transit",2016,1375.18000000
"Kepler-882 b","Kepler-882",294.6500256,43.3356106,"Transit",2016,504.60500000
"Kepler-883 b","Kepler-883",286.4337260,50.3002266,"Transit",2016,627.45500000
"Kepler-884 b","Kepler-884",292.5844328,49.9232012,"Transit",2016,476.73300000
"Kepler-885 b","Kepler-885",288.6615682,49.7371538,"Transit",2016,651.31800000
"Kepler-886 b","Kepler-886",286.2717162,43.5952037,"Transit",2016,711.29700000
"Kepler-887 b","Kepler-887",290.0907893,39.8169085,"Transit",2016,886.58800000
"Kepler-887 c","Kepler-887",290.0907893,39.8169085,"Transit",2016,886.58800000
"Kepler-888 b","Kepler-888",295.5212866,49.7386804,"Transit",2016,420.81700000
"Kepler-889 b","Kepler-889",291.4674540,50.7595597,"Transit",2016,598.31300000
"Kepler-890 b","Kepler-890",288.4357180,43.7634712,"Transit",2016,1712.12000000
"Kepler-891 b","Kepler-891",291.0837644,40.3552252,"Transit",2016,2340.58000000
"Kepler-892 b","Kepler-892",283.1296399,43.8880983,"Transit",2016,570.72700000
"Kepler-893 b","Kepler-893",284.9630591,43.9130282,"Transit",2016,1285.59000000
"Kepler-894 b","Kepler-894",288.7340513,46.9393630,"Transit",2016,1162.91000000
"Kepler-895 b","Kepler-895",289.2906978,51.4089936,"Transit",2016,540.13400000
"Kepler-896 b","Kepler-896",282.4391402,43.7344291,"Transit",2016,2334.93000000
"Kepler-896 c","Kepler-896",282.4391402,43.7344291,"Transit",2023,2334.93000000
"Kepler-897 b","Kepler-897",290.5867992,51.6957731,"Transit",2016,1519.25000000
"Kepler-898 b","Kepler-898",286.5854116,46.8708877,"Transit",2016,484.89100000
"Kepler-899 b","Kepler-899",297.4825612,40.6807412,"Transit",2016,1246.43000000
"Kepler-9 b","Kepler-9",285.5739904,38.4008192,"Transit",2010,628.25700000
"Kepler-9 c","Kepler-9",285.5739904,38.4008192,"Transit",2010,628.25700000
"Kepler-9 d","Kepler-9",285.5739904,38.4008192,"Transit",2010,628.25700000
"Kepler-90 i","KOI-351",284.4334642,49.3051239,"Transit",2017,848.25400000
"Kepler-900 b","Kepler-900",296.1772720,46.9989635,"Transit",2016,487.52500000
"Kepler-901 b","Kepler-901",291.1528056,40.8876814,"Transit",2016,253.86700000
"Kepler-902 b","Kepler-902",289.7317067,46.9538750,"Transit",2016,1165.34000000
"Kepler-903 b","Kepler-903",288.7710137,40.6641771,"Transit",2016,1369.24000000
"Kepler-903 c","Kepler-903",288.7710137,40.6641771,"Transit",2016,1369.24000000
"Kepler-904 b","Kepler-904",288.8229001,40.3890100,"Transit",2016,978.12500000
"Kepler-905 b","Kepler-905",290.0511468,46.7134077,"Transit",2016,529.26800000
"Kepler-906 b","Kepler-906",291.4055614,40.1254254,"Transit",2016,757.79100000
"Kepler-907 b","Kepler-907",285.4764959,41.6326615,"Transit",2016,352.00000000
"Kepler-908 b","Kepler-908",295.3225434,39.3764624,"Transit",2016,290.84300000
"Kepler-909 b","Kepler-909",289.5063796,45.3709728,"Transit",2016,309.59600000
"Kepler-91 b","Kepler-91",285.6729033,44.1167513,"Transit",2013,1294.69000000
"Kepler-910 b","Kepler-910",296.0472937,42.7429414,"Transit",2016,400.28900000
"Kepler-911 b","Kepler-911",298.5891948,40.7506921,"Transit",2016,556.16800000
"Kepler-912 b","Kepler-912",298.1111779,41.7583240,"Transit",2016,2004.72000000
"Kepler-913 b","Kepler-913",297.5830564,41.9523531,"Transit",2016,991.61800000
"Kepler-913 c","Kepler-913",297.5830564,41.9523531,"Transit",2021,991.61800000
"Kepler-914 b","Kepler-914",290.4120774,44.8993227,"Transit",2016,753.72300000
"Kepler-915 b","Kepler-915",290.5921293,45.7372184,"Transit",2016,849.03600000
"Kepler-916 b","Kepler-916",290.9833818,45.9733334,"Transit",2016,830.71200000
"Kepler-917 b","Kepler-917",299.0512562,47.9492677,"Transit",2016,3460.51000000
"Kepler-918 b","Kepler-918",298.2007268,48.2677925,"Transit",2016,1025.03000000
"Kepler-919 b","Kepler-919",298.1147862,48.4943834,"Transit",2016,1119.87000000
"Kepler-92 b","Kepler-92",289.0860607,41.5630224,"Transit",2013,477.99200000
"Kepler-92 c","Kepler-92",289.0860607,41.5630224,"Transit",2013,477.99200000
"Kepler-92 d","Kepler-92",289.0860607,41.5630224,"Transit",2015,477.99200000
"Kepler-920 b","Kepler-920",284.2969363,49.1585983,"Transit",2016,1001.68000000
"Kepler-920 c","Kepler-920",284.2969363,49.1585983,"Transit",2016,1001.68000000
"Kepler-921 b","Kepler-921",284.6162253,49.1907438,"Transit",2016,934.49000000
"Kepler-922 b","Kepler-922",284.7316084,49.5331490,"Transit",2016,536.32300000
"Kepler-923 b","Kepler-923",294.1710831,40.0551372,"Transit",2016,1000.28000000
"Kepler-924 b","Kepler-924",290.6685136,40.3977086,"Transit",2016,1053.04000000
"Kepler-925 b","Kepler-925",290.1065581,40.4906242,"Transit",2016,611.11500000
"Kepler-926 b","Kepler-926",289.6793396,40.7004265,"Transit",2016,921.36100000
"Kepler-927 b","Kepler-927",289.3834807,41.3926651,"Transit",2016,831.68500000
"Kepler-928 b","Kepler-928",289.9206760,41.5427758,"Transit",2016,508.80900000
"Kepler-929 b","Kepler-929",298.4811022,41.6152603,"Transit",2016,1311.23000000
"Kepler-93 b","Kepler-93",291.4181275,38.6723124,"Transit",2014,95.91150000
"Kepler-93 c","Kepler-93",291.4181275,38.6723124,"Radial Velocity",2014,95.91150000
"Kepler-930 b","Kepler-930",298.3144494,42.2473698,"Transit",2016,848.39600000
"Kepler-931 b","Kepler-931",297.1326937,42.7682885,"Transit",2016,490.00000000
"Kepler-932 b","Kepler-932",296.9520797,43.2720233,"Transit",2016,465.61200000
"Kepler-933 b","Kepler-933",289.5685257,43.5385438,"Transit",2016,1017.20000000
"Kepler-934 b","Kepler-934",290.2884494,43.7552623,"Transit",2016,608.73800000
"Kepler-935 b","Kepler-935",295.0217193,46.6192011,"Transit",2016,471.78200000
"Kepler-936 b","Kepler-936",293.5777958,46.7362953,"Transit",2016,823.39900000
"Kepler-937 b","Kepler-937",294.1688142,46.7146161,"Transit",2016,1571.46000000
"Kepler-937 c","Kepler-937",294.1688142,46.7146161,"Transit",2016,1571.46000000
"Kepler-938 b","Kepler-938",294.7890593,46.9839352,"Transit",2016,1182.05000000
"Kepler-939 b","Kepler-939",293.8656181,47.0268148,"Transit",2016,2093.62000000
"Kepler-94 b","Kepler-94",281.1947316,47.4972606,"Transit",2014,191.90400000
"Kepler-94 c","Kepler-94",281.1947316,47.4972606,"Radial Velocity",2014,191.90400000
"Kepler-940 b","Kepler-940",294.2413053,47.2759642,"Transit",2016,1260.78000000
"Kepler-941 b","Kepler-941",294.3262617,47.2175461,"Transit",2016,1088.36000000
"Kepler-942 b","Kepler-942",294.9550809,44.1499518,"Transit",2016,216.35400000
"Kepler-943 b","Kepler-943",284.2739322,41.5349809,"Transit",2016,2300.53000000
"Kepler-944 b","Kepler-944",293.6012911,42.3797910,"Transit",2016,1349.43000000
"Kepler-945 b","Kepler-945",291.2697354,42.0960305,"Transit",2016,1651.25000000
"Kepler-946 b","Kepler-946",300.9295551,44.0286710,"Transit",2016,1137.29000000
"Kepler-947 b","Kepler-947",294.3667312,42.2526408,"Transit",2016,1730.78000000
"Kepler-948 b","Kepler-948",293.3002774,41.5233244,"Transit",2016,868.01700000
"Kepler-949 b","Kepler-949",298.6079128,46.4536600,"Transit",2016,486.10500000
"Kepler-949 c","Kepler-949",298.6079128,46.4536600,"Transit",2023,486.10500000
"Kepler-95 b","Kepler-95",284.4824281,44.3978910,"Transit",2014,445.65600000
"Kepler-950 b","Kepler-950",287.9565768,41.1302834,"Transit",2016,2161.60000000
"Kepler-951 b","Kepler-951",287.7375794,38.1146488,"Transit",2016,382.50900000
"Kepler-952 b","Kepler-952",285.3718781,41.9938697,"Transit",2016,1304.25000000
"Kepler-953 b","Kepler-953",288.9716297,44.6246451,"Transit",2016,258.89300000
"Kepler-953 c","Kepler-953",288.9716297,44.6246451,"Transit",2016,258.89300000
"Kepler-954 b","Kepler-954",295.8594318,47.9396001,"Transit",2016,215.81400000
"Kepler-955 b","Kepler-955",288.4714969,40.2698157,"Transit",2016,550.38300000
"Kepler-956 b","Kepler-956",292.5308289,49.0616555,"Transit",2016,544.93900000
"Kepler-957 b","Kepler-957",290.1563633,48.8189710,"Transit",2016,824.68800000
"Kepler-958 b","Kepler-958",287.2566578,46.0667247,"Transit",2016,449.77300000
"Kepler-959 b","Kepler-959",292.1711850,40.8113849,"Transit",2016,807.72900000
"Kepler-96 b","Kepler-96",297.0698263,40.5252039,"Transit",2014,122.88100000
"Kepler-960 b","Kepler-960",281.4572217,46.7465538,"Transit",2016,284.91600000
"Kepler-961 b","Kepler-961",282.0354942,43.6312491,"Transit",2016,574.31400000
"Kepler-962 b","Kepler-962",295.3131906,46.2375024,"Transit",2016,411.48600000
"Kepler-963 b","Kepler-963",296.7529742,45.0411049,"Transit",2016,771.49400000
"Kepler-963 c","Kepler-963",296.7529742,45.0411049,"Transit",2024,771.49400000
"Kepler-964 b","Kepler-964",295.3000650,40.5565792,"Transit",2016,454.62600000
"Kepler-965 b","Kepler-965",298.5153169,41.8912305,"Transit",2016,582.82800000
"Kepler-966 b","Kepler-966",297.2705760,50.1218365,"Transit",2016,1027.80000000
"Kepler-967 b","Kepler-967",286.5580128,38.4052418,"Transit",2016,568.54600000
"Kepler-967 c","Kepler-967",286.5580128,38.4052418,"Transit",2016,568.54600000
"Kepler-968 b","Kepler-968",285.6025889,50.1120401,"Transit",2016,290.32400000
"Kepler-968 c","Kepler-968",285.6025889,50.1120401,"Transit",2016,290.32400000
"Kepler-969 b","Kepler-969",288.3724989,47.9335642,"Transit",2016,390.35400000
"Kepler-969 c","Kepler-969",288.3724989,47.9335642,"Transit",2016,390.35400000
"Kepler-97 b","Kepler-97",287.3265292,48.6733443,"Transit",2014,400.90700000
"Kepler-97 c","Kepler-97",287.3265292,48.6733443,"Radial Velocity",2014,400.90700000
"Kepler-970 b","Kepler-970",289.6252192,40.7087351,"Transit",2016,331.54500000
"Kepler-971 b","Kepler-971",284.0945699,41.1828131,"Transit",2016,338.52200000
"Kepler-972 b","Kepler-972",295.8286790,43.4254371,"Transit",2016,1198.03000000
"Kepler-973 b","Kepler-973",290.1653203,49.9238126,"Transit",2016,328.52000000
"Kepler-974 b","Kepler-974",285.0131082,40.2209547,"Transit",2016,134.31100000
"Kepler-975 b","Kepler-975",290.5485100,38.4952415,"Transit",2016,426.08800000
"Kepler-975 c","Kepler-975",290.5485100,38.4952415,"Transit",2023,426.08800000
"Kepler-976 b","Kepler-976",289.8696232,46.7296855,"Transit",2016,1012.41000000
"Kepler-977 b","Kepler-977",291.5161959,42.2480736,"Transit",2016,568.75100000
"Kepler-978 b","Kepler-978",286.7107166,43.0433585,"Transit",2016,682.52200000
"Kepler-979 b","Kepler-979",300.3712023,46.4081872,"Transit",2016,576.50300000
"Kepler-98 b","Kepler-98",285.6616933,37.9645672,"Transit",2014,350.31500000
"Kepler-980 b","Kepler-980",294.6129869,45.0601740,"Transit",2016,961.46800000
"Kepler-981 b","Kepler-981",289.2489051,47.6501141,"Transit",2016,878.08200000
"Kepler-982 b","Kepler-982",288.4176803,46.5904531,"Transit",2016,801.47900000
"Kepler-983 b","Kepler-983",285.1042243,45.0080745,"Transit",2016,714.43700000
"Kepler-984 b","Kepler-984",296.9588566,46.3940661,"Transit",2016,460.18800000
"Kepler-985 b","Kepler-985",290.1443390,44.0498808,"Transit",2016,679.36100000
"Kepler-986 b","Kepler-986",293.0940391,42.8964457,"Transit",2016,548.36400000
"Kepler-987 b","Kepler-987",289.4110582,46.1308443,"Transit",2016,914.12600000
"Kepler-988 b","Kepler-988",290.7082585,42.2372245,"Transit",2016,304.88900000
"Kepler-989 b","Kepler-989",281.5827983,47.2334674,"Transit",2016,491.97800000
"Kepler-99 b","Kepler-99",297.3539994,41.3000452,"Transit",2014,208.36900000
"Kepler-990 b","Kepler-990",297.9381813,46.8813194,"Transit",2016,802.16300000
"Kepler-990 c","Kepler-990",297.9381813,46.8813194,"Transit",2016,802.16300000
"Kepler-991 b","Kepler-991",297.0905543,49.6264867,"Transit",2016,389.56100000
"Kepler-992 b","Kepler-992",284.4304085,47.6416613,"Transit",2016,259.63900000
"Kepler-993 b","Kepler-993",292.6141076,44.3946644,"Transit",2016,324.42300000
"Kepler-994 b","Kepler-994",289.0720752,47.4069180,"Transit",2016,188.15800000
"Kepler-995 b","Kepler-995",284.6157154,39.1309980,"Transit",2016,609.63800000
"Kepler-996 b","Kepler-996",291.9127633,41.5335891,"Transit",2016,1216.58000000
"Kepler-997 b","Kepler-997",289.2333767,49.9388952,"Transit",2016,467.56800000
"Kepler-998 b","Kepler-998",296.7541629,49.2087085,"Transit",2016,986.36400000
"Kepler-999 b","Kepler-999",299.6604865,46.1984679,"Transit",2016,545.06300000
"L 168-9 b","L 168-9",350.0285917,-60.0657292,"Transit",2020,25.14960000
"L 363-38 b","L 363-38",10.8555443,-41.2952926,"Radial Velocity",2023,10.22950000
"L 98-59 b","L 98-59",124.5328604,-68.3144658,"Transit",2019,10.61940000
"L 98-59 c","L 98-59",124.5328604,-68.3144658,"Transit",2019,10.61940000
"L 98-59 d","L 98-59",124.5328604,-68.3144658,"Transit",2019,10.61940000
"L 98-59 e","L 98-59",124.5328604,-68.3144658,"Radial Velocity",2021,10.61940000
"L 98-59 f","L 98-59",124.5328604,-68.3144658,"Radial Velocity",2025,10.61940000
"LHS 1140 b","LHS 1140",11.2486320,-15.2741085,"Transit",2017,14.98610000
"LHS 1140 c","LHS 1140",11.2486320,-15.2741085,"Transit",2018,14.98610000
"LHS 1478 b","LHS 1478",44.3388743,76.5514045,"Transit",2021,18.22760000
"LHS 1678 b","LHS 1678",68.1789866,-39.7908744,"Transit",2021,19.87820000
"LHS 1678 c","LHS 1678",68.1789866,-39.7908744,"Transit",2021,19.87820000
"LHS 1678 d","LHS 1678",68.1789866,-39.7908744,"Transit",2024,19.87820000
"LHS 1815 b","LHS 1815",91.0899861,-55.3115376,"Transit",2020,29.84240000
"LHS 1903 b","LHS 1903",107.8658260,48.3279327,"Transit",2026,35.69170000
"LHS 1903 c","LHS 1903",107.8658260,48.3279327,"Transit",2026,35.69170000
"LHS 1903 d","LHS 1903",107.8658260,48.3279327,"Transit",2026,35.69170000
"LHS 1903 e","LHS 1903",107.8658260,48.3279327,"Transit",2026,35.69170000
"LHS 3154 b","LHS 3154",241.6367309,40.9068221,"Radial Velocity",2023,15.76060000
"LHS 3844 b","LHS 3844",340.4962038,-69.1721081,"Transit",2019,14.88460000
"LHS 475 b","LHS 475",290.2379403,-82.5597883,"Transit",2023,12.48140000
"LP 261-75 b","LP 261-75 A",147.7685281,35.9685562,"Imaging",2006,33.92800000
"LP 714-47 b","LP 714-47",64.1902212,-12.0848643,"Transit",2020,52.61600000
"LP 791-18 b","LP 791-18",165.6904843,-16.4064445,"Transit",2019,26.49270000
"LP 791-18 c","LP 791-18",165.6904843,-16.4064445,"Transit",2019,26.49270000
"LP 791-18 d","LP 791-18",165.6904843,-16.4064445,"Transit",2023,26.49270000
"LP 890-9 b","LP 890-9",64.1309096,-28.3157909,"Transit",2022,32.42980000
"LP 890-9 c","LP 890-9",64.1309096,-28.3157909,"Transit",2022,32.42980000
"LSPM J2116+0234 b","LSPM J2116+0234",319.1147513,2.5807711,"Radial Velocity",2019,17.62970000
"LTT 1445 A b","LTT 1445 A",45.4624781,-16.5944956,"Transit",2019,6.86929000
"LTT 1445 A c","LTT 1445 A",45.4624781,-16.5944956,"Transit",2022,6.86929000
"LTT 3780 b","LTT 3780",154.6449033,-11.7178010,"Transit",2020,21.98140000
"LTT 3780 c","LTT 3780",154.6449033,-11.7178010,"Transit",2020,21.98140000
"LTT 9779 b","LTT 9779",358.6688767,-37.6282237,"Transit",2020,80.43730000
"LkCa 15 b","LkCa 15",69.8241791,22.3508662,"Imaging",2015,158.15200000
"LkCa 15 c","LkCa 15",69.8241791,22.3508662,"Imaging",2015,158.15200000
"Luhman 16 b","Luhman 16 A",162.3282594,-53.3193715,"Imaging",2017,
"Lupus-TR-3 b","Lupus-TR-3",232.5774696,-42.9799461,"Transit",2007,773.40900000
"M62H b","M62H",255.3074504,-30.1069833,"Pulsar Timing",2024,
"MASCARA-1 b","MASCARA-1",317.5515264,10.7388967,"Transit",2017,182.27300000
"MASCARA-4 b","MASCARA-4",147.5800667,-66.1139253,"Transit",2020,170.69600000
"MOA-2007-BLG-192L b","MOA-2007-BLG-192L",272.0158333,-27.1500750,"Microlensing",2008,2160.00000000
"MOA-2007-BLG-400L b","MOA-2007-BLG-400L",272.4249167,-29.2241528,"Microlensing",2008,6890.00000000
"MOA-2008-BLG-310L b","MOA-2008-BLG-310L",268.5605420,-34.7780528,"Microlensing",2009,7700.00000000
"MOA-2008-BLG-379L b","MOA-2008-BLG-379L",269.7060000,-30.1969306,"Microlensing",2013,3300.00000000
"MOA-2009-BLG-266L b","MOA-2009-BLG-266L",267.0081250,-35.0054111,"Microlensing",2011,3040.00000000
"MOA-2009-BLG-319L b","MOA-2009-BLG-319L",271.7422080,-26.8196917,"Microlensing",2010,7050.00000000
"MOA-2009-BLG-387L b","MOA-2009-BLG-387L",268.4616250,-33.9903333,"Microlensing",2010,5690.00000000
"MOA-2010-BLG-073L b","MOA-2010-BLG-073L",272.5472580,-26.5229319,"Microlensing",2012,2800.00000000
"MOA-2010-BLG-117L b","MOA-2010-BLG-117L",271.9569700,-25.3446388,"Microlensing",2018,3500.00000000
"MOA-2010-BLG-328L b","MOA-2010-BLG-328L",269.4963330,-30.7151750,"Microlensing",2013,810.00000000
"MOA-2010-BLG-353L b","MOA-2010-BLG-353L",271.3039170,-27.2932333,"Microlensing",2015,6430.00000000
"MOA-2010-BLG-477L b","MOA-2010-BLG-477L",271.5310060,-31.4544773,"Microlensing",2012,2300.00000000
"MOA-2011-BLG-028L b","MOA-2011-BLG-028L",270.8540000,-29.2134167,"Microlensing",2016,7380.00000000
"MOA-2011-BLG-262L b","MOA-2011-BLG-262L",270.0978330,-31.2452583,"Microlensing",2014,7200.00000000
"MOA-2011-BLG-291L b","MOA-2011-BLG-291L",268.8678890,-29.1706657,"Microlensing",2018,4400.00000000
"MOA-2011-BLG-293L b","MOA-2011-BLG-293L",268.9139580,-28.4768472,"Microlensing",2012,7720.00000000
"MOA-2011-BLG-322L b","MOA-2011-BLG-322L",271.2233330,-27.2209444,"Microlensing",2013,7560.00000000
"MOA-2012-BLG-006L b","MOA-2012-BLG-006L",270.4429630,-29.1087780,"Microlensing",2017,5300.00000000
"MOA-2012-BLG-505L b","MOA-2012-BLG-505L",268.1430970,-32.0400925,"Microlensing",2017,7210.00000000
"MOA-2013-BLG-220L b","MOA-2013-BLG-220L",270.9854170,-29.5447222,"Microlensing",2014,6720.00000000
"MOA-2013-BLG-605L b","MOA-2013-BLG-605L",272.0192570,-29.7315826,"Microlensing",2016,850.00000000
"MOA-2015-BLG-337L b","MOA-2015-BLG-337L",271.9487000,-28.1702785,"Microlensing",2018,7100.00000000
"MOA-2016-BLG-227L b","MOA-2016-BLG-227L",271.4737550,-27.7142868,"Microlensing",2017,6500.00000000
"MOA-2016-BLG-319L b","MOA-2016-BLG-319L",268.7422180,-29.7504635,"Microlensing",2018,6800.00000000
"MOA-2016-BLG-526L b","MOA-2016-BLG-526L",266.6682917,-34.3860806,"Microlensing",2024,6930.00000000
"MOA-2019-BLG-008L b","MOA-2019-BLG-008L",267.9828750,-29.9897306,"Microlensing",2022,2700.00000000
"MOA-2020-BLG-135L b","MOA-2020-BLG-135L",268.4235000,-29.8075667,"Microlensing",2022,7900.00000000
"MOA-2020-BLG-208L b","MOA-2020-BLG-208L",268.4325000,-32.5893111,"Microlensing",2023,7490.00000000
"MOA-2022-BLG-033L b","MOA-2022-BLG-033L",272.8756667,-25.0530806,"Microlensing",2025,1840.00000000
"MOA-2022-BLG-091L b","MOA-2022-BLG-091L",268.9422083,-32.3414389,"Microlensing",2025,4250.00000000
"MOA-2022-BLG-249L b","MOA-2022-BLG-249L",268.8655417,-28.3060611,"Microlensing",2023,2000.00000000
"MOA-2022-BLG-563L b","MOA-2022-BLG-563L",270.3002083,-27.8358306,"Microlensing",2024,6530.00000000
"MOA-bin-1L b","MOA-bin-1L",261.7925000,-29.7939722,"Microlensing",2012,5100.00000000
"MOA-bin-29 b","MOA-bin-29",269.3759583,-29.7365639,"Microlensing",2019,7120.00000000
"MWC 758 c","MWC 758",82.6147199,25.3324076,"Imaging",2023,159.53700000
"MXB 1658-298 b","MXB 1658-298",255.5272522,-29.9455833,"Eclipse Timing Variations",2017,
"NGC 2682 Sand 1429 b","NGC 2682 Sand 1429",133.0147781,11.6899626,"Radial Velocity",2024,852.79300000
"NGC 2682 Sand 978 b","NGC 2682 Sand 978",132.8228085,11.7562959,"Radial Velocity",2017,821.91800000
"NGC 2682 YBP 1194 b","NGC 2682 YBP 1194",132.7533077,11.8146537,"Radial Velocity",2014,872.92000000
"NGC 2682 YBP 1514 b","NGC 2682 YBP 1514",132.7531307,11.8865128,"Radial Velocity",2014,914.22100000
"NGC 2682 YBP 401 b","NGC 2682 YBP 401",132.8293081,11.6710271,"Radial Velocity",2016,830.82200000
"NGTS-1 b","NGTS-1",82.7142134,-36.6309812,"Transit",2017,218.12100000
"NGTS-10 b","NGTS-10",91.8722801,-25.5948963,"Transit",2020,324.69865036
"NGTS-11 b","NGTS-11",23.5214497,-14.4191493,"Transit",2020,190.42200000
"NGTS-12 b","NGTS-12",176.2499418,-35.6405630,"Transit",2020,446.44200000
"NGTS-13 b","NGTS-13",176.2402326,-38.1397158,"Transit",2021,647.59500000
"NGTS-14 A b","NGTS-14 A",328.5174799,-38.3774193,"Transit",2021,322.14800000
"NGTS-15 b","NGTS-15",73.3553101,-32.8003484,"Transit",2021,786.48500000
"NGTS-16 b","NGTS-16",58.2639299,-30.8046405,"Transit",2021,898.16800000
"NGTS-17 b","NGTS-17",72.9005729,-34.2262128,"Transit",2021,1040.28000000
"NGTS-18 b","NGTS-18",180.5462193,-35.5486091,"Transit",2021,1096.19000000
"NGTS-2 b","NGTS-2",215.1227617,-31.2020698,"Transit",2018,356.39100000
"NGTS-20 b","NGTS-20",46.2926368,-21.9336472,"Transit",2022,382.89800000
"NGTS-21 b","NGTS-21",311.2583112,-35.4278412,"Transit",2022,592.89100000
"NGTS-23 b","NGTS-23",70.4322947,-40.0445299,"Transit",2022,1074.95000000
"NGTS-24 b","NGTS-24",168.5638892,-37.9101328,"Transit",2022,683.06200000
"NGTS-25 b","NGTS-25",307.4182976,-39.0323568,"Transit",2022,521.23300000
"NGTS-26 b","NGTS-26",217.6832961,-31.7324526,"Transit",2024,1093.69000000
"NGTS-27 b","NGTS-27",206.0265266,-32.5229747,"Transit",2024,942.12200000
"NGTS-3 A b","NGTS-3 A",94.4447595,-35.7063640,"Transit",2018,743.97200000
"NGTS-30 b","NGTS-30",173.7148670,-24.6054801,"Transit",2024,238.37700000
"NGTS-31 b","NGTS-31",80.4212533,-38.6568270,"Transit",2025,497.37600000
"NGTS-32 b","NGTS-32",223.8576228,-18.4323191,"Transit",2025,837.45700000
"NGTS-33 b","NGTS-33",107.8333348,-35.8505185,"Transit",2024,437.85500000
"NGTS-34 b","NGTS-34",162.4997176,-44.5478575,"Transit",2025,120.47500000
"NGTS-35 b","NGTS-35",170.2763360,-26.0666162,"Transit",2025,183.07800000
"NGTS-38 b","NGTS-38",108.7147541,-29.4306223,"Transit",2026,268.63700000
"NGTS-39 b","NGTS-39",109.9386973,9.9412647,"Transit",2026,278.40200000
"NGTS-4 b","NGTS-4",89.5988945,-30.8117992,"Transit",2019,280.55500000
"NGTS-5 b","NGTS-5",221.0582692,5.6053735,"Transit",2019,306.77900000
"NGTS-6 b","NGTS-6",75.7953820,-30.3994612,"Transit",2019,308.26200000
"NGTS-8 b","NGTS-8",328.9759206,-14.0684399,"Transit",2019,428.97600000
"NGTS-9 b","NGTS-9",141.9206435,-19.3476477,"Transit",2019,609.12800000
"NN Ser c","NN Ser",238.2337015,12.9120871,"Eclipse Timing Variations",2010,515.81800000
"NN Ser d","NN Ser",238.2337015,12.9120871,"Eclipse Timing Variations",2010,515.81800000
"NSVS 14256825 b","NSVS 14256825",305.0019460,4.6323715,"Eclipse Timing Variations",2019,820.87700000
"NY Vir b","NY Vir",204.7005847,-2.0303873,"Eclipse Timing Variations",2011,544.02400000
"NY Vir c","NY Vir",204.7005847,-2.0303873,"Eclipse Timing Variations",2019,544.02400000
"OGLE-2003-BLG-235L b","OGLE-2003-BLG-235L",271.3181250,-28.8950000,"Microlensing",2004,5800.00000000
"OGLE-2005-BLG-071L b","OGLE-2005-BLG-071L",267.5407080,-34.6731944,"Microlensing",2005,3200.00000000
"OGLE-2005-BLG-169L b","OGLE-2005-BLG-169L",271.5221670,-30.7326389,"Microlensing",2006,4100.00000000
"OGLE-2005-BLG-390L b","OGLE-2005-BLG-390L",268.5799580,-30.3773056,"Microlensing",2005,6600.00000000
"OGLE-2006-BLG-109L b","OGLE-2006-BLG-109L",268.1437920,-30.0877778,"Microlensing",2008,1510.00000000
"OGLE-2006-BLG-109L c","OGLE-2006-BLG-109L",268.1437920,-30.0877778,"Microlensing",2008,1510.00000000
"OGLE-2006-BLG-284L A b","OGLE-2006-BLG-284L A",269.6592500,-29.1366667,"Microlensing",2020,4000.00000000
"OGLE-2007-BLG-349L AB c","OGLE-2007-BLG-349L A",271.3518070,-26.4219437,"Microlensing",2016,2760.00000000
"OGLE-2007-BLG-368L b","OGLE-2007-BLG-368L",269.1081670,-32.2374167,"Microlensing",2009,5900.00000000
"OGLE-2008-BLG-092L b","OGLE-2008-BLG-092L",267.5407080,-34.6731944,"Microlensing",2014,8100.00000000
"OGLE-2008-BLG-355L b","OGLE-2008-BLG-355L",269.7867080,-30.7594722,"Microlensing",2014,6800.00000000
"OGLE-2011-BLG-0173L b","OGLE-2011-BLG-0173L",269.3157350,-28.2338619,"Microlensing",2018,6100.00000000
"OGLE-2011-BLG-0251L b","OGLE-2011-BLG-0251L",264.5590830,-27.1361389,"Microlensing",2012,2570.00000000
"OGLE-2011-BLG-0265L b","OGLE-2011-BLG-0265L",269.4488330,-27.3945278,"Microlensing",2015,4380.00000000
"OGLE-2012-BLG-0026L b","OGLE-2012-BLG-0026L",263.5779170,-27.1427500,"Microlensing",2012,4019.00000000
"OGLE-2012-BLG-0026L c","OGLE-2012-BLG-0026L",263.5779170,-27.1427500,"Microlensing",2012,4019.00000000
"OGLE-2012-BLG-0358L b","OGLE-2012-BLG-0358L",265.6948750,-24.2610000,"Microlensing",2013,1760.00000000
"OGLE-2012-BLG-0406L b","OGLE-2012-BLG-0406L",268.3257080,-30.4711667,"Microlensing",2013,4970.00000000
"OGLE-2012-BLG-0563L b","OGLE-2012-BLG-0563L",271.4905000,-27.7120000,"Microlensing",2015,1300.00000000
"OGLE-2012-BLG-0724L b","OGLE-2012-BLG-0724L",268.9682917,-29.8185278,"Microlensing",2016,6700.00000000
"OGLE-2012-BLG-0838L b","OGLE-2012-BLG-0838L",273.0030830,-25.7116111,"Microlensing",2020,6320.00000000
"OGLE-2012-BLG-0950L b","OGLE-2012-BLG-0950L",272.0192570,-29.7315826,"Microlensing",2016,2600.00000000
"OGLE-2013-BLG-0102L b","OGLE-2013-BLG-0102L",268.0295000,-31.6905833,"Microlensing",2014,3040.00000000
"OGLE-2013-BLG-0132L b","OGLE-2013-BLG-0132L",269.7646180,-28.4210281,"Microlensing",2017,3900.00000000
"OGLE-2013-BLG-0341L B b","OGLE-2013-BLG-0341L B",268.0312080,-29.8461111,"Microlensing",2014,911.00000000
"OGLE-2013-BLG-0911L b","OGLE-2013-BLG-0911L",268.8832500,-29.2538333,"Microlensing",2019,3220.00000000
"OGLE-2013-BLG-1721L b","OGLE-2013-BLG-1721L",268.1265560,-30.2926941,"Microlensing",2017,6300.00000000
"OGLE-2013-BLG-1761L b","OGLE-2013-BLG-1761L",268.4094850,-28.8952713,"Microlensing",2017,6900.00000000
"OGLE-2014-BLG-0124L b","OGLE-2014-BLG-0124L",270.6217083,-28.3962500,"Microlensing",2015,3500.00000000
"OGLE-2014-BLG-0221L b","OGLE-2014-BLG-0221L",270.3037500,-27.4267639,"Microlensing",2024,3680.00000000
"OGLE-2014-BLG-0319L b","OGLE-2014-BLG-0319L",266.9611667,-33.9350444,"Microlensing",2022,7730.00000000
"OGLE-2014-BLG-0676L b","OGLE-2014-BLG-0676L",268.1020833,-30.5483889,"Microlensing",2016,2670.00000000
"OGLE-2014-BLG-1722L b","OGLE-2014-BLG-1722L",268.7523800,-31.4690552,"Microlensing",2018,6400.00000000
"OGLE-2014-BLG-1722L c","OGLE-2014-BLG-1722L",268.7523800,-31.4690552,"Microlensing",2018,6400.00000000
"OGLE-2014-BLG-1760L b","OGLE-2014-BLG-1760L",269.4090000,-28.9620472,"Microlensing",2016,7056.00000000
"OGLE-2015-BLG-0051L b","OGLE-2015-BLG-0051L",269.6625370,-28.0316944,"Microlensing",2016,8200.00000000
"OGLE-2015-BLG-0954L b","OGLE-2015-BLG-0954L",270.1843330,-28.6608889,"Microlensing",2016,1200.00000000
"OGLE-2015-BLG-0966L b","OGLE-2015-BLG-0966L",268.7542500,-29.0471111,"Microlensing",2016,3300.00000000
"OGLE-2015-BLG-1609L b","OGLE-2015-BLG-1609L",270.8237917,-26.9071111,"Microlensing",2025,3300.00000000
"OGLE-2015-BLG-1649L b","OGLE-2015-BLG-1649L",271.2050417,-32.6330278,"Microlensing",2019,4230.00000000
"OGLE-2015-BLG-1670L b","OGLE-2015-BLG-1670L",268.1587917,-28.5519167,"Microlensing",2019,6700.00000000
"OGLE-2015-BLG-1771L b","OGLE-2015-BLG-1771L",268.7990000,-28.8627500,"Microlensing",2020,7070.00000000
"OGLE-2016-BLG-0007L b","OGLE-2016-BLG-0007L",268.3560417,-29.6422500,"Microlensing",2025,4300.00000000
"OGLE-2016-BLG-0263L b","OGLE-2016-BLG-0263L",269.8954160,-31.8186111,"Microlensing",2017,6500.00000000
"OGLE-2016-BLG-0613L AB b","OGLE-2016-BLG-0613L AB",269.2604060,-28.1161671,"Microlensing",2017,3410.00000000
"OGLE-2016-BLG-1067L b","OGLE-2016-BLG-1067L",273.2045000,-27.0126389,"Microlensing",2019,3730.00000000
"OGLE-2016-BLG-1093L b","OGLE-2016-BLG-1093L",269.0042917,-32.7134722,"Microlensing",2022,8120.00000000
"OGLE-2016-BLG-1190L b","OGLE-2016-BLG-1190L",269.7179260,-27.6135559,"Microlensing",2017,6770.00000000
"OGLE-2016-BLG-1195L b","OGLE-2016-BLG-1195L",268.8479310,-30.2072506,"Microlensing",2017,3910.00000000
"OGLE-2016-BLG-1227L b","OGLE-2016-BLG-1227L",265.5971250,-33.7597778,"Microlensing",2020,
"OGLE-2016-BLG-1266L b","OGLE-2016-BLG-1266L",267.8535833,-29.7422500,"Microlensing",2018,3080.00000000
"OGLE-2016-BLG-1598L b","OGLE-2016-BLG-1598L",270.1907500,-29.1754389,"Microlensing",2024,5910.00000000
"OGLE-2016-BLG-1800L b","OGLE-2016-BLG-1800L",269.9032083,-30.8653611,"Microlensing",2024,6480.00000000
"OGLE-2017-BLG-0173L b","OGLE-2017-BLG-0173L",267.9706120,-29.2713604,"Microlensing",2018,4705.00000000
"OGLE-2017-BLG-0364L b","OGLE-2017-BLG-0364L",265.2278750,-34.6175833,"Microlensing",2024,7860.00000000
"OGLE-2017-BLG-0373L b","OGLE-2017-BLG-0373L",269.3294067,-31.9517231,"Microlensing",2018,5915.00000000
"OGLE-2017-BLG-0406L b","OGLE-2017-BLG-0406L",268.9996670,-29.8631389,"Microlensing",2020,5200.00000000
"OGLE-2017-BLG-0448L b","OGLE-2017-BLG-0448L",268.6686250,-31.0319167,"Microlensing",2024,7530.00000000
"OGLE-2017-BLG-0482L b","OGLE-2017-BLG-0482L",269.0488890,-30.5283604,"Microlensing",2018,5800.00000000
"OGLE-2017-BLG-0604L b","OGLE-2017-BLG-0604L",267.8916670,-30.9465556,"Microlensing",2020,3950.00000000
"OGLE-2017-BLG-0640L b","OGLE-2017-BLG-0640L",267.4651250,-29.4615000,"Microlensing",2024,6630.00000000
"OGLE-2017-BLG-1049L b","OGLE-2017-BLG-1049L",269.5335420,-27.1442222,"Microlensing",2020,5670.00000000
"OGLE-2017-BLG-1099L b","OGLE-2017-BLG-1099L",263.9642500,-29.5858611,"Microlensing",2021,7250.00000000
"OGLE-2017-BLG-1140L b","OGLE-2017-BLG-1140L",266.8830570,-24.5226669,"Microlensing",2018,
"OGLE-2017-BLG-1237L b","OGLE-2017-BLG-1237L",271.6499583,-28.3288306,"Microlensing",2024,6030.00000000
"OGLE-2017-BLG-1275L b","OGLE-2017-BLG-1275L",267.9154167,-29.4979694,"Microlensing",2024,7690.00000000
"OGLE-2017-BLG-1375L b","OGLE-2017-BLG-1375L",269.1548750,-30.3114167,"Microlensing",2020,3930.00000000
"OGLE-2017-BLG-1434L b","OGLE-2017-BLG-1434L",268.2804667,-30.2456583,"Microlensing",2018,860.00000000
"OGLE-2017-BLG-1522L b","OGLE-2017-BLG-1522L",270.3193660,-28.4619713,"Microlensing",2018,7490.00000000
"OGLE-2017-BLG-1691L b","OGLE-2017-BLG-1691L",263.5938333,-29.2848306,"Microlensing",2022,7290.00000000
"OGLE-2017-BLG-1806L b","OGLE-2017-BLG-1806L",266.6232500,-24.2722694,"Microlensing",2023,6400.00000000
"OGLE-2018-BLG-0298L b","OGLE-2018-BLG-0298L",264.2845000,-29.7091111,"Microlensing",2022,6540.00000000
"OGLE-2018-BLG-0383L b","OGLE-2018-BLG-0383L",268.6807500,-28.7392778,"Microlensing",2022,7700.00000000
"OGLE-2018-BLG-0506L b","OGLE-2018-BLG-0506L",267.6298333,-31.9240556,"Microlensing",2022,5600.00000000
"OGLE-2018-BLG-0516L b","OGLE-2018-BLG-0516L",269.6401250,-31.2623889,"Microlensing",2022,7000.00000000
"OGLE-2018-BLG-0532L b","OGLE-2018-BLG-0532L",269.9834167,-28.9977500,"Microlensing",2020,773.00000000
"OGLE-2018-BLG-0567L b","OGLE-2018-BLG-0567L",269.0184167,-27.9871111,"Microlensing",2021,7060.00000000
"OGLE-2018-BLG-0596L b","OGLE-2018-BLG-0596L",269.0555417,-29.1990833,"Microlensing",2019,5650.00000000
"OGLE-2018-BLG-0677L b","OGLE-2018-BLG-0677L",268.7511250,-32.0165306,"Microlensing",2020,7580.00000000
"OGLE-2018-BLG-0740L b","OGLE-2018-BLG-0740L",272.1769583,-29.8358056,"Microlensing",2019,3200.00000000
"OGLE-2018-BLG-0799L b","OGLE-2018-BLG-0799L",273.4590000,-25.4857222,"Microlensing",2022,4050.00000000
"OGLE-2018-BLG-0932L b","OGLE-2018-BLG-0932L",268.3512083,-29.0218056,"Microlensing",2022,6620.00000000
"OGLE-2018-BLG-0962L b","OGLE-2018-BLG-0962L",268.1747917,-32.3092500,"Microlensing",2021,6500.00000000
"OGLE-2018-BLG-0977L b","OGLE-2018-BLG-0977L",268.5061250,-30.6048056,"Microlensing",2022,6500.00000000
"OGLE-2018-BLG-1011L b","OGLE-2018-BLG-1011L",269.0140000,-29.0828889,"Microlensing",2019,7100.00000000
"OGLE-2018-BLG-1011L c","OGLE-2018-BLG-1011L",269.0140000,-29.0828889,"Microlensing",2019,7100.00000000
"OGLE-2018-BLG-1119L b","OGLE-2018-BLG-1119L",270.0292500,-32.3752778,"Microlensing",2022,5760.00000000
"OGLE-2018-BLG-1126L b","OGLE-2018-BLG-1126L",268.3558750,-31.7247194,"Microlensing",2022,5700.00000000
"OGLE-2018-BLG-1185L b","OGLE-2018-BLG-1185L",269.7927500,-27.8350833,"Microlensing",2021,7400.00000000
"OGLE-2018-BLG-1212L b","OGLE-2018-BLG-1212L",271.0776250,-28.1940833,"Microlensing",2022,1550.00000000
"OGLE-2018-BLG-1269L b","OGLE-2018-BLG-1269L",269.6934170,-27.6179444,"Microlensing",2020,2510.00000000
"OGLE-2018-BLG-1367L b","OGLE-2018-BLG-1367L",269.7556250,-29.1683611,"Microlensing",2022,5370.00000000
"OGLE-2018-BLG-1428L b","OGLE-2018-BLG-1428L",265.5487080,-26.1378889,"Microlensing",2021,6220.00000000
"OGLE-2018-BLG-1647L b","OGLE-2018-BLG-1647L",268.9623750,-31.8170000,"Microlensing",2022,7880.00000000
"OGLE-2018-BLG-1700L b","OGLE-2018-BLG-1700L",269.9560420,-28.5286389,"Microlensing",2020,7600.00000000
"OGLE-2019-BLG-0249L b","OGLE-2019-BLG-0249L",265.4035000,-34.7017500,"Microlensing",2023,6370.00000000
"OGLE-2019-BLG-0299L b","OGLE-2019-BLG-0299L",266.6794583,-23.5843111,"Microlensing",2021,5830.00000000
"OGLE-2019-BLG-0304L b","OGLE-2019-BLG-0304L",264.0267083,-26.1459889,"Microlensing",2021,6980.00000000
"OGLE-2019-BLG-0362L b","OGLE-2019-BLG-0362L",263.4652500,-24.8103611,"Microlensing",2022,5830.00000000
"OGLE-2019-BLG-0468L b","OGLE-2019-BLG-0468L",266.4060000,-24.4472778,"Microlensing",2022,4400.00000000
"OGLE-2019-BLG-0468L c","OGLE-2019-BLG-0468L",266.4060000,-24.4472778,"Microlensing",2022,4400.00000000
"OGLE-2019-BLG-0679L b","OGLE-2019-BLG-0679L",265.7404167,-27.7728806,"Microlensing",2023,5630.00000000
"OGLE-2019-BLG-0954L b","OGLE-2019-BLG-0954L",267.9132500,-29.6110000,"Microlensing",2021,3630.00000000
"OGLE-2019-BLG-0960L b","OGLE-2019-BLG-0960L",274.0142917,-25.7746667,"Microlensing",2021,980.00000000
"OGLE-2019-BLG-1053L b","OGLE-2019-BLG-1053L",270.1663750,-27.3415833,"Microlensing",2021,6800.00000000
"OGLE-2019-BLG-1180L b","OGLE-2019-BLG-1180L",269.2465417,-27.9754444,"Microlensing",2023,6070.00000000
"OGLE-2019-BLG-1470L AB c","OGLE-2019-BLG-1470L A",271.9492083,-27.0335556,"Microlensing",2022,5900.00000000
"OGLE-2019-BLG-1492L b","OGLE-2019-BLG-1492L",270.0964583,-28.6311389,"Microlensing",2022,5600.00000000
"OGLE-2023-BLG-0766L b","OGLE-2023-BLG-0766L",269.8296250,-28.3246889,"Microlensing",2026,7400.00000000
"OGLE-2023-BLG-0836L b","OGLE-2023-BLG-0836L",267.1868750,-23.7415194,"Microlensing",2024,5120.00000000
"OGLE-TR-10 b","OGLE-TR-10",267.8677483,-29.8764758,"Transit",2004,1344.97000000
"OGLE-TR-111 b","OGLE-TR-111",163.3241150,-61.4056976,"Transit",2004,1068.33000000
"OGLE-TR-113 b","OGLE-TR-113",163.1010355,-61.4468591,"Transit",2004,566.45900000
"OGLE-TR-132 b","OGLE-TR-132",162.6440933,-61.9572476,"Transit",2004,2012.62000000
"OGLE-TR-182 b","OGLE-TR-182",167.3279228,-61.0952624,"Transit",2007,2501.75000000
"OGLE-TR-211 b","OGLE-TR-211",160.0598236,-62.4555353,"Transit",2007,1515.26000000
"OGLE-TR-56 b","OGLE-TR-56",269.1479583,-29.5392222,"Transit",2002,282.83913869
"OGLE2-TR-L9 b","OGLE2-TR-L9",166.9798793,-61.1462496,"Transit",2008,1627.63000000
"Oph 11 b","Oph 11",245.6049610,-24.0872219,"Imaging",2006,136.16559197
"PDS 70 b","PDS 70",212.0421402,-41.3980405,"Imaging",2018,113.06400000
"PDS 70 c","PDS 70",212.0421402,-41.3980405,"Imaging",2019,113.06400000
"PH1 b","PH1",298.2150641,39.9550863,"Transit",2012,1033.16000000
"PH2 b","PH2",289.7636212,51.9626830,"Transit",2013,343.86300000
"POTS-1 b","POTS-1",203.6087259,-66.5811639,"Transit",2013,747.95900000
"PSR B0329+54 b","PSR B0329+54",53.2472749,54.5791636,"Pulsar Timing",2017,504.93312058
"PSR B1257+12 b","PSR B1257+12",195.0149029,12.6823534,"Pulsar Timing",1994,600.00000000
"PSR B1257+12 c","PSR B1257+12",195.0149029,12.6823534,"Pulsar Timing",1992,600.00000000
"PSR B1257+12 d","PSR B1257+12",195.0149029,12.6823534,"Pulsar Timing",1992,600.00000000
"PSR B1620-26 b","PSR B1620-26",245.9092617,-26.5315944,"Pulsar Timing",2003,
"PSR J1719-1438 b","PSR J1719-1438",259.7919708,-14.6336000,"Pulsar Timing",2011,1200.00000000
"PSR J2322-2650 b","PSR J2322-2650",350.6443481,-26.8495331,"Pulsar Timing",2017,230.00000000
"PZ Tel b","PZ Tel",283.2745823,-50.1808952,"Imaging",2023,47.06480000
"Pr0201 b","Pr0201",130.4324005,20.2268164,"Radial Velocity",2012,180.64000000
"Pr0211 b","Pr0211",130.5477440,19.2769570,"Radial Velocity",2012,182.71400000
"Pr0211 c","Pr0211",130.5477440,19.2769570,"Radial Velocity",2016,182.71400000
"Proxima Cen b","Proxima Cen",217.3934657,-62.6761821,"Radial Velocity",2016,1.30119000
"Proxima Cen d","Proxima Cen",217.3934657,-62.6761821,"Radial Velocity",2025,1.30119000
"Qatar-1 b","Qatar-1",303.3818697,65.1623313,"Transit",2010,185.61500000
"Qatar-10 b","Qatar-10",284.4439052,69.5708373,"Transit",2019,559.06800000
"Qatar-2 b","Qatar-2",207.6554928,-6.8040714,"Transit",2011,181.37400000
"Qatar-3 b","Qatar-3",359.1519716,36.2129562,"Transit",2017,735.60100000
"Qatar-4 b","Qatar-4",4.8592750,44.0275965,"Transit",2017,329.03600000
"Qatar-5 b","Qatar-5",7.0539375,42.0613451,"Transit",2017,367.65800000
"Qatar-6 b","Qatar-6",222.2100773,22.1526136,"Transit",2017,100.84800000
"Qatar-7 b","Qatar-7",358.5151344,37.0218242,"Transit",2019,705.98100000
"Qatar-8 b","Qatar-8",157.4123405,70.5270835,"Transit",2019,281.49800000
"Qatar-9 b","Qatar-9",160.7480950,60.9641194,"Transit",2019,213.77100000
"ROXs 12 b","ROXs 12",246.6167993,-25.4466950,"Imaging",2013,136.65000000
"ROXs 42 B b","ROXs 42 B",247.8125493,-24.5455770,"Imaging",2013,143.59000000
"RR Cae b","RR Cae",65.2733756,-48.6542601,"Eclipse Timing Variations",2012,21.19160000
"Ross 128 b","Ross 128",176.9376036,0.7992898,"Radial Velocity",2017,3.37454000
"Ross 176 b","Ross 176",305.6897438,47.3086191,"Transit",2025,46.44880000
"Ross 458 c","Ross 458",195.1912147,12.3755996,"Imaging",2010,11.50940000
"Ross 508 b","Ross 508",230.9613022,17.4605347,"Radial Velocity",2022,11.21030000
"SPECULOOS-3 b","SPECULOOS-3",312.3632611,33.6123832,"Transit",2024,
"SR 12 AB c","SR 12 AB",246.8312363,-24.6946687,"Imaging",2010,112.31721584
"SWEEPS-11 b","SWEEPS-11",269.7583333,-29.1981944,"Transit",2006,8500.00000000
"SWEEPS-4 b","SWEEPS-4",269.7246667,-29.1890556,"Transit",2006,8500.00000000
"TAP 26 b","TAP 26",64.7154450,17.3878826,"Radial Velocity",2017,121.40200000
"TCP J05074264+2447555 b","TCP J05074264+2447555",76.9280000,24.7989611,"Microlensing",2018,505.00000000
"TIC 117642575 b","TIC 117642575",9.4800698,-37.0662905,"Transit",2026,188.75800000
"TIC 139270665 b","TIC 139270665",124.0338967,33.2914532,"Transit",2024,189.87500000
"TIC 139270665 c","TIC 139270665",124.0338967,33.2914532,"Radial Velocity",2024,189.87500000
"TIC 139702105 b","TIC 139702105",66.4980340,-18.2145450,"Transit",2026,91.78840000
"TIC 142589416 b","TIC 142589416",168.2439697,73.8301439,"Transit",2026,168.93300000
"TIC 147027702 b","TIC 147027702",161.7728559,-43.9317971,"Transit",2026,457.18600000
"TIC 150070085 b","TIC 150070085",110.1432005,53.5469842,"Transit",2026,204.36800000
"TIC 153919886 b","TIC 153919886",171.8440734,68.1810449,"Transit",2026,132.33000000
"TIC 154870955 b","TIC 154870955",191.7456685,88.8298759,"Transit",2026,226.46300000
"TIC 160113658 b","TIC 160113658",59.4555606,-41.6320332,"Transit",2026,200.15600000
"TIC 161045582 b","TIC 161045582",223.6258514,49.0977250,"Transit",2026,162.24600000
"TIC 172900988 b","TIC 172900988 Aa",128.6616644,31.5539793,"Transit",2021,250.95600000
"TIC 178172313 b","TIC 178172313",43.4062672,-32.0770480,"Transit",2026,178.13700000
"TIC 183374187 b","TIC 183374187",357.6160382,-41.4124228,"Transit",2026,1208.75000000
"TIC 188624430 b","TIC 188624430",258.5566927,53.7060189,"Transit",2026,300.74300000
"TIC 18942729 b","TIC 18942729",119.2150697,16.6772341,"Transit",2026,115.16900000
"TIC 198190129 b","TIC 198190129",246.3322839,60.3771414,"Transit",2026,130.03500000
"TIC 206466666 b","TIC 206466666",56.7694828,-52.3667509,"Transit",2026,127.83700000
"TIC 231949697 b","TIC 231949697",94.2576817,-43.3661845,"Transit",2026,50.24080000
"TIC 237913194 b","TIC 237913194",22.4458116,-60.7399096,"Transit",2020,306.06300000
"TIC 241249530 b","TIC 241249530",95.3088995,53.2950203,"Transit",2024,324.44800000
"TIC 245076932 b","TIC 245076932",198.0634857,-51.2144330,"Transit",2026,303.96000000
"TIC 24750448 b","TIC 24750448",26.1958598,-68.6447552,"Transit",2026,178.14600000
"TIC 24750448 c","TIC 24750448",26.1958598,-68.6447552,"Transit",2026,178.14600000
"TIC 249022743 b","TIC 249022743",78.5762192,-3.4466123,"Transit",2026,396.46000000
"TIC 257060897 b","TIC 257060897",227.5321527,72.7103128,"Transit",2021,505.70300000
"TIC 260969020 b","TIC 260969020",74.9407148,-79.5859489,"Transit",2026,121.22200000
"TIC 270471727 b","TIC 270471727",97.2114071,-78.4730589,"Transit",2026,182.10400000
"TIC 279401253 b","TIC 279401253",57.6572277,-15.0262251,"Transit",2023,285.58400000
"TIC 279401253 c","TIC 279401253",57.6572277,-15.0262251,"Transit",2023,285.58400000
"TIC 290487717 b","TIC 290487717",139.0870563,2.5508053,"Transit",2026,395.57400000
"TIC 294329732 b","TIC 294329732",109.1177907,-58.2371507,"Transit",2026,189.33300000
"TIC 32032563 b","TIC 32032563",56.0905221,-68.8580554,"Transit",2026,507.85800000
"TIC 320419023 b","TIC 320419023",118.0726215,11.8241773,"Transit",2026,288.89300000
"TIC 34085383 b","TIC 34085383",59.2353630,-7.3757198,"Transit",2026,149.12000000
"TIC 349520724 b","TIC 349520724",111.2314215,-64.6398433,"Transit",2026,241.10500000
"TIC 356227008 b","TIC 356227008",267.2508238,50.1308080,"Transit",2026,387.60900000
"TIC 365102760 b","TIC 365102760",305.8398236,54.3943194,"Transit",2024,555.54600000
"TIC 38825265 b","TIC 38825265",68.2492759,-65.2039666,"Transit",2026,165.63800000
"TIC 38828280 b","TIC 38828280",68.3926457,-62.1697135,"Transit",2026,286.41500000
"TIC 390586021 b","TIC 390586021",199.8225789,-31.4655097,"Transit",2026,114.55800000
"TIC 393818343 b","TIC 393818343",310.2917002,3.6382967,"Transit",2024,93.73450000
"TIC 423703298 b","TIC 423703298",22.9360486,-17.0135676,"Transit",2026,136.19100000
"TIC 434398831 b","TIC 434398831",93.9592639,16.0238459,"Transit",2025,217.01100000
"TIC 434398831 c","TIC 434398831",93.9592639,16.0238459,"Transit",2025,217.01100000
"TIC 437041147 b","TIC 437041147",132.9480195,6.7648369,"Transit",2026,246.60000000
"TIC 445839811 b","TIC 445839811",200.1188173,48.4072699,"Transit",2026,235.65500000
"TIC 46432937 b","TIC 46432937",83.8689794,-14.5971909,"Transit",2024,90.53690000
"TIC 4672985 b","TIC 4672985",38.4706782,-10.6573827,"Transit",2024,253.38500000
"TIC 52059926 b","TIC 52059926",16.7726869,-68.3681031,"Transit",2026,216.58100000
"TIC 62895484 b","TIC 62895484",116.6385519,22.5903733,"Transit",2026,294.85700000
"TIC 65612701 b","TIC 65612701",310.4738195,36.3388288,"Transit",2026,151.62400000
"TIC 67686059 b","TIC 67686059",19.8843370,-35.2930148,"Transit",2026,249.20300000
"TIC 77319217 b","TIC 77319217",71.0406969,-39.8976018,"Transit",2026,267.62000000
"TIC 77552382 b","TIC 77552382",152.5133767,-4.9035250,"Transit",2026,373.41500000
"TIC 86380416 b","TIC 86380416",145.1603760,65.7327948,"Transit",2026,244.68000000
"TIC 87422071 b","TIC 87422071",273.0346013,-44.2434042,"Transit",2026,384.75800000
"TIC 88692598 b","TIC 88692598",149.2109097,47.7706699,"Transit",2026,73.52580000
"TIC 88785435 b","TIC 88785435",224.2838576,-30.8800273,"Transit",2025,122.38600000
"TIC 9344899 b","TIC 9344899",72.7939340,-8.4473205,"Transit",2026,532.22800000
"TOI-1011 b","TOI-1011",113.9847611,-32.8419988,"Transit",2025,52.62000000
"TOI-1036 b","TOI-1036",157.8671116,-42.2404483,"Transit",2026,184.01500000
"TOI-1052 b","TOI-1052",337.5102738,-75.6465606,"Transit",2023,129.80400000
"TOI-1052 c","TOI-1052",337.5102738,-75.6465606,"Radial Velocity",2023,129.80400000
"TOI-1054.01","TOI-1054",302.1141738,-54.3175014,"Transit",2021,88.43430000
"TOI-1062 b","TOI-1062",38.1209678,-78.0236828,"Transit",2021,82.17330000
"TOI-1062 c","TOI-1062",38.1209678,-78.0236828,"Radial Velocity",2021,82.17330000
"TOI-1064 b","TOI-1064",296.0039349,-47.5620305,"Transit",2022,68.07260000
"TOI-1064 c","TOI-1064",296.0039349,-47.5620305,"Transit",2022,68.07260000
"TOI-1075 b","TOI-1075",309.9712091,-65.4496994,"Transit",2022,61.45920000
"TOI-1080 b","TOI-1080",276.3683249,-52.2145730,"Transit",2026,25.55900000
"TOI-1105 b","TOI-1105",146.0539694,-89.4715133,"Transit",2026,79.52250000
"TOI-1107 b","TOI-1107",155.6078632,-82.2188693,"Transit",2022,281.31400000
"TOI-1117 b","TOI-1117",273.6020606,-66.4199742,"Transit",2025,167.59800000
"TOI-1117 c","TOI-1117",273.6020606,-66.4199742,"Radial Velocity",2025,167.59800000
"TOI-1117 d","TOI-1117",273.6020606,-66.4199742,"Radial Velocity",2025,167.59800000
"TOI-1130 b","TOI-1130",286.3760037,-41.4376399,"Transit",2020,58.26090000
"TOI-1130 c","TOI-1130",286.3760037,-41.4376399,"Transit",2020,58.26090000
"TOI-1135 b","TOI-1135",193.3963704,85.1294952,"Transit",2024,114.04800000
"TOI-1136 b","TOI-1136",192.1848981,64.8552755,"Transit",2022,84.53620000
"TOI-1136 c","TOI-1136",192.1848981,64.8552755,"Transit",2022,84.53620000
"TOI-1136 d","TOI-1136",192.1848981,64.8552755,"Transit",2022,84.53620000
"TOI-1136 e","TOI-1136",192.1848981,64.8552755,"Transit",2022,84.53620000
"TOI-1136 f","TOI-1136",192.1848981,64.8552755,"Transit",2022,84.53620000
"TOI-1136 g","TOI-1136",192.1848981,64.8552755,"Transit",2022,84.53620000
"TOI-1173 b","TOI-1173",197.6830975,70.7680117,"Transit",2024,132.35300000
"TOI-1174 b","TOI-1174",209.2171751,68.6182106,"Transit",2024,94.63750000
"TOI-1180 b","TOI-1180",214.5557741,82.1937642,"Transit",2024,72.02380000
"TOI-1181 b","TOI-1181",297.2158166,64.3543506,"Transit",2022,302.81900000
"TOI-1184 b","TOI-1184",272.2045196,60.6787845,"Transit",2024,58.59460000
"TOI-1194 b","TOI-1194",167.8214811,69.9647749,"Transit",2023,149.66700000
"TOI-1199 b","TOI-1199",166.8806581,61.3525723,"Transit",2024,248.42700000
"TOI-1201 b","TOI-1201",42.2476999,-14.5372835,"Transit",2021,37.88710000
"TOI-1203 b","TOI-1203",168.2267358,-34.4069371,"Radial Velocity",2025,64.99430000
"TOI-1203 c","TOI-1203",168.2267358,-34.4069371,"Radial Velocity",2025,64.99430000
"TOI-1203 e","TOI-1203",168.2267358,-34.4069371,"Radial Velocity",2025,64.99430000
"TOI-1203.01","TOI-1203",168.2267358,-34.4069371,"Transit",2021,64.99430000
"TOI-122 b","TOI-122",332.9482355,-58.9460850,"Transit",2020,62.11800000
"TOI-1221 b","TOI-1221",107.9210254,-65.5088568,"Transit",2023,138.41100000
"TOI-1224 b","TOI-1224",37.1978356,-80.8991053,"Transit",2024,37.33120000
"TOI-1224 c","TOI-1224",37.1978356,-80.8991053,"Transit",2024,37.33120000
"TOI-1226 b","TOI-1226",103.7548364,-69.8671293,"Transit",2026,257.93000000
"TOI-1227 b","TOI-1227",186.7673635,-72.4518501,"Transit",2022,100.64100000
"TOI-1230.01","TOI-1230",118.1295936,-83.8250629,"Transit",2021,143.13800000
"TOI-1231 b","TOI-1231",156.7472600,-52.4678724,"Transit",2021,27.62270000
"TOI-1232 b","TOI-1232",116.5013990,-61.8797935,"Transit",2026,328.60400000
"TOI-1232 c","TOI-1232",116.5013990,-61.8797935,"Transit Timing Variations",2026,328.60400000
"TOI-1233.01","HD 108236",186.5740627,-51.3630519,"Transit",2021,64.59780000
"TOI-1235 b","TOI-1235",152.2182549,69.2766204,"Transit",2020,39.63450000
"TOI-1238 b","TOI-1238",201.3823387,68.8360678,"Transit",2022,70.71450000
"TOI-1238 c","TOI-1238",201.3823387,68.8360678,"Transit",2022,70.71450000
"TOI-1243 b","TOI-1243",135.7326412,71.6364158,"Transit",2026,43.18650000
"TOI-1244 b","TOI-1244",256.2795590,69.5190930,"Transit",2024,102.55100000
"TOI-1246 b","TOI-1246",251.1158702,70.4299917,"Transit",2022,169.42200000
"TOI-1246 c","TOI-1246",251.1158702,70.4299917,"Transit",2022,169.42200000
"TOI-1246 d","TOI-1246",251.1158702,70.4299917,"Transit",2022,169.42200000
"TOI-1246 e","TOI-1246",251.1158702,70.4299917,"Transit",2022,169.42200000
"TOI-1248 b","TOI-1248",259.0235918,63.1056072,"Transit",2024,168.73500000
"TOI-1249 b","TOI-1249",200.5615762,66.3085331,"Transit",2024,139.49000000
"TOI-125 b","TOI-125",23.5934253,-66.6763495,"Transit",2019,111.05900000
"TOI-125 c","TOI-125",23.5934253,-66.6763495,"Transit",2019,111.05900000
"TOI-125 d","TOI-125",23.5934253,-66.6763495,"Transit",2020,111.05900000
"TOI-1259 A b","TOI-1259 A",282.1001665,79.2564761,"Transit",2021,118.10600000
"TOI-1260 b","TOI-1260",157.1440712,65.8541986,"Transit",2021,73.59770000
"TOI-1260 c","TOI-1260",157.1440712,65.8541986,"Transit",2021,73.59770000
"TOI-1260 d","TOI-1260",157.1440712,65.8541986,"Transit",2022,73.59770000
"TOI-1266 b","TOI-1266",197.9965833,65.8336973,"Transit",2020,36.01180000
"TOI-1266 c","TOI-1266",197.9965833,65.8336973,"Transit",2020,36.01180000
"TOI-1266 d","TOI-1266",197.9965833,65.8336973,"Transit Timing Variations",2025,36.01180000
"TOI-1268 b","TOI-1268",198.3885831,62.3053799,"Transit",2022,109.55700000
"TOI-1269 b","TOI-1269",249.6966397,64.5591810,"Transit",2024,172.13800000
"TOI-1269 c","TOI-1269",249.6966397,64.5591810,"Transit",2026,172.13800000
"TOI-1272 b","TOI-1272",199.1962036,49.8610591,"Transit",2022,137.57200000
"TOI-1273 b","TOI-1273",214.1208564,58.3902534,"Transit",2024,177.11800000
"TOI-1278 b","TOI-1278",320.4784442,35.6486250,"Transit",2021,75.57590000
"TOI-1279 b","TOI-1279",185.0628734,56.2014094,"Transit",2024,107.05500000
"TOI-128.01","TOI-128",79.5209381,-80.9643840,"Transit",2024,68.47270000
"TOI-1288 b","TOI-1288",313.1670294,65.6087833,"Transit",2022,114.86500000
"TOI-1288 c","TOI-1288",313.1670294,65.6087833,"Radial Velocity",2022,114.86500000
"TOI-1291 b","TOI-1291",245.8180089,62.9251213,"Transit",2026,428.12300000
"TOI-1294 b","TOI-1294",223.0926408,70.4765573,"Transit",2024,332.64800000
"TOI-1294 c","TOI-1294",223.0926408,70.4765573,"Radial Velocity",2024,332.64800000
"TOI-1295 b","TOI-1295",256.6722026,67.8715032,"Transit",2024,388.22700000
"TOI-1296 b","TOI-1296",256.7706392,70.2384806,"Transit",2021,323.26500000
"TOI-1298 b","TOI-1298",241.3229012,70.1900397,"Transit",2021,319.03600000
"TOI-1301.01","TOI-1301",275.8625432,71.5817479,"Transit",2024,90.86930000
"TOI-132 b","TOI-132",338.3996623,-43.4368720,"Transit",2020,163.67800000
"TOI-1333 b","TOI-1333",325.0145363,48.4067674,"Transit",2021,200.49200000
"TOI-1338 b","TOI-1338 A",92.1330955,-59.5409853,"Transit",2020,399.01700000
"TOI-1338 c","TOI-1338 A",92.1330955,-59.5409853,"Radial Velocity",2023,399.01700000
"TOI-1346 b","TOI-1346",256.6226752,68.8433031,"Transit",2025,115.45000000
"TOI-1346 c","TOI-1346",256.6226752,68.8433031,"Transit",2025,115.45000000
"TOI-1347 b","TOI-1347",280.3266806,70.2900536,"Transit",2024,147.47600000
"TOI-1347 c","TOI-1347",280.3266806,70.2900536,"Transit",2024,147.47600000
"TOI-1386 b","TOI-1386",334.5041029,54.3190454,"Transit",2024,146.85800000
"TOI-1386 c","TOI-1386",334.5041029,54.3190454,"Radial Velocity",2024,146.85800000
"TOI-139 b","TOI-139",336.4024144,-34.9097131,"Transit",2023,42.40610000
"TOI-1408 b","TOI-1408",313.5110469,72.5806455,"Transit",2023,139.48400000
"TOI-1408 c","TOI-1408",313.5110469,72.5806455,"Transit Timing Variations",2024,139.48400000
"TOI-1410 c","TOI-1410",334.8828486,42.5603141,"Radial Velocity",2024,72.75120000
"TOI-1410.01","TOI-1410",334.8828486,42.5603141,"Transit",2024,72.75120000
"TOI-1411 b","TOI-1411",232.9460470,47.0555507,"Transit",2022,32.47780000
"TOI-1416 b","TOI-1416",216.9234892,41.9529862,"Transit",2023,55.01350000
"TOI-1420 b","TOI-1420",322.9418092,66.3490054,"Transit",2023,201.91800000
"TOI-1422 b","TOI-1422",354.2408290,39.6392793,"Transit",2022,155.14100000
"TOI-1422 c","TOI-1422",354.2408290,39.6392793,"Radial Velocity",2025,155.14100000
"TOI-1431 b","TOI-1431",316.2036922,55.5880221,"Transit",2021,148.92500000
"TOI-1437 b","TOI-1437",256.1387513,56.8425490,"Transit",2024,103.29700000
"TOI-1438 b","TOI-1438",280.9237844,74.9378327,"Transit",2025,110.51300000
"TOI-1438 c","TOI-1438",280.9237844,74.9378327,"Transit",2025,110.51300000
"TOI-1439 b","TOI-1439",241.7639371,67.8776404,"Transit",2024,230.30600000
"TOI-1442 b","TOI-1442",287.2921006,74.1742762,"Transit",2022,41.16590000
"TOI-1443 b","TOI-1443",297.3986780,76.1391776,"Transit",2024,85.80340000
"TOI-1444 b","TOI-1444",305.4749252,70.9437054,"Transit",2021,125.46300000
"TOI-1448 b","TOI-1448",316.3240030,57.7710946,"Transit",2024,73.33450000
"TOI-1450 A b","TOI-1450 A",286.8540627,59.0866254,"Transit",2024,22.44670000
"TOI-1450 A c","TOI-1450 A",286.8540627,59.0866254,"Transit",2024,22.44670000
"TOI-1451 b","TOI-1451",186.5242821,61.2589289,"Transit",2024,91.93620000
"TOI-1452 b","TOI-1452",290.1739741,73.1951082,"Transit",2022,30.52120000
"TOI-1453 b","TOI-1453",258.2232705,57.1977779,"Transit",2025,78.74150000
"TOI-1453 c","TOI-1453",258.2232705,57.1977779,"Transit",2025,78.74150000
"TOI-1466 b","TOI-1466",307.3965319,61.5507253,"Transit",2026,86.57830000
"TOI-1467 b","TOI-1467",19.1146441,49.2331382,"Transit",2024,37.44180000
"TOI-1468 b","TOI-1468",16.6538724,19.2249195,"Transit",2022,24.73990000
"TOI-1468 c","TOI-1468",16.6538724,19.2249195,"Transit",2022,24.73990000
"TOI-1470 b","TOI-1470",10.0891431,61.2133868,"Transit",2023,51.95030000
"TOI-1470 c","TOI-1470",10.0891431,61.2133868,"Transit",2023,51.95030000
"TOI-1472 b","TOI-1472",14.1142611,48.6375168,"Transit",2024,121.84000000
"TOI-1472 c","TOI-1472",14.1142611,48.6375168,"Radial Velocity",2025,121.84000000
"TOI-1478 b","TOI-1478",126.4337428,-13.5595485,"Transit",2021,152.89200000
"TOI-150.01","TOI-150",112.9654210,-73.6060358,"Transit",2019,336.26700000
"TOI-1516 b","TOI-1516",340.0846204,69.5037313,"Transit",2022,247.05400000
"TOI-1518 b","TOI-1518",352.2675207,67.0348062,"Transit",2021,225.88800000
"TOI-1533 b","TOI-1533",355.2467209,57.4852417,"Transit",2026,100.05100000
"TOI-1533 c","TOI-1533",355.2467209,57.4852417,"Transit",2026,100.05100000
"TOI-157 b","TOI-157",73.7014398,-76.6806061,"Transit",2020,355.68300000
"TOI-159 b","TOI-159",51.7822676,-78.5498308,"Transit",2026,347.59300000
"TOI-1601 b","TOI-1601",38.3615690,41.0134321,"Transit",2021,336.60800000
"TOI-163 b","TOI-163",79.7682532,-71.8955269,"Transit",2019,411.71900000
"TOI-1630.01","TOI-1630",352.0166759,75.5526069,"Transit",2024,66.09290000
"TOI-1634 b","TOI-1634",56.3906096,37.1122803,"Transit",2021,35.27360000
"TOI-1634 c","TOI-1634",56.3906096,37.1122803,"Radial Velocity",2022,35.27360000
"TOI-1648 b","TOI-1648",45.4011794,69.2299235,"Transit",2025,69.83500000
"TOI-1659.01","TOI-1659",277.9251938,82.3059487,"Transit",2024,122.49400000
"TOI-1669 b","TOI-1669",45.9564744,83.5874273,"Radial Velocity",2023,111.27600000
"TOI-1669 c","TOI-1669",45.9564744,83.5874273,"Transit",2024,111.27600000
"TOI-1670 b","TOI-1670",259.0172522,72.1611806,"Transit",2022,168.06700000
"TOI-1670 c","TOI-1670",259.0172522,72.1611806,"Transit",2022,168.06700000
"TOI-1680 b","TOI-1680",292.3139790,65.9738018,"Transit",2023,37.22090000
"TOI-1683.01","TOI-1683",65.9796504,27.8223701,"Transit",2024,51.18840000
"TOI-1685 b","TOI-1685",68.5939529,43.0370395,"Transit",2021,37.61530000
"TOI-169 b","TOI-169",16.7786879,-75.1989452,"Transit",2020,407.84000000
"TOI-1691 b","TOI-1691",272.4041179,86.8603430,"Transit",2024,111.44500000
"TOI-1693 b","TOI-1693",90.3083455,34.7730904,"Transit",2022,30.79470000
"TOI-1694 b","TOI-1694",97.7487104,66.3605956,"Transit",2023,124.68000000
"TOI-1694 c","TOI-1694",97.7487104,66.3605956,"Radial Velocity",2023,124.68000000
"TOI-1695 b","TOI-1695",21.9217346,72.2966148,"Transit",2022,45.13090000
"TOI-1696 b","TOI-1696",65.2806480,48.8198312,"Transit",2022,64.91720000
"TOI-1710 b","TOI-1710",94.2838373,76.2110200,"Transit",2022,81.22710000
"TOI-1716.01","TOI-1716",105.0833291,56.8241941,"Transit",2024,104.15800000
"TOI-1718 b","TOI-1718",112.0180254,30.3217322,"Transit",2026,52.30440000
"TOI-172 b","TOI-172",316.6318791,-26.6928654,"Transit",2019,342.83100000
"TOI-1722 b","TOI-1722",114.3452126,61.1539249,"Transit",2026,136.41900000
"TOI-1723 b","TOI-1723",116.7971978,68.4766845,"Transit",2024,100.72700000
"TOI-1728 b","TOI-1728",120.6116787,64.7971531,"Transit",2020,60.79800000
"TOI-1732 b","TOI-1732",111.8014509,53.0452684,"Transit",2026,74.75990000
"TOI-1736 b","TOI-1736",43.4344615,69.1013450,"Transit",2023,88.94820000
"TOI-1736 c","TOI-1736",43.4344615,69.1013450,"Radial Velocity",2023,88.94820000
"TOI-1739 b","TOI-1739",240.1724810,83.2586589,"Transit",2024,70.98190000
"TOI-1742 b","TOI-1742",257.3288678,71.8766724,"Transit",2024,72.88710000
"TOI-1743 b","TOI-1743",257.7473322,71.8722039,"Transit",2025,41.27580000
"TOI-1744.01","TOI-1744",294.2910707,60.8813020,"Transit",2024,114.39000000
"TOI-1749 b","TOI-1749",282.7372281,64.4194660,"Transit",2021,99.55610000
"TOI-1749 c","TOI-1749",282.7372281,64.4194660,"Transit",2021,99.55610000
"TOI-1749 d","TOI-1749",282.7372281,64.4194660,"Transit",2021,99.55610000
"TOI-1750 b","TOI-1750",240.3019781,68.9373001,"Transit",2026,162.46000000
"TOI-1751 b","TOI-1751",243.4888534,63.5335297,"Transit",2024,113.33500000
"TOI-1752 b","TOI-1752",253.4614861,60.7096197,"Transit",2026,103.02100000
"TOI-1752 c","TOI-1752",253.4614861,60.7096197,"Transit",2026,103.02100000
"TOI-1753 b","TOI-1753",252.4698351,61.1735768,"Transit",2024,226.67100000
"TOI-1756 b","TOI-1756",306.3287741,77.6364119,"Transit",2026,86.71590000
"TOI-1758 b","TOI-1758",354.7415810,75.6852317,"Transit",2024,96.62150000
"TOI-1759 b","TOI-1759",326.8516615,62.7538164,"Transit",2022,40.06540000
"TOI-1768.01","TOI-1768",152.1027826,55.5399599,"Transit",2024,157.59700000
"TOI-1772.01","TOI-1772",156.8377040,34.3909497,"Transit",2024,97.75620000
"TOI-1774.01","TOI-1774",148.1619305,35.1110080,"Transit",2021,53.97400000
"TOI-1775 b","TOI-1775",150.1151015,39.4577506,"Transit",2024,149.23400000
"TOI-1776 b","TOI-1776",164.7772913,40.9837182,"Transit",2024,44.64700000
"TOI-1777.01","TOI-1777",151.8070320,46.1148814,"Transit",2024,79.76650000
"TOI-178 b","TOI-178",7.3020115,-30.4541159,"Transit",2021,62.69900000
"TOI-178 c","TOI-178",7.3020115,-30.4541159,"Transit",2021,62.69900000
"TOI-178 d","TOI-178",7.3020115,-30.4541159,"Transit",2021,62.69900000
"TOI-178 e","TOI-178",7.3020115,-30.4541159,"Transit",2021,62.69900000
"TOI-178 f","TOI-178",7.3020115,-30.4541159,"Transit",2021,62.69900000
"TOI-178 g","TOI-178",7.3020115,-30.4541159,"Transit",2021,62.69900000
"TOI-1782.01","TOI-1782",213.0787718,74.4117909,"Transit",2024,95.26490000
"TOI-1782.02","TOI-1782",213.0787718,74.4117909,"Transit",2024,95.26490000
"TOI-1789 b","TOI-1789",142.7434060,26.5399951,"Transit",2021,229.06700000
"TOI-1794 b","TOI-1794",203.3974857,49.0608433,"Transit",2024,155.79100000
"TOI-1798.01","TOI-1798",211.0939367,46.5192825,"Transit",2024,113.18100000
"TOI-1798.02","TOI-1798",211.0939367,46.5192825,"Transit",2024,113.18100000
"TOI-1799 b","TOI-1799",167.2329152,34.3030149,"Transit",2024,62.12740000
"TOI-1801 b","TOI-1801",175.5755995,23.0270335,"Transit",2023,30.67960000
"TOI-1803 b","TOI-1803",178.0461054,35.1718001,"Transit",2025,119.24000000
"TOI-1803 c","TOI-1803",178.0461054,35.1718001,"Transit",2025,119.24000000
"TOI-1806.01","TOI-1806",166.1181474,30.4585763,"Transit",2024,55.52110000
"TOI-1807 b","TOI-1807",201.2826259,38.9223671,"Transit",2021,42.57750000
"TOI-181 b","TOI-181",352.1725409,-34.4914099,"Transit",2023,96.23380000
"TOI-1811 b","TOI-1811",188.9223576,27.2143766,"Transit",2023,128.23000000
"TOI-1814 b","TOI-1814",236.8168817,77.2326429,"Transit",2026,362.52200000
"TOI-1820 b","TOI-1820",187.6867207,27.4520016,"Transit",2022,248.50400000
"TOI-1823 b","TOI-1823",196.2197201,63.7532610,"Transit",2024,71.64560000
"TOI-1824 b","TOI-1824",197.7312286,61.7448492,"Transit",2024,59.43140000
"TOI-1836 b","TOI-1836",245.9079242,54.6900774,"Transit",2024,191.64900000
"TOI-1836 c","TOI-1836",245.9079242,54.6900774,"Transit",2024,191.64900000
"TOI-1839 b","TOI-1839",196.8331106,5.8520458,"Transit",2026,116.08600000
"TOI-1839 c","TOI-1839",196.8331106,5.8520458,"Transit",2026,116.08600000
"TOI-1842 b","TOI-1842",201.9626552,9.0306437,"Transit",2021,223.46500000
"TOI-1846 b","TOI-1846",257.9549645,54.5278483,"Transit",2025,47.24960000
"TOI-1853 b","TOI-1853",211.4593468,16.9923703,"Transit",2023,165.10500000
"TOI-1855 b","TOI-1855",205.3539534,17.6868719,"Transit",2024,176.83300000
"TOI-1859 b","TOI-1859",279.8317644,69.5228726,"Transit",2023,224.38500000
"TOI-1860 b","TOI-1860",226.4567308,64.0476821,"Transit",2022,45.86400000
"TOI-1873 b","TOI-1873",212.5684755,84.3718582,"Transit",2026,182.01400000
"TOI-1883 b","TOI-1883",134.0892456,-12.9306438,"Transit",2024,115.36900000
"TOI-1898 b","TOI-1898",144.5553000,23.5467464,"Transit",2024,79.66820000
"TOI-1899 b","TOI-1899",299.4268472,40.1433462,"Transit",2020,128.43800000
"TOI-1937 A b","TOI-1937 A",116.3707214,-52.3832587,"Transit",2023,415.13500000
"TOI-198 b","TOI-198",2.2715087,-27.1217452,"Transit",2023,23.72620000
"TOI-199 b","TOI-199",80.1058735,-59.8954326,"Transit",2023,102.27000000
"TOI-199 c","TOI-199",80.1058735,-59.8954326,"Transit Timing Variations",2023,102.27000000
"TOI-1994 b","TOI-1994",147.1745753,-51.7565640,"Transit",2024,515.60300000
"TOI-2000 b","TOI-2000",146.3970631,-66.6866307,"Transit",2023,175.71300000
"TOI-2000 c","TOI-2000",146.3970631,-66.6866307,"Transit",2023,175.71300000
"TOI-2005 b","TOI-2005",164.0316540,-43.3766967,"Transit",2025,328.47500000
"TOI-201 b","TOI-201",87.4017825,-54.9104230,"Transit",2021,113.82500000
"TOI-201 c","TOI-201",87.4017825,-54.9104230,"Transit Timing Variations",2025,113.82500000
"TOI-201 d","TOI-201",87.4017825,-54.9104230,"Transit",2026,113.82500000
"TOI-2010 b","TOI-2010",292.1669417,53.4873694,"Transit",2023,109.19000000
"TOI-2015 b","TOI-2015",232.1326528,27.3610730,"Transit",2023,47.34440000
"TOI-2015 c","TOI-2015",232.1326528,27.3610730,"Transit Timing Variations",2025,47.34440000
"TOI-2018 b","TOI-2018",229.8374423,29.2078771,"Transit",2023,27.99560000
"TOI-2019 b","TOI-2019",234.4317651,48.9552060,"Transit",2024,198.00700000
"TOI-2025 b","TOI-2025",282.7952558,82.2454143,"Transit",2022,335.98500000
"TOI-2031 A b","TOI-2031 A",331.1178077,81.5659509,"Transit",2025,276.10500000
"TOI-2040 b","TOI-2040",352.2747299,71.5064737,"Transit",2026,144.71700000
"TOI-2046 b","TOI-2046",16.1849423,74.3313055,"Transit",2022,289.66800000
"TOI-2048 b","TOI-2048",237.9241066,52.3063083,"Transit",2022,116.56700000
"TOI-2049 b","TOI-2049",346.9098199,56.6945130,"Transit",2026,571.48700000
"TOI-205 b","TOI-205",7.9754636,-56.9650808,"Transit",2026,177.75900000
"TOI-206 b","TOI-206",73.7382202,-62.5218740,"Transit",2022,47.74650000
"TOI-2068 b","TOI-2068",186.2735600,60.4183455,"Transit",2024,52.93280000
"TOI-2071 b","TOI-2071",256.6011813,57.6610327,"Transit",2026,231.31100000
"TOI-2076 b","TOI-2076",217.3920159,39.7903991,"Transit",2021,41.90910000
"TOI-2076 c","TOI-2076",217.3920159,39.7903991,"Transit",2021,41.90910000
"TOI-2076 d","TOI-2076",217.3920159,39.7903991,"Transit",2021,41.90910000
"TOI-2076 e","TOI-2076",217.3920159,39.7903991,"Transit",2025,41.90910000
"TOI-2081 b","TOI-2081",264.3022634,53.0255666,"Transit",2022,62.34460000
"TOI-2084 b","TOI-2084",259.2545389,72.7470231,"Transit",2023,114.54900000
"TOI-2088 b","TOI-2088",261.3748943,75.8822796,"Transit",2024,126.46000000
"TOI-209 b","TOI-209",19.3941777,-66.9030660,"Transit",2026,113.38700000
"TOI-2092 b","TOI-2092",212.5474866,45.5638685,"Transit",2026,176.75900000
"TOI-2093 b","TOI-2093",302.7375229,70.8696532,"Radial Velocity",2025,82.79820000
"TOI-2093 c","TOI-2093",302.7375229,70.8696532,"Transit",2025,82.79820000
"TOI-2094 b","TOI-2094",254.1425333,70.0273157,"Transit",2026,50.02480000
"TOI-2095 b","TOI-2095",285.6365235,75.4185135,"Transit",2023,41.91760000
"TOI-2095 c","TOI-2095",285.6365235,75.4185135,"Transit",2023,41.91760000
"TOI-2096 b","TOI-2096",151.6186989,74.8272107,"Transit",2023,48.48090000
"TOI-2096 c","TOI-2096",151.6186989,74.8272107,"Transit",2023,48.48090000
"TOI-2104 b","TOI-2104",151.6122146,83.0878397,"Transit",2026,76.74180000
"TOI-2107 b","TOI-2107",286.7965405,-58.6968348,"Transit",2024,236.70500000
"TOI-2109 b","TOI-2109",253.1862971,16.5799153,"Transit",2021,262.04100000
"TOI-2120 b","TOI-2120",23.5073150,65.5139877,"Transit",2024,32.17550000
"TOI-2128 b","TOI-2128",256.9817998,32.1053027,"Transit",2024,36.57800000
"TOI-2133 b","TOI-2133",261.2438308,32.7983974,"Transit",2026,75.19730000
"TOI-2134 b","TOI-2134",271.9355015,39.0729269,"Transit",2023,22.62020000
"TOI-2134 c","TOI-2134",271.9355015,39.0729269,"Transit",2023,22.62020000
"TOI-2136 b","TOI-2136",281.1763433,36.5631318,"Transit",2022,33.36310000
"TOI-2141 b","TOI-2141",258.7623456,18.3403449,"Transit",2023,77.68200000
"TOI-2141 c","TOI-2141",258.7623456,18.3403449,"Radial Velocity",2025,77.68200000
"TOI-2141 d","TOI-2141",258.7623456,18.3403449,"Radial Velocity",2025,77.68200000
"TOI-2145 b","TOI-2145",263.7580753,40.6950428,"Transit",2023,224.73100000
"TOI-2147 b","TOI-2147",155.6415937,83.0837241,"Transit",2026,282.10800000
"TOI-2152 A b","TOI-2152",26.3389717,77.7901231,"Transit",2023,303.00600000
"TOI-2154 b","TOI-2154",71.0281482,84.3642652,"Transit",2023,296.46000000
"TOI-2158 b","TOI-2158",276.8100527,20.5268868,"Transit",2022,198.47300000
"TOI-216.01","TOI-216",73.9800129,-63.2603301,"Transit",2019,177.94500000
"TOI-216.02","TOI-216",73.9800129,-63.2603301,"Transit",2019,177.94500000
"TOI-2169 A b","TOI-2169 A",279.1701117,23.2586193,"Transit",2025,351.48700000
"TOI-2180 b","TOI-2180",277.9436300,56.6506789,"Transit",2022,116.68500000
"TOI-2184 b","TOI-2184",100.8331246,-66.9476563,"Transit",2022,788.31700000
"TOI-2193 A b","TOI-2193 A",313.6912320,-72.8046404,"Transit",2022,337.06400000
"TOI-2194 b","TOI-2194",299.1563393,-31.3351812,"Transit",2023,19.57110000
"TOI-2196 b","TOI-2196",312.3400744,-70.4850723,"Transit",2022,259.94700000
"TOI-220 b","TOI-220",91.7996988,-61.9972098,"Transit",2021,90.74020000
"TOI-2200 b","TOI-2200",98.7835071,-72.4567778,"Transit",2026,251.24500000
"TOI-2202 b","TOI-2202",51.2284214,-73.9575458,"Transit",2021,235.93300000
"TOI-2202 c","TOI-2202",51.2284214,-73.9575458,"Transit Timing Variations",2021,235.93300000
"TOI-2207 b","TOI-2207",307.5966925,-44.8876181,"Transit",2022,373.34500000
"TOI-2211.01","TOI-2211",308.5390859,-29.6726127,"Transit",2024,70.29320000
"TOI-2227 b","TOI-2227",337.5177563,-67.8501459,"Transit",2026,165.44100000
"TOI-2236 b","TOI-2236",20.1660113,-86.9799650,"Transit",2022,355.59000000
"TOI-2257 b","TOI-2257",194.7396141,77.6617157,"Transit",2021,57.79110000
"TOI-2260 b","TOI-2260",247.6669998,49.0467891,"Transit",2022,101.25100000
"TOI-2266 b","TOI-2266",245.2800398,31.5770413,"Transit",2024,51.60040000
"TOI-2267 b","TOI-2267 A",65.0614963,84.9008238,"Transit",2025,22.55000000
"TOI-2267 c","TOI-2267 A",65.0614963,84.9008238,"Transit",2025,22.55000000
"TOI-2267 d","TOI-2267 B",65.0615000,84.9008250,"Transit",2025,22.55000000
"TOI-2274 b","TOI-2274",277.4593110,40.5414117,"Transit",2024,48.87600000
"TOI-2285 b","TOI-2285",332.5632644,58.7060934,"Transit",2021,42.40900000
"TOI-2295 b","TOI-2295",281.5761962,50.4924657,"Transit",2024,126.27900000
"TOI-2295 c","TOI-2295",281.5761962,50.4924657,"Radial Velocity",2024,126.27900000
"TOI-2322 b","TOI-2322",116.9731027,-71.0019671,"Transit",2025,59.86100000
"TOI-2322 c","TOI-2322",116.9731027,-71.0019671,"Transit",2025,59.86100000
"TOI-2328 b","TOI-2328",31.6907424,-81.2473760,"Transit",2025,231.78200000
"TOI-2337 b","TOI-2337",290.6198948,60.8539035,"Transit",2022,536.04600000
"TOI-2338 b","TOI-2338",81.3445824,-34.6682491,"Transit",2023,313.99600000
"TOI-2345 b","TOI-2345",43.8847940,-34.9779745,"Transit",2025,81.65410000
"TOI-2345 c","TOI-2345",43.8847940,-34.9779745,"Transit",2025,81.65410000
"TOI-2346 b","TOI-2346",88.0929073,-13.3724686,"Transit",2025,437.48400000
"TOI-2364 b","TOI-2364",89.1300265,-5.0120298,"Transit",2023,219.61400000
"TOI-2368 b","TOI-2368",134.9576234,-48.4884929,"Transit",2024,210.91500000
"TOI-237 b","TOI-237",353.2435381,-29.4164870,"Transit",2020,38.07490000
"TOI-237 c","TOI-237",353.2435381,-29.4164870,"Transit",2026,38.07490000
"TOI-2373 b","TOI-2373",61.6862197,-16.7557546,"Transit",2023,508.68600000
"TOI-2374 b","TOI-2374",319.4982407,-22.0498228,"Transit",2024,134.65500000
"TOI-2379 b","TOI-2379",358.0920465,-53.0431560,"Transit",2024,211.24700000
"TOI-238 b","TOI-238",349.2310814,-18.6066463,"Transit",2024,80.54070000
"TOI-238 c","TOI-238",349.2310814,-18.6066463,"Radial Velocity",2024,80.54070000
"TOI-2382 b","TOI-2382",356.3751852,-16.1141240,"Transit",2025,434.92000000
"TOI-2384 b","TOI-2384",36.1561463,-65.0001957,"Transit",2024,191.51000000
"TOI-2406 b","TOI-2406",8.8060544,-3.3720833,"Transit",2021,55.41900000
"TOI-2407 b","TOI-2407",49.7465450,-46.4580250,"Transit",2025,92.43660000
"TOI-2411 b","TOI-2411",20.9224567,-8.7017944,"Transit",2022,59.53620000
"TOI-2416 b","TOI-2416",57.3389409,-60.7871861,"Transit",2023,557.73300000
"TOI-2420 b","TOI-2420",14.8268138,-19.7711643,"Transit",2024,435.17400000
"TOI-2421 b","TOI-2421",33.1540208,-35.3909182,"Transit",2022,327.92700000
"TOI-2427 b","TOI-2427",52.2917315,-31.3628665,"Transit",2022,28.51470000
"TOI-2431 b","TOI-2431",37.7652989,8.3816255,"Transit",2026,36.05590000
"TOI-244 b","TOI-244",10.5697537,-36.7179743,"Transit",2023,22.03370000
"TOI-2443 b","TOI-2443",40.1798608,1.1996757,"Transit",2023,23.92580000
"TOI-2445 b","TOI-2445",43.3161555,0.0523366,"Transit",2022,48.58200000
"TOI-2447 b","TOI-2447",70.9975864,-31.9066369,"Transit",2024,148.98700000
"TOI-2449 b","TOI-2449",67.9843710,-34.4555327,"Transit",2025,156.78600000
"TOI-2453 b","TOI-2453",74.8374845,12.9363528,"Transit",2026,81.90430000
"TOI-2458 b","TOI-2458",79.6215290,1.2534390,"Transit",2024,112.95800000
"TOI-2458 c","TOI-2458",79.6215290,1.2534390,"Radial Velocity",2024,112.95800000
"TOI-2459 b","TOI-2459",82.1433321,-39.3730456,"Transit",2023,36.61130000
"TOI-2485 b","TOI-2485",205.2043217,22.9839692,"Transit",2024,397.95300000
"TOI-2497 b","TOI-2497",90.0625878,11.8840577,"Transit",2023,285.28900000
"TOI-2498 b","TOI-2498",95.4162204,11.2516477,"Transit",2023,275.26500000
"TOI-251 b","TOI-251",353.0620655,-37.2558629,"Transit",2021,99.52300000
"TOI-2518 b","TOI-2518",105.4448495,-34.9196867,"Transit",2026,160.82500000
"TOI-2524 b","TOI-2524",160.8868435,-1.9126984,"Transit",2023,438.84200000
"TOI-2525 b","TOI-2525",86.8509737,-60.5213081,"Transit",2023,395.39800000
"TOI-2525 c","TOI-2525",86.8509737,-60.5213081,"Transit",2023,395.39800000
"TOI-2529 b","TOI-2529",118.9945352,-52.3548332,"Transit",2024,296.27100000
"TOI-2537 b","TOI-2537",54.3882661,10.0577464,"Transit",2024,184.98600000
"TOI-2537 c","TOI-2537",54.3882661,10.0577464,"Radial Velocity",2024,184.98600000
"TOI-2545 b","TOI-2545",135.5458029,-3.4208194,"Transit",2022,107.11800000
"TOI-2567 b","TOI-2567",288.4656683,66.3479375,"Transit",2022,504.77500000
"TOI-257 b","TOI-257",47.5172608,-50.8322632,"Transit",2021,76.90280000
"TOI-2570 b","TOI-2570",87.1880397,32.0840435,"Transit",2022,361.85700000
"TOI-2578 b","TOI-2578",68.0521023,52.2526547,"Transit",2026,285.53000000
"TOI-2580 b","TOI-2580",62.1992072,67.1165264,"Transit",2024,379.25300000
"TOI-2583 A b","TOI-2583 A",272.2670293,45.3368996,"Transit",2023,566.18900000
"TOI-2587 A b","TOI-2587 A",115.9317105,-1.0733330,"Transit",2023,373.67500000
"TOI-2589 b","TOI-2589",107.4881501,-37.2309480,"Transit",2023,200.27300000
"TOI-260 b","TOI-260",4.7730178,-9.9661505,"Transit",2024,20.18520000
"TOI-261.01","TOI-261",15.2181412,-24.4239934,"Transit",2021,114.49500000
"TOI-261.02","TOI-261",15.2181412,-24.4239934,"Transit",2021,114.49500000
"TOI-262 b","TOI-262",32.5346870,-31.0706272,"Transit",2023,43.93200000
"TOI-2641 b","TOI-2641",171.1303716,-42.7321394,"Transit",2023,344.04500000
"TOI-2654 b","TOI-2654",52.9815377,-47.9946912,"Transit",2026,248.96400000
"TOI-2669 b","TOI-2669",134.7226445,-13.3125792,"Transit",2022,393.44300000
"TOI-269 b","TOI-269",75.8462827,-54.1777213,"Transit",2021,57.02250000
"TOI-270 b","TOI-270",68.4160804,-51.9573937,"Transit",2019,22.47930000
"TOI-270 c","TOI-270",68.4160804,-51.9573937,"Transit",2019,22.47930000
"TOI-270 d","TOI-270",68.4160804,-51.9573937,"Transit",2019,22.47930000
"TOI-2714 b","TOI-2714",61.4012482,-14.9267458,"Transit",2024,597.87300000
"TOI-2719 b","TOI-2719",71.5549449,-0.8048725,"Transit",2025,588.36800000
"TOI-2768 b","TOI-2768",99.3641336,-15.4812031,"Transit",2024,78.45250000
"TOI-277 b","TOI-277",19.0766985,-20.9532772,"Transit",2022,64.66920000
"TOI-2796 b","TOI-2796",84.1527191,0.8962788,"Transit",2023,350.34300000
"TOI-2803 A b","TOI-2803 A",93.1147397,-23.4924956,"Transit",2023,494.81800000
"TOI-2818 b","TOI-2818",119.0598183,-35.1167104,"Transit",2023,312.67400000
"TOI-283 b","TOI-283",118.5693065,-65.4414820,"Transit",2025,82.70130000
"TOI-2842 b","TOI-2842",108.0442066,-10.6393400,"Transit",2023,460.99500000
"TOI-286 b","TOI-286",90.9842762,-60.6663348,"Transit",2024,59.22930000
"TOI-286 c","TOI-286",90.9842762,-60.6663348,"Transit",2024,59.22930000
"TOI-2876 b","TOI-2876",110.2473528,-21.1146384,"Transit",2025,225.74400000
"TOI-2886 b","TOI-2886",110.0076569,-10.5698414,"Transit",2025,413.67300000
"TOI-2969 b","TOI-2969",150.0626247,-47.4452436,"Transit",2025,163.99600000
"TOI-2977 b","TOI-2977",143.9265177,-60.3574758,"Transit",2023,
"TOI-2981 b","TOI-2981",163.4873940,-25.5245988,"Transit",2024,527.78900000
"TOI-2986 b","TOI-2986",163.7715605,-6.4784524,"Transit",2025,563.14900000
"TOI-2989 b","TOI-2989",171.2316754,-27.0623619,"Transit",2025,195.79500000
"TOI-2992 b","TOI-2992",164.3165643,-32.3224375,"Transit",2025,542.02600000
"TOI-3023 b","TOI-3023",165.3158231,-72.3567044,"Transit",2023,389.91600000
"TOI-3071 b","TOI-3071",173.2790517,-56.5033871,"Transit",2024,485.21900000
"TOI-3082 b","TOI-3082",195.9080719,-19.2189845,"Transit",2023,113.04800000
"TOI-3135 b","TOI-3135",207.8592276,-69.7725635,"Transit",2025,221.67300000
"TOI-3160 A b","TOI-3160 A",224.5658555,-27.6825503,"Transit",2025,567.67800000
"TOI-3235 b","TOI-3235",207.4738488,-46.0665139,"Transit",2023,72.81100000
"TOI-3261 b","TOI-3261",47.7285242,-73.5319720,"Transit",2024,300.14100000
"TOI-3288 b","TOI-3288",297.1103158,-43.0180008,"Transit",2025,200.50000000
"TOI-329 b","TOI-329",351.3210955,-15.6346313,"Transit",2024,284.38800000
"TOI-332 b","TOI-332",348.0589516,-44.8764852,"Transit",2023,222.85200000
"TOI-3321 b","TOI-3321",265.7603351,-65.0082516,"Transit",2024,285.89500000
"TOI-333 b","TOI-333",353.3574989,-41.1715206,"Transit",2025,352.26900000
"TOI-3331 A b","TOI-3331 A",271.3241672,-34.1071710,"Transit",2022,217.19300000
"TOI-3353.01","TOI-3353",106.5298146,-75.8195594,"Transit",2024,78.75770000
"TOI-3362 b","TOI-3362",155.9841428,-56.8431169,"Transit",2021,366.98700000
"TOI-3364 b","TOI-3364",144.5377709,-49.3352226,"Transit",2023,277.89900000
"TOI-3457 b","TOI-3457",183.2082686,-79.7572043,"Transit",2026,370.66600000
"TOI-3464 b","TOI-3464",234.4830357,-44.7899772,"Transit",2025,597.77400000
"TOI-3474 b","TOI-3474",233.5033482,-47.9636597,"Transit",2025,420.12300000
"TOI-3486 b","TOI-3486",249.4432035,-59.3051077,"Transit",2025,154.71500000
"TOI-3493 b","TOI-3493",205.7990331,-22.5854441,"Transit",2025,96.72240000
"TOI-3523 A b","TOI-3523 A",304.2834581,42.9065338,"Transit",2025,645.29400000
"TOI-3540 A b","TOI-3540 A",328.9113712,28.1794996,"Transit",2022,
"TOI-3568 b","TOI-3568",322.6023682,34.7395805,"Transit",2024,197.90600000
"TOI-3593 b","TOI-3593",331.5063640,34.2116583,"Transit",2025,226.63000000
"TOI-3629 b","TOI-3629",359.7933851,39.3142556,"Transit",2022,130.09100000
"TOI-3664 b","TOI-3664",35.3084940,59.7118568,"Transit",2026,464.74800000
"TOI-3682 b","TOI-3682",50.2752271,25.2972658,"Transit",2025,404.21100000
"TOI-3688 A b","TOI-3688 A",39.2823371,54.8512152,"Transit",2023,396.37800000
"TOI-3693 b","TOI-3693",15.6543938,51.3038918,"Transit",2022,176.43600000
"TOI-3714 b","TOI-3714",69.5523415,39.4580035,"Transit",2022,112.71000000
"TOI-375 b","TOI-375",47.1499034,-77.3833275,"Transit",2026,396.21300000
"TOI-375 c","TOI-375",47.1499034,-77.3833275,"Radial Velocity",2026,396.21300000
"TOI-375 d","TOI-375",47.1499034,-77.3833275,"Radial Velocity",2026,396.21300000
"TOI-3757 b","TOI-3757",91.0036423,55.0199793,"Transit",2022,181.13900000
"TOI-3785 b","TOI-3785",130.9002258,63.0780768,"Transit",2023,79.76340000
"TOI-3807 b","TOI-3807",139.1125648,69.0741284,"Transit",2023,421.74500000
"TOI-3819 b","TOI-3819",121.8632568,29.3886446,"Transit",2023,558.14100000
"TOI-3837 b","TOI-3837",152.6662832,24.2731213,"Transit",2025,311.70500000
"TOI-3856 b","TOI-3856",145.2229223,27.9501580,"Transit",2025,314.44300000
"TOI-3862 b","TOI-3862",185.9005633,50.5446246,"Transit",2026,249.02000000
"TOI-3877 b","TOI-3877",170.4544727,33.9913822,"Transit",2025,493.77000000
"TOI-3884 b","TOI-3884",181.5718341,12.5070258,"Transit",2022,43.14480000
"TOI-3894 b","TOI-3894",201.3748265,52.7681036,"Transit",2024,417.36500000
"TOI-3896 b","TOI-3896",187.9302395,63.9085462,"Transit",2026,181.65300000
"TOI-3912 b","TOI-3912",215.8014956,24.0765639,"Transit",2023,465.99200000
"TOI-3919 b","TOI-3919",208.9447534,40.3918061,"Transit",2024,604.59100000
"TOI-3976 A b","TOI-3976 A",224.3560083,44.2743223,"Transit",2023,516.08700000
"TOI-3980 b","TOI-3980",12.8419374,59.5758606,"Transit",2025,486.72100000
"TOI-3984 A b","TOI-3984 A",226.3371468,36.7869747,"Transit",2023,108.88300000
"TOI-4010 b","TOI-4010",20.2148196,66.0722009,"Transit",2023,177.50400000
"TOI-4010 c","TOI-4010",20.2148196,66.0722009,"Transit",2023,177.50400000
"TOI-4010 d","TOI-4010",20.2148196,66.0722009,"Transit",2023,177.50400000
"TOI-4010 e","TOI-4010",20.2148196,66.0722009,"Radial Velocity",2023,177.50400000
"TOI-4029 b","TOI-4029",239.2337189,16.9802854,"Transit",2026,274.43600000
"TOI-4030 b","TOI-4030",277.6228367,56.7704522,"Transit",2026,571.61500000
"TOI-4034 b","TOI-4034",335.1469845,71.7673462,"Transit",2026,745.14500000
"TOI-406 c","TOI-406",49.2626428,-42.2441492,"Transit",2024,31.05970000
"TOI-406.01","TOI-406",49.2626428,-42.2441492,"Transit",2024,31.05970000
"TOI-4087 b","TOI-4087",217.9257785,83.3727061,"Transit",2023,301.67600000
"TOI-411 b","HD 22946",54.8195380,-42.7630276,"Transit",2022,62.77920000
"TOI-411 c","HD 22946",54.8195380,-42.7630276,"Transit",2022,62.77920000
"TOI-4127 b","TOI-4127",105.4045516,72.4149297,"Transit",2023,319.63200000
"TOI-4137 b","TOI-4137",77.6128790,70.3910790,"Transit",2022,334.99300000
"TOI-4145 A b","TOI-4145 A",39.4297435,80.2673838,"Transit",2023,205.38700000
"TOI-4153 b","TOI-4153",335.3934698,82.2160792,"Transit",2024,423.84000000
"TOI-4155 b","TOI-4155",325.6362269,77.7343836,"Transit",2025,240.73700000
"TOI-4156 b","TOI-4156",230.7808336,76.3318816,"Transit",2026,213.71900000
"TOI-4156 c","TOI-4156",230.7808336,76.3318816,"Transit",2026,213.71900000
"TOI-4184 b","TOI-4184",43.8284749,-79.4147039,"Transit",2023,69.36490000
"TOI-4201 b","TOI-4201",90.4747237,-13.4613710,"Transit",2023,189.01100000
"TOI-421 b","TOI-421",81.8532824,-14.2767404,"Transit",2020,74.79690000
"TOI-421 c","TOI-421",81.8532824,-14.2767404,"Transit",2020,74.79690000
"TOI-4214 b","TOI-4214",110.2495104,-13.9262649,"Transit",2025,346.88100000
"TOI-4308 b","TOI-4308",327.7530693,-43.5623642,"Transit",2023,108.93200000
"TOI-431 b","TOI-431",83.2692502,-26.7238698,"Transit",2021,32.56860000
"TOI-431 c","TOI-431",83.2692502,-26.7238698,"Radial Velocity",2021,32.56860000
"TOI-431 d","TOI-431",83.2692502,-26.7238698,"Transit",2021,32.56860000
"TOI-4311 b","TOI-4311",41.6855224,-31.1793201,"Transit",2026,134.98800000
"TOI-4311 c","TOI-4311",41.6855224,-31.1793201,"Transit",2026,134.98800000
"TOI-4329 b","TOI-4329",329.5639152,71.1316048,"Transit",2022,717.12800000
"TOI-4336 A b","TOI-4336 A",206.1070129,-40.3373505,"Transit",2024,22.54550000
"TOI-4336 A c","TOI-4336 A",206.1070129,-40.3373505,"Transit",2026,22.54550000
"TOI-4342 b","TOI-4342",324.3894196,-77.9791468,"Transit",2023,61.52040000
"TOI-4342 c","TOI-4342",324.3894196,-77.9791468,"Transit",2023,61.52040000
"TOI-4363 b","TOI-4363",37.1105554,-12.5493631,"Transit",2026,77.77510000
"TOI-4364 b","TOI-4364",80.0669270,-4.2392481,"Transit",2025,43.96620000
"TOI-4377 b","TOI-4377",164.9324709,-82.2213501,"Transit",2023,455.82000000
"TOI-4379 b","TOI-4379",252.0478813,-32.4337532,"Transit",2024,645.15800000
"TOI-4405 b","TOI-4405",101.5953368,-75.4441271,"Transit",2026,155.50100000
"TOI-4406 b","TOI-4406",18.0485164,-56.9253875,"Transit",2023,261.83400000
"TOI-4427 b","TOI-4427",135.0492615,72.1477473,"Transit",2026,198.25100000
"TOI-4438 b","TOI-4438",270.3172389,35.5948992,"Transit",2024,30.03460000
"TOI-444 b","TOI-444",64.1839982,-26.7664071,"Transit",2023,57.39730000
"TOI-4443.01","TOI-4443",274.2686643,21.9095459,"Transit",2024,56.07390000
"TOI-4458 b","TOI-4458",252.1259976,74.7637501,"Transit",2026,505.43200000
"TOI-4463 A b","TOI-4463 A",279.3581286,18.7299522,"Transit",2023,173.11700000
"TOI-4465 b","TOI-4465",276.1340312,15.8418856,"Transit",2025,121.13900000
"TOI-4479 b","TOI-4479",316.0969388,24.6536739,"Transit",2022,80.65320000
"TOI-4487 A b","TOI-4487 A",306.4220814,45.9710306,"Transit",2025,479.14500000
"TOI-4495 b","TOI-4495",286.3624951,37.0259902,"Transit",2026,132.21400000
"TOI-4495 c","TOI-4495",286.3624951,37.0259902,"Transit",2024,132.21400000
"TOI-4504 b","TOI-4504",114.4673065,-62.0782776,"Transit",2024,342.60500000
"TOI-4504 c","TOI-4504",114.4673065,-62.0782776,"Transit",2024,342.60500000
"TOI-4504 d","TOI-4504",114.4673065,-62.0782776,"Transit Timing Variations",2024,342.60500000
"TOI-4507 b","TOI-4507",80.4513677,-69.9882175,"Transit",2025,178.26000000
"TOI-451 b","TOI-451",62.9663850,-37.9397300,"Transit",2020,123.73900000
"TOI-451 c","TOI-451",62.9663850,-37.9397300,"Transit",2020,123.73900000
"TOI-451 d","TOI-451",62.9663850,-37.9397300,"Transit",2020,123.73900000
"TOI-4511 b","TOI-4511",49.3052786,15.5017268,"Transit",2026,121.83200000
"TOI-4513 b","TOI-4513",18.0905179,13.7550796,"Transit",2026,102.60900000
"TOI-4515 b","TOI-4515",21.1861778,21.5130638,"Transit",2024,193.49900000
"TOI-4527.01","TOI-4527",19.4722574,5.4711996,"Transit",2024,18.10370000
"TOI-4529 b","TOI-4529",16.9688462,12.8809549,"Transit",2026,28.38400000
"TOI-4551 b","TOI-4551",184.9787579,-25.8278531,"Transit",2023,215.98600000
"TOI-4552 b","TOI-4552",264.7142556,-47.6370457,"Transit",2026,27.26840000
"TOI-4559 b","TOI-4559",211.0135378,-30.0141252,"Transit",2024,31.63540000
"TOI-4561 b","TOI-4561",60.9618951,-76.0214574,"Transit",2026,179.00800000
"TOI-4562 b","TOI-4562",112.0100593,-63.5177788,"Transit",2023,339.60500000
"TOI-4562 c","TOI-4562",112.0100593,-63.5177788,"Transit Timing Variations",2024,339.60500000
"TOI-4578 b","TOI-4578",184.2109675,75.1402358,"Transit",2026,182.24900000
"TOI-4582 b","TOI-4582",256.8601374,68.8656263,"Transit",2023,383.84600000
"TOI-4588 b","TOI-4588",282.0004201,48.5422560,"Transit",2026,225.18100000
"TOI-4600 b","TOI-4600",258.4503674,64.5661727,"Transit",2023,216.05600000
"TOI-4600 c","TOI-4600",258.4503674,64.5661727,"Transit",2023,216.05600000
"TOI-4602.01","TOI-4602",60.6003316,31.3298354,"Transit",2024,63.06370000
"TOI-4603 b","TOI-4603",83.8659288,21.2942417,"Transit",2023,225.64300000
"TOI-4633 c","TOI-4633",256.8431021,62.4755480,"Transit",2024,95.20160000
"TOI-4638.01","TOI-4638",12.8206627,12.7879858,"Transit",2024,168.24800000
"TOI-4640 b","TOI-4640",38.2053190,10.0724659,"Transit",2026,245.08900000
"TOI-4641 b","TOI-4641",42.5582023,25.3335334,"Transit",2023,86.35010000
"TOI-4662 b","TOI-4662",57.5160311,-31.0940247,"Transit",2026,111.04700000
"TOI-4666 b","TOI-4666",56.2898862,-39.0631799,"Transit",2025,154.74900000
"TOI-469.01","TOI-469",93.0578446,-14.6493167,"Transit",2021,68.19200000
"TOI-470 b","TOI-470",94.0099043,-25.0314111,"Transit",2023,130.46000000
"TOI-4734 b","TOI-4734",90.3581219,12.5478825,"Transit",2025,563.06800000
"TOI-4747 b","TOI-4747",86.4276650,-45.0292291,"Transit",2026,304.61500000
"TOI-4773 b","TOI-4773",114.9426489,-21.4856184,"Transit",2025,492.88800000
"TOI-4791 b","TOI-4791",109.3883818,-19.8289392,"Transit",2023,328.80200000
"TOI-4794 b","TOI-4794",110.4835517,-12.5654781,"Transit",2025,543.00800000
"TOI-480 b","TOI-480",88.3784618,-16.2653974,"Transit",2024,54.53060000
"TOI-481 b","TOI-481",110.5126861,-57.3849980,"Transit",2020,179.36600000
"TOI-4860 b","TOI-4860",183.5639610,-13.1748411,"Transit",2023,80.14230000
"TOI-4898 b","TOI-4898",197.3416711,-32.8294537,"Transit",2026,98.59580000
"TOI-4914 b","TOI-4914",204.5426717,-28.1429206,"Transit",2024,299.89000000
"TOI-4930 b","TOI-4930",208.6418883,-45.1544786,"Transit",2026,413.75700000
"TOI-4940 b","TOI-4940",58.2511684,-62.4079681,"Transit",2025,345.65900000
"TOI-4961 b","TOI-4961",192.5018624,-59.8919345,"Transit",2025,213.07300000
"TOI-4994 b","TOI-4994",283.1325335,-78.4344302,"Transit",2024,329.30400000
"TOI-500 b","TOI-500",106.5590980,-47.5878156,"Transit",2022,47.39240000
"TOI-500 c","TOI-500",106.5590980,-47.5878156,"Radial Velocity",2022,47.39240000
"TOI-500 d","TOI-500",106.5590980,-47.5878156,"Radial Velocity",2022,47.39240000
"TOI-500 e","TOI-500",106.5590980,-47.5878156,"Radial Velocity",2022,47.39240000
"TOI-5005 b","TOI-5005",238.1081940,-48.1451000,"Transit",2024,207.89100000
"TOI-5007 b","TOI-5007",236.0638704,-61.0413649,"Transit",2026,203.35200000
"TOI-5027 b","TOI-5027",243.8850212,-69.2170972,"Transit",2025,204.42900000
"TOI-5076 b","TOI-5076",50.5104166,17.2392094,"Transit",2024,82.85700000
"TOI-5082.01","TOI-5082",106.5695780,22.6831477,"Transit",2024,43.14060000
"TOI-5108 b","TOI-5108",166.2695041,11.2464069,"Transit",2025,130.91900000
"TOI-5110 b","TOI-5110",94.4042694,31.6103309,"Transit",2024,392.25900000
"TOI-512 b","TOI-512",96.6467023,-38.6072095,"Transit",2025,67.39750000
"TOI-5126 b","TOI-5126",151.6597827,18.6340631,"Transit",2023,160.41400000
"TOI-5126 c","TOI-5126",151.6597827,18.6340631,"Transit",2023,160.41400000
"TOI-5143 c","TOI-5143",165.3651202,5.1394812,"Transit",2025,181.38000000
"TOI-5153 b","TOI-5153",91.5403204,-19.9534443,"Transit",2022,390.48400000
"TOI-5159 b","TOI-5159",142.7859562,20.0193431,"Transit",2026,55.17880000
"TOI-5160 b","TOI-5160",114.6393985,31.3944536,"Transit",2026,151.46500000
"TOI-5174 b","TOI-5174",174.1094967,-2.0233506,"Transit",2022,197.24300000
"TOI-5181 A b","TOI-5181 A",280.6774738,21.6998203,"Transit",2025,480.15500000
"TOI-519 b","TOI-519",124.6067582,-19.6627918,"Transit",2021,115.55700000
"TOI-5205 b","TOI-5205",313.7706819,24.3609770,"Transit",2023,86.44930000
"TOI-521 b","TOI-521",123.3442567,12.2221079,"Transit",2025,60.94250000
"TOI-5210 b","TOI-5210",314.3169230,21.9502055,"Transit",2025,302.08600000
"TOI-5218 b","TOI-5218",292.6634642,71.7629612,"Transit",2024,377.48300000
"TOI-5232 b","TOI-5232",294.3374248,35.2764934,"Transit",2024,609.38800000
"TOI-5238 b","TOI-5238",223.3588909,68.8594720,"Transit",2022,290.64600000
"TOI-5261 b","TOI-5261",305.4585453,19.4358468,"Transit",2025,377.05400000
"TOI-5292 A b","TOI-5292 A",344.2223631,-8.1197473,"Transit",2026,337.09500000
"TOI-5293 A b","TOI-5293 A",355.8286820,-2.0450945,"Transit",2023,162.22900000
"TOI-530 b","TOI-530",103.4128333,12.8815784,"Transit",2021,148.76200000
"TOI-5300 b","TOI-5300",356.4811370,0.4587978,"Transit",2025,162.51000000
"TOI-5301 b","TOI-5301",12.9908008,13.0783712,"Transit",2024,629.16100000
"TOI-5319 b","TOI-5319",35.2135563,23.5204408,"Transit",2024,61.17100000
"TOI-532 b","TOI-532",85.0800537,11.5626373,"Transit",2021,135.04700000
"TOI-5322 b","TOI-5322",6.5293373,14.3364283,"Transit",2025,476.89900000
"TOI-5335 b","TOI-5335",46.9523734,15.3590831,"Transit",2026,331.28900000
"TOI-5340 b","TOI-5340",59.3094816,22.3783373,"Transit",2025,532.62900000
"TOI-5344 b","TOI-5344",63.2662165,20.9151568,"Transit",2023,138.36700000
"TOI-5349 b","TOI-5349",52.7125703,20.8796279,"Transit",2026,188.33600000
"TOI-5350 b","TOI-5350",74.4023015,21.6019759,"Transit",2025,277.41900000
"TOI-5380 b","TOI-5380",112.7611492,73.1287844,"Transit",2026,286.78100000
"TOI-5386 A b","TOI-5386 A",226.1069193,60.5362318,"Transit",2025,394.48600000
"TOI-5388.01","TOI-5388",152.1765169,35.5475571,"Transit",2024,18.52260000
"TOI-5398 b","TOI-5398",161.8795569,36.3294345,"Transit",2022,130.85500000
"TOI-5398 c","TOI-5398",161.8795569,36.3294345,"Transit",2023,130.85500000
"TOI-540 b","TOI-540",76.3096949,-47.9375391,"Transit",2020,14.00220000
"TOI-5422 b","TOI-5422",86.8436173,25.6260342,"Transit",2026,346.14100000
"TOI-544 b","TOI-544",82.2900716,-0.3428983,"Transit",2022,41.11660000
"TOI-544 c","TOI-544",82.2900716,-0.3428983,"Radial Velocity",2023,41.11660000
"TOI-5486 b","TOI-5486",190.5495041,3.7886012,"Transit",2026,89.68110000
"TOI-5489 b","TOI-5489",128.6912940,11.4895882,"Transit",2025,45.09070000
"TOI-5489 c","TOI-5489",128.6912940,11.4895882,"Transit",2025,45.09070000
"TOI-5502 b","TOI-5502",135.2040560,27.9983339,"Transit",2026,248.65400000
"TOI-5515 b","TOI-5515",139.6163639,16.9899558,"Transit",2026,135.45900000
"TOI-5532 b","TOI-5532",41.3804035,5.1507331,"Transit",2026,90.99850000
"TOI-5542 b","TOI-5542",302.7984228,-61.1354659,"Transit",2022,348.84900000
"TOI-5573 b","TOI-5573",136.4259999,55.3071309,"Transit",2025,186.56200000
"TOI-558 b","TOI-558",42.2915093,-58.0246828,"Transit",2021,402.63000000
"TOI-559 b","TOI-559",46.8186159,-31.1629951,"Transit",2021,233.26600000
"TOI-5592 b","TOI-5592",106.6800684,65.8572490,"Transit",2025,597.02600000
"TOI-5595 b","TOI-5595",110.4601649,35.2219829,"Transit",2026,136.95500000
"TOI-5599 b","TOI-5599",199.3262375,55.6815392,"Transit",2026,547.94800000
"TOI-5605 b","TOI-5605",150.5380078,50.1453867,"Transit",2026,95.07350000
"TOI-561 b","TOI-561",148.1851516,6.2161030,"Transit",2020,85.79900000
"TOI-561 c","TOI-561",148.1851516,6.2161030,"Transit",2020,85.79900000
"TOI-561 d","TOI-561",148.1851516,6.2161030,"Transit",2020,85.79900000
"TOI-561 e","TOI-561",148.1851516,6.2161030,"Transit",2020,85.79900000
"TOI-5614 b","TOI-5614",189.4323154,69.4584273,"Transit",2026,223.01600000
"TOI-5616 b","TOI-5616",184.9016378,48.6832895,"Transit",2024,390.41500000
"TOI-5624 b","TOI-5624",180.8443476,49.2512257,"Transit",2026,101.91300000
"TOI-5624 c","TOI-5624",180.8443476,49.2512257,"Transit",2026,101.91300000
"TOI-5624 d","TOI-5624",180.8443476,49.2512257,"Transit",2026,101.91300000
"TOI-5624 e","TOI-5624",180.8443476,49.2512257,"Transit",2026,101.91300000
"TOI-5624 f","TOI-5624",180.8443476,49.2512257,"Transit Timing Variations",2026,101.91300000
"TOI-5630 b","TOI-5630",236.4538532,40.3748618,"Transit",2026,134.04700000
"TOI-5634 A b","TOI-5634 A",175.6436366,20.9652921,"Transit",2024,306.14400000
"TOI-564 b","TOI-564",130.2951535,-16.0363275,"Transit",2020,199.58100000
"TOI-5678 b","TOI-5678",47.3841872,-34.1984808,"Transit",2023,165.39300000
"TOI-5688 A b","TOI-5688 A",266.9231001,47.7050486,"Transit",2024,226.31800000
"TOI-5704 b","TOI-5704",169.8248694,44.9890782,"Transit",2023,89.63700000
"TOI-5713 b","TOI-5713",208.4587323,52.6027628,"Transit",2024,40.86680000
"TOI-5716 b","TOI-5716",201.9007989,73.1774325,"Transit",2025,39.41220000
"TOI-5720 b","TOI-5720",170.3135774,25.2732942,"Transit",2024,35.82560000
"TOI-5726.01","TOI-5726",123.3950504,68.5745899,"Transit",2024,108.84800000
"TOI-5728 b","TOI-5728",260.3509363,67.5504212,"Transit",2025,54.70450000
"TOI-5734 b","TOI-5734",111.2558179,37.2311218,"Transit",2026,32.51020000
"TOI-5736 b","TOI-5736",213.7583971,49.5009379,"Transit",2025,92.36040000
"TOI-5777 b","TOI-5777",141.0022390,82.8586961,"Transit",2026,114.27700000
"TOI-5786 b","TOI-5786",293.3223259,30.7042468,"Transit",2025,192.47500000
"TOI-5788 b","TOI-5788",287.4249017,31.7615284,"Transit",2026,97.61400000
"TOI-5788 c","TOI-5788",287.4249017,31.7615284,"Transit",2026,97.61400000
"TOI-5789 b","TOI-5789",302.7734475,16.1897138,"Radial Velocity",2026,20.45810000
"TOI-5789 c","TOI-5789",302.7734475,16.1897138,"Transit",2026,20.45810000
"TOI-5789 d","TOI-5789",302.7734475,16.1897138,"Radial Velocity",2026,20.45810000
"TOI-5789 e","TOI-5789",302.7734475,16.1897138,"Radial Velocity",2026,20.45810000
"TOI-5795 b","TOI-5795",304.8687820,-7.5476595,"Transit",2025,156.53000000
"TOI-5799 b","TOI-5799",301.6301790,15.9891418,"Transit",2024,27.81230000
"TOI-5799 c","TOI-5799",301.6301790,15.9891418,"Transit",2025,27.81230000
"TOI-5800 b","TOI-5800",305.0655462,-7.4119237,"Transit",2025,42.90520000
"TOI-5803 b","TOI-5803",327.2487497,6.2781777,"Transit",2023,84.01260000
"TOI-5817 b","TOI-5817",322.3777987,21.4745270,"Transit",2025,80.75420000
"TOI-5882 b","TOI-5882",311.8886385,34.7374918,"Transit",2025,416.10400000
"TOI-5916 b","TOI-5916",325.2995114,9.5990534,"Transit",2026,199.72400000
"TOI-5926 b","TOI-5926",308.0784435,15.5030795,"Transit",2026,275.10300000
"TOI-5938 b","TOI-5938",303.9088422,28.6592261,"Transit",2026,114.03500000
"TOI-6000 b","TOI-6000",292.6062979,68.1545924,"Transit",2025,75.76640000
"TOI-6002 b","TOI-6002",299.6142524,32.2871702,"Transit",2024,32.02660000
"TOI-6008 b","TOI-6008",310.4487344,49.6468992,"Transit",2024,23.10080000
"TOI-6016 b","TOI-6016",4.5239602,59.7661983,"Transit",2024,364.71500000
"TOI-6019 b","TOI-6019",355.0913498,35.9408402,"Transit",2026,260.34200000
"TOI-6029 b","TOI-6029",8.3862555,61.8607659,"Transit",2024,603.11900000
"TOI-6034 b","TOI-6034",317.9001392,68.4020762,"Transit",2024,117.99200000
"TOI-6038 A b","TOI-6038 A",51.6572691,40.8172704,"Transit",2025,179.14700000
"TOI-6041 b","TOI-6041",46.0610334,43.5576668,"Transit",2025,72.47310000
"TOI-6041 c","TOI-6041",46.0610334,43.5576668,"Radial Velocity",2025,72.47310000
"TOI-6054.01","TOI-6054",56.3370070,60.3509170,"Transit",2024,79.40700000
"TOI-6054.02","TOI-6054",56.3370070,60.3509170,"Transit",2024,79.40700000
"TOI-6080 b","TOI-6080",266.6044226,38.0787076,"Transit",2026,188.18300000
"TOI-6086 b","TOI-6086",265.3704236,30.3037755,"Transit",2024,31.45660000
"TOI-6109 b","TOI-6109",50.1319206,42.6069564,"Transit",2025,151.73800000
"TOI-6109 c","TOI-6109",50.1319206,42.6069564,"Transit",2025,151.73800000
"TOI-6130 b","TOI-6130",339.2050832,16.8271941,"Transit",2024,220.88200000
"TOI-615 b","TOI-615",133.4086892,-40.5437010,"Transit",2023,360.40800000
"TOI-620 b","TOI-620",142.1734459,-12.1671652,"Transit",2022,33.02310000
"TOI-622 b","TOI-622",125.3050544,-46.4842959,"Transit",2023,123.29700000
"TOI-6223 b","TOI-6223",355.9505977,33.0672361,"Transit",2025,133.12200000
"TOI-6255 b","TOI-6255",331.5031606,39.2988284,"Transit",2024,20.31670000
"TOI-628 b","TOI-628",99.2630608,1.7675497,"Transit",2021,178.68000000
"TOI-6281 b","TOI-6281",172.3785238,-40.6094246,"Transit",2026,57.74510000
"TOI-6303 b","TOI-6303",46.7806502,40.1471740,"Transit",2025,152.21900000
"TOI-6324 b","TOI-6324",330.8445430,67.4986773,"Transit",2025,20.54880000
"TOI-6330 b","TOI-6330",22.1679816,53.6860778,"Transit",2025,139.04200000
"TOI-6383 A b","TOI-6383 A",60.4246951,60.8913677,"Transit",2024,171.31900000
"TOI-6393 b","TOI-6393",141.2436918,68.7883127,"Transit",2026,186.22900000
"TOI-640 b","TOI-640",99.7345935,-36.6461300,"Transit",2021,341.99700000
"TOI-6420 b","TOI-6420",125.5443036,-19.1242852,"Transit",2025,634.71200000
"TOI-6448 b","TOI-6448",110.1704109,-33.9223285,"Transit",2025,386.87900000
"TOI-6478 b","TOI-6478",149.9918059,-16.1597935,"Transit",2025,38.60570000
"TOI-654.01","TOI-654",164.7245509,-5.5475446,"Transit",2024,57.75530000
"TOI-6564 b","TOI-6564",205.8178791,-56.1564491,"Transit",2026,191.37200000
"TOI-6628 b","TOI-6628",225.8370504,-35.2305793,"Transit",2025,320.52700000
"TOI-663 b","TOI-663",160.0658525,-8.5110827,"Transit",2024,64.23080000
"TOI-663 c","TOI-663",160.0658525,-8.5110827,"Transit",2024,64.23080000
"TOI-663 d","TOI-663",160.0658525,-8.5110827,"Transit",2024,64.23080000
"TOI-6651 b","TOI-6651",15.7885904,35.3890405,"Transit",2024,212.12800000
"TOI-6677 b","TOI-6677",290.4719117,-46.8749591,"Transit",2026,340.52000000
"TOI-669 b","TOI-669",158.9007013,-5.1813735,"Transit",2023,142.86700000
"TOI-6692 b","TOI-6692",312.6940436,-81.2723982,"Transit",2026,312.90300000
"TOI-6695 b","TOI-6695",129.5720221,-23.5502170,"Transit",2025,282.53600000
"TOI-6695 c","TOI-6695",129.5720221,-23.5502170,"Radial Velocity",2025,282.53600000
"TOI-6699 b","TOI-6699",317.0695839,-63.2504996,"Transit",2026,85.84630000
"TOI-6707 b","TOI-6707",109.7634707,-58.1155263,"Transit",2026,641.46700000
"TOI-6716 b","TOI-6716",111.6570820,-30.5521801,"Transit",2026,18.88730000
"TOI-672 b","TOI-672",167.9908627,-39.3281151,"Transit",2023,66.90710000
"TOI-674 b","TOI-674",164.5865592,-36.8581092,"Transit",2021,46.08510000
"TOI-677 b","TOI-677",144.1193594,-50.4630933,"Transit",2020,141.81200000
"TOI-682.01","TOI-682",167.8854300,-22.0727803,"Transit",2021,83.15480000
"TOI-6884 b","TOI-6884",193.0087935,26.6739510,"Transit",2026,562.37600000
"TOI-6894 b","TOI-6894",173.4691418,12.4510906,"Transit",2025,73.81310000
"TOI-6954 b","TOI-6954",168.3240591,-2.7877643,"Transit",2026,190.04200000
"TOI-697 b","TOI-697",69.7042208,-36.6813257,"Transit",2026,93.77140000
"TOI-700 b","TOI-700",97.0957165,-65.5786149,"Transit",2020,31.12650000
"TOI-700 c","TOI-700",97.0957165,-65.5786149,"Transit",2020,31.12650000
"TOI-700 d","TOI-700",97.0957165,-65.5786149,"Transit",2020,31.12650000
"TOI-700 e","TOI-700",97.0957165,-65.5786149,"Transit",2023,31.12650000
"TOI-7008 b","TOI-7008",216.9882531,79.4503960,"Transit",2026,410.46700000
"TOI-7009 b","TOI-7009",299.5131334,55.6510291,"Transit",2026,184.12000000
"TOI-7041 b","TOI-7041",357.8021716,-50.8698618,"Transit",2025,439.52000000
"TOI-707 b","TOI-707",98.7295889,-67.5372743,"Transit",2026,130.95900000
"TOI-712 b","TOI-712",92.9361063,-65.8258386,"Transit",2022,58.62120000
"TOI-712 c","TOI-712",92.9361063,-65.8258386,"Transit",2022,58.62120000
"TOI-712 d","TOI-712",92.9361063,-65.8258386,"Transit",2022,58.62120000
"TOI-7149 b","TOI-7149",244.7384657,19.1758116,"Transit",2025,126.12600000
"TOI-715 b","TOI-715",113.8523276,-73.5774089,"Transit",2023,42.40480000
"TOI-7155 b","TOI-7155",12.4454481,79.2878555,"Transit",2026,144.75100000
"TOI-7166 b","TOI-7166",320.6806363,8.8893975,"Transit",2025,35.41530000
"TOI-733 b","TOI-733",159.4093183,-40.8882590,"Transit",2023,75.20920000
"TOI-7333 b","TOI-7333",243.5319622,75.9166315,"Transit",2026,157.21700000
"TOI-7384 b","TOI-7384",83.1031834,-39.8342501,"Transit",2026,66.79020000
"TOI-7510 b","TOI-7510",273.7281880,-54.4340547,"Transit",2025,249.00600000
"TOI-7510 c","TOI-7510",273.7281880,-54.4340547,"Transit",2025,249.00600000
"TOI-7510 d","TOI-7510",273.7281880,-54.4340547,"Transit",2025,249.00600000
"TOI-756 b","TOI-756",192.1037380,-45.4704709,"Transit",2025,86.17590000
"TOI-756 c","TOI-756",192.1037380,-45.4704709,"Radial Velocity",2025,86.17590000
"TOI-757 b","TOI-757",187.9948428,-35.5544523,"Transit",2024,60.34180000
"TOI-762 A b","TOI-762 A",166.0747423,-47.8214964,"Transit",2024,98.44580000
"TOI-763 b","TOI-763",194.4680980,-39.7580613,"Transit",2020,95.12740000
"TOI-763 c","TOI-763",194.4680980,-39.7580613,"Transit",2020,95.12740000
"TOI-771 b","TOI-771",164.1138903,-72.9851736,"Transit",2024,25.27880000
"TOI-771 c","TOI-771",164.1138903,-72.9851736,"Radial Velocity",2025,25.27880000
"TOI-776 b","TOI-776",178.5779970,-37.5533568,"Transit",2020,27.17010000
"TOI-776 c","TOI-776",178.5779970,-37.5533568,"Transit",2020,27.17010000
"TOI-778 b","TOI-778",199.3338503,-15.2737046,"Transit",2023,161.74300000
"TOI-782 b","TOI-782",183.9203614,-18.9103377,"Transit",2024,52.51220000
"TOI-784 b","HD 307842",159.3412205,-63.6556923,"Transit",2023,64.59970000
"TOI-791 b","TOI-791",118.4347574,-69.7017359,"Transit",2026,341.22100000
"TOI-791 c","TOI-791",118.4347574,-69.7017359,"Transit",2026,341.22100000
"TOI-799 b","TOI-799",98.4691249,-52.4602958,"Transit",2026,158.52600000
"TOI-808 b","TOI-808",133.7485497,-44.2886304,"Transit",2026,98.18480000
"TOI-813 b","TOI-813",72.6940102,-60.9054608,"Transit",2020,263.14500000
"TOI-815 b","TOI-815",155.8719377,-43.8349248,"Transit",2024,59.71170000
"TOI-815 c","TOI-815",155.8719377,-43.8349248,"Transit",2024,59.71170000
"TOI-824 b","TOI-824",222.1654705,-57.5888666,"Transit",2020,63.92620000
"TOI-833 b","TOI-833",145.6454720,-62.4758857,"Transit",2022,41.71480000
"TOI-836 b","TOI-836",225.0798831,-24.4542022,"Transit",2023,27.50240000
"TOI-836.01","TOI-836",225.0798831,-24.4542022,"Transit",2021,27.50240000
"TOI-837 b","TOI-837",157.0372806,-64.5052107,"Transit",2020,142.48800000
"TOI-849 b","TOI-849",28.7157956,-29.4217086,"Transit",2020,225.73400000
"TOI-858 B b","TOI-858 B",60.1998256,-54.5929177,"Transit",2023,250.48900000
"TOI-871 b","TOI-871",74.7376264,-50.6274153,"Transit",2024,68.04730000
"TOI-880 c","TOI-880",94.1644734,-13.9873370,"Transit",2025,60.66790000
"TOI-880.02","TOI-880",94.1644734,-13.9873370,"Transit",2024,60.66790000
"TOI-883 b","TOI-883",103.3690609,-6.5078349,"Transit",2026,102.63700000
"TOI-892 b","TOI-892",86.7382280,-11.2353401,"Transit",2020,340.54300000
"TOI-904 b","TOI-904",89.3712733,-83.1297264,"Transit",2023,46.08910000
"TOI-904 c","TOI-904",89.3712733,-83.1297264,"Transit",2023,46.08910000
"TOI-905 b","TOI-905",227.6586754,-71.3616316,"Transit",2020,158.64900000
"TOI-907.01","TOI-907",262.1834072,-62.8403830,"Transit",2024,312.52900000
"TOI-908 b","TOI-908",53.1594266,-81.2507450,"Transit",2023,175.74800000
"TOI-912 b","TOI-912",229.3285665,-80.4733446,"Transit",2025,26.10720000
"TOI-913 b","TOI-913",234.5723244,-80.8034265,"Transit",2023,65.17690000
"TOI-921 b","TOI-921",99.6742038,-56.2205396,"Transit",2026,294.01500000
"TOI-929 b","TOI-929",45.9071657,-39.9307758,"Transit",2026,114.42100000
"TOI-938 b","TOI-938",63.0323442,-12.1188357,"Transit",2026,215.03400000
"TOI-941 b","TOI-941",78.3005249,6.5459146,"Transit",2026,263.38600000
"TOI-942 b","TOI-942",76.6496172,-20.2456126,"Transit",2020,152.60100000
"TOI-942 c","TOI-942",76.6496172,-20.2456126,"Transit",2020,152.60100000
"TOI-954 b","TOI-954",61.9410587,-25.2088028,"Transit",2020,238.76800000
"TOI-969 b","TOI-969",115.1366858,2.0985879,"Transit",2022,77.25540000
"TOI-969 c","TOI-969",115.1366858,2.0985879,"Radial Velocity",2022,77.25540000
"TRAPPIST-1 b","TRAPPIST-1",346.6263919,-5.0434618,"Transit",2016,12.42988881
"TRAPPIST-1 c","TRAPPIST-1",346.6263919,-5.0434618,"Transit",2016,12.42988881
"TRAPPIST-1 d","TRAPPIST-1",346.6263919,-5.0434618,"Transit",2016,12.42988881
"TRAPPIST-1 e","TRAPPIST-1",346.6263919,-5.0434618,"Transit",2017,12.42988881
"TRAPPIST-1 f","TRAPPIST-1",346.6263919,-5.0434618,"Transit",2017,12.42988881
"TRAPPIST-1 g","TRAPPIST-1",346.6263919,-5.0434618,"Transit",2017,12.42988881
"TRAPPIST-1 h","TRAPPIST-1",346.6263919,-5.0434618,"Transit",2017,12.42988881
"TWA 7 b","TWA 7",160.6248102,-33.6712596,"Imaging",2025,33.99580000
"TYC 0434-04538-1 b","TYC 0434-04538-1",271.3396528,2.0622774,"Radial Velocity",2021,613.42200000
"TYC 1422-614-1 b","TYC 1422-614-1",154.2777769,19.5584068,"Radial Velocity",2014,672.41000000
"TYC 1422-614-1 c","TYC 1422-614-1",154.2777769,19.5584068,"Radial Velocity",2014,672.41000000
"TYC 2187-512-1 b","TYC 2187-512-1",320.5266829,22.9319351,"Radial Velocity",2022,15.47440000
"TYC 3318-01333-1 b","TYC 3318-01333-1",45.5825716,49.7441421,"Radial Velocity",2018,490.61000000
"TYC 3667-1280-1 b","TYC 3667-1280-1",12.8875757,58.4261485,"Radial Velocity",2016,477.51600000
"TYC 4282-00605-1 b","TYC 4282-00605-1",343.8721029,62.2391907,"Radial Velocity",2017,464.12800000
"TYC 8998-760-1 b","TYC 8998-760-1",201.3001096,-64.9391566,"Imaging",2020,94.61770000
"TYC 8998-760-1 c","TYC 8998-760-1",201.3001096,-64.9391566,"Imaging",2020,94.61770000
"Teegarden's Star b","Teegarden's Star",43.2691449,16.8649024,"Radial Velocity",2019,3.83078000
"Teegarden's Star c","Teegarden's Star",43.2691449,16.8649024,"Radial Velocity",2019,3.83078000
"Teegarden's Star d","Teegarden's Star",43.2691449,16.8649024,"Radial Velocity",2024,3.83078000
"TrES-1 b","TrES-1",286.0408755,36.6325360,"Transit",2004,159.65800000
"TrES-2 b","TrES-2",286.8085258,49.3164211,"Transit",2006,215.32000000
"TrES-3 b","TrES-3",268.0291106,37.5463268,"Transit",2007,231.33700000
"TrES-4 b","TrES-4",268.3043361,37.2117397,"Transit",2007,515.98000000
"TrES-5 b","TrES-5",305.2219454,59.4489033,"Transit",2011,360.31300000
"UCAC3 113-933 b","UCAC3 113-933",5.2758121,-33.8031679,"Imaging",2024,52.58290000
"UCAC4 328-061594 b","UCAC4 328-061594",152.6991091,-24.4532674,"Imaging",2024,39.90890000
"UKIRT-2017-BLG-001L b","UKIRT-2017-BLG-001L",266.6540830,-29.2113609,"Microlensing",2018,6300.00000000
"USco CTIO 108 b","USco CTIO 108",241.4752653,-18.3124167,"Imaging",2008,144.01900000
"USco1556 b","USco1556 A",239.1037198,-25.6890476,"Imaging",2019,140.63500000
"USco1621 b","USco1621 A",245.3730855,-25.4954265,"Imaging",2019,137.90100000
"UZ For b","UZ For",53.8694682,-25.7393857,"Eclipse Timing Variations",2011,239.60387482
"UZ For c","UZ For",53.8694682,-25.7393857,"Eclipse Timing Variations",2011,239.60387482
"V0391 Peg b","V0391 Peg",331.0504119,26.4188227,"Pulsation Timing Variations",2007,1195.98000000
"V1298 Tau b","V1298 Tau",61.3316540,20.1570318,"Transit",2019,108.19900000
"V1298 Tau c","V1298 Tau",61.3316540,20.1570318,"Transit",2019,108.19900000
"V1298 Tau d","V1298 Tau",61.3316540,20.1570318,"Transit",2019,108.19900000
"V1298 Tau e","V1298 Tau",61.3316540,20.1570318,"Transit",2019,108.19900000
"V2376 Ori b","V2376 Ori",83.8398180,-5.3515552,"Imaging",2025,
"V830 Tau b","V830 Tau",68.2918259,24.5619241,"Radial Velocity",2016,130.11100000
"VHS J125601.92-125723.9 b","VHS J125601.92-125723.9",194.0089640,-12.9560310,"Imaging",2015,12.70000000
"WASP-1 b","WASP-1",5.1669536,31.9899732,"Transit",2007,393.07200000
"WASP-10 b","WASP-10",348.9930457,31.4627508,"Transit",2008,140.99800000
"WASP-100 b","WASP-100",68.9598159,-64.0270390,"Transit",2014,364.41100000
"WASP-101 b","WASP-101",98.3511016,-23.4860860,"Transit",2014,201.22400000
"WASP-102 b","WASP-102",336.4643016,15.8566392,"Transit",2025,535.68900000
"WASP-103 b","WASP-103",249.3148604,7.1833758,"Transit",2014,375.64700000
"WASP-104 b","WASP-104",160.6023689,7.4350768,"Transit",2014,185.93200000
"WASP-105 b","WASP-105",24.1678686,-50.6593080,"Transit",2017,169.27200000
"WASP-106 b","WASP-106",166.4296276,-5.0794854,"Transit",2014,352.18100000
"WASP-107 b","WASP-107",188.3864277,-10.1462141,"Transit",2017,64.74140000
"WASP-107 c","WASP-107",188.3864277,-10.1462141,"Radial Velocity",2020,64.74140000
"WASP-108 b","WASP-108",195.8281644,-49.6397727,"Transit",2020,258.77700000
"WASP-11 b","WASP-11",47.3689472,30.6733817,"Transit",2008,124.73000000
"WASP-110 b","WASP-110",305.8724366,-44.0587001,"Transit",2021,274.96000000
"WASP-113 b","WASP-113",224.8728589,46.9600996,"Transit",2016,435.15600000
"WASP-114 b","WASP-114",327.6656953,10.4629385,"Transit",2016,523.33700000
"WASP-116 b","WASP-116",35.2157609,-1.8260419,"Transit",2025,559.24300000
"WASP-117 b","WASP-117",36.7758112,-50.2844247,"Transit",2014,157.96300000
"WASP-118 b","WASP-118",19.5505861,2.7027847,"Transit",2016,376.65800000
"WASP-119 b","WASP-119",55.9336392,-65.1937800,"Transit",2016,302.44800000
"WASP-12 b","WASP-12",97.6366450,29.6722662,"Transit",2008,427.24600000
"WASP-120 b","WASP-120",62.6160813,-45.8982434,"Transit",2016,381.17400000
"WASP-121 b","WASP-121",107.6002312,-39.0972705,"Transit",2016,269.89800000
"WASP-123 b","WASP-123",289.4792124,-32.8601244,"Transit",2016,197.99600000
"WASP-124 b","WASP-124",332.7143373,-30.7497189,"Transit",2016,448.63700000
"WASP-126 b","WASP-126",63.3747060,-69.2265926,"Transit",2016,216.52600000
"WASP-126 c","WASP-126",63.3747060,-69.2265926,"Transit Timing Variations",2019,216.52600000
"WASP-127 b","WASP-127",160.5587646,-3.8349989,"Transit",2016,159.50700000
"WASP-129 b","WASP-129",176.2990518,-42.0639575,"Transit",2016,301.46200000
"WASP-13 b","WASP-13",140.1029654,33.8823291,"Transit",2009,227.53700000
"WASP-130 b","WASP-130",203.1060194,-42.4752733,"Transit",2016,172.25600000
"WASP-131 b","WASP-131",210.1935714,-30.5836084,"Transit",2016,200.07500000
"WASP-132 b","WASP-132",217.6091998,-46.1595160,"Transit",2016,122.91000000
"WASP-132 c","WASP-132",217.6091998,-46.1595160,"Transit",2022,122.91000000
"WASP-132 d","WASP-132",217.6091998,-46.1595160,"Radial Velocity",2024,122.91000000
"WASP-133 b","WASP-133",314.5754375,-35.7966224,"Transit",2016,559.08400000
"WASP-135 b","WASP-135",267.2848846,29.8790428,"Transit",2015,298.21400000
"WASP-136 b","WASP-136",0.3257610,-8.9262512,"Transit",2016,275.58700000
"WASP-138 b","WASP-138",41.6391598,-0.4641252,"Transit",2016,414.23400000
"WASP-139 b","WASP-139",49.5621730,-41.3020235,"Transit",2016,212.47200000
"WASP-14 b","WASP-14",218.2766247,21.8946875,"Transit",2008,161.99700000
"WASP-140 b","WASP-140",60.3855387,-20.4509991,"Transit",2016,117.59800000
"WASP-141 b","WASP-141",71.8244347,-17.1151736,"Transit",2016,516.54300000
"WASP-142 b","WASP-142",140.5063164,-23.9461020,"Transit",2016,730.93300000
"WASP-144 b","WASP-144",320.7628761,-40.0484393,"Transit",2018,355.51300000
"WASP-145 A b","WASP-145 A",322.2537644,-58.8361466,"Transit",2018,91.29900000
"WASP-147 b","WASP-147",359.1915117,-22.1532316,"Transit",2018,436.09800000
"WASP-148 b","WASP-148",254.1305022,44.3025361,"Transit",2020,246.35300000
"WASP-148 c","WASP-148",254.1305022,44.3025361,"Radial Velocity",2020,246.35300000
"WASP-149 b","WASP-149",124.0736810,-8.6865813,"Transit",2025,211.73000000
"WASP-15 b","WASP-15",208.9280111,-32.1597118,"Transit",2009,282.09100000
"WASP-150 b","WASP-150",264.2630197,53.0212751,"Transit",2020,527.99500000
"WASP-151 b","WASP-151",349.0634651,0.3066895,"Transit",2017,453.09900000
"WASP-153 b","WASP-153",279.2624729,40.0186905,"Transit",2017,610.17600000
"WASP-154 b","WASP-154",327.7191734,-8.6359458,"Transit",2025,215.50100000
"WASP-155 b","WASP-155",347.9797230,33.0476125,"Transit",2025,399.63000000
"WASP-156 b","WASP-156",32.7820850,2.4181937,"Transit",2017,122.06600000
"WASP-157 b","WASP-157",201.6551525,-8.3176353,"Transit",2016,334.03700000
"WASP-158 b","WASP-158",4.1463468,-10.9764226,"Transit",2018,524.99300000
"WASP-159 b","WASP-159",68.1364792,-38.9682973,"Transit",2018,715.38300000
"WASP-16 b","WASP-16",214.6830109,-20.2754374,"Transit",2009,194.13400000
"WASP-160 B b","WASP-160 B",87.6795610,-27.6233218,"Transit",2018,288.32600000
"WASP-161 b","WASP-161",126.3378248,-11.5009889,"Transit",2018,343.08000000
"WASP-162 b","WASP-162",168.2929079,-17.6577794,"Transit",2018,310.84100000
"WASP-163 b","WASP-163",256.5375549,-10.4130071,"Transit",2018,261.38600000
"WASP-164 b","WASP-164",344.8735878,-60.4478194,"Transit",2018,327.50600000
"WASP-165 b","WASP-165",357.5806472,-17.0775947,"Transit",2018,602.23600000
"WASP-166 b","WASP-166",144.8751047,-20.9824191,"Transit",2019,114.17300000
"WASP-167 b","WASP-167",196.0437932,-35.5495292,"Transit",2017,423.55200000
"WASP-168 b","WASP-168",96.7446427,-46.8213635,"Transit",2018,303.94100000
"WASP-169 b","WASP-169",127.3872297,-12.9447683,"Transit",2019,627.06600000
"WASP-17 b","WASP-17",239.9622479,-28.0617941,"Transit",2009,405.90800000
"WASP-170 b","WASP-170",135.4163028,-20.7203686,"Transit",2018,305.60300000
"WASP-171 b","WASP-171",171.8450533,-44.0887035,"Transit",2019,757.84000000
"WASP-172 b","WASP-172",199.4337420,-47.2375748,"Transit",2018,538.11000000
"WASP-173 A b","WASP-173 A",354.1686959,-34.6113042,"Transit",2018,232.98000000
"WASP-174 b","WASP-174",195.7940145,-41.3848617,"Transit",2018,410.14900000
"WASP-175 b","WASP-175",166.3187996,-34.1227453,"Transit",2019,539.36000000
"WASP-176 b","WASP-176",313.6872928,9.1790688,"Transit",2020,568.42000000
"WASP-177 b","WASP-177",334.7969885,-1.8344301,"Transit",2019,176.81800000
"WASP-178 b","WASP-178",227.2703290,-42.7049658,"Transit",2019,427.67800000
"WASP-18 b","WASP-18",24.3544618,-45.6777937,"Transit",2009,123.48300000
"WASP-180 A b","WASP-180 A",123.3922465,-1.9827874,"Transit",2019,253.98500000
"WASP-181 b","WASP-181",26.7932253,3.1329325,"Transit",2019,437.49500000
"WASP-182 b","WASP-182",311.6733450,-41.8209828,"Transit",2019,327.60200000
"WASP-183 b","WASP-183",163.7888521,-0.7370663,"Transit",2019,325.37700000
"WASP-184 b","WASP-184",209.5170100,-30.3481530,"Transit",2019,663.23100000
"WASP-185 b","WASP-185",214.0595791,-19.5423062,"Transit",2019,279.35000000
"WASP-186 b","WASP-186",18.9953122,21.6169065,"Transit",2020,278.51400000
"WASP-187 b","WASP-187",17.4747400,25.6816494,"Transit",2020,371.41400000
"WASP-188 b","WASP-188",278.7819771,36.6156327,"Transit",2025,675.28100000
"WASP-189 b","WASP-189",225.6867320,-3.0314874,"Transit",2020,99.73100000
"WASP-19 b","WASP-19",148.4167672,-45.6591078,"Transit",2009,268.32500000
"WASP-190 b","WASP-190",7.7095292,-40.5734613,"Transit",2019,542.25100000
"WASP-192 b","WASP-192",223.6587187,-38.7445469,"Transit",2019,508.88500000
"WASP-193 b","WASP-193",164.3491401,-29.9971229,"Transit",2023,362.08700000
"WASP-194 b","WASP-194",295.3877064,56.2178049,"Transit",2025,476.83100000
"WASP-195 b","WASP-195",247.5496427,49.8957910,"Transit",2025,484.85200000
"WASP-197 b","WASP-197",160.6307133,28.1986255,"Transit",2025,483.67500000
"WASP-2 b","WASP-2",307.7255587,6.4293305,"Transit",2007,153.24200000
"WASP-20 b","WASP-20",5.1605621,-23.9357894,"Transit",2015,211.87700000
"WASP-21 b","WASP-21",347.4928024,18.3961597,"Transit",2010,258.42600000
"WASP-22 b","WASP-22",52.8180374,-23.8197924,"Transit",2010,317.65200000
"WASP-23 b","WASP-23",101.1275033,-42.7622296,"Transit",2010,207.49000000
"WASP-24 b","WASP-24",227.2154975,2.3432860,"Transit",2010,322.11400000
"WASP-25 b","WASP-25",195.3597581,-27.5222273,"Transit",2010,211.41600000
"WASP-26 b","WASP-26",4.6030424,-15.2674044,"Transit",2010,252.75900000
"WASP-28 b","WASP-28",353.6162694,-1.5799849,"Transit",2014,348.49400000
"WASP-29 b","WASP-29",357.8791976,-39.9071215,"Transit",2010,87.59530000
"WASP-3 b","WASP-3",278.6317411,35.6614312,"Transit",2007,231.16100000
"WASP-31 b","WASP-31",169.4388603,-19.0547781,"Transit",2010,383.82900000
"WASP-32 b","WASP-32",3.9617073,1.2005122,"Transit",2010,275.99400000
"WASP-33 b","WASP-33",36.7127375,37.5504441,"Transit",2010,121.94400000
"WASP-34 b","WASP-34",165.3993679,-23.8609457,"Transit",2010,132.09600000
"WASP-35 b","WASP-35",76.0818912,-6.2297801,"Transit",2011,202.21800000
"WASP-36 b","WASP-36",131.5803897,-8.0269855,"Transit",2011,386.34600000
"WASP-37 b","WASP-37",221.9438866,1.0650227,"Transit",2010,392.79100000
"WASP-38 b","WASP-38",243.9597194,10.0324103,"Transit",2010,136.24000000
"WASP-39 b","WASP-39",217.3266477,-3.4444994,"Transit",2011,213.98200000
"WASP-4 b","WASP-4",353.5629149,-42.0617794,"Transit",2007,267.20600000
"WASP-41 b","WASP-41",190.6188034,-30.6398176,"Transit",2011,163.37100000
"WASP-41 c","WASP-41",190.6188034,-30.6398176,"Radial Velocity",2015,163.37100000
"WASP-42 b","WASP-42",192.9812030,-42.0736165,"Transit",2012,177.29100000
"WASP-43 b","WASP-43",154.9081869,-9.8064431,"Transit",2011,86.74670000
"WASP-44 b","WASP-44",3.9032733,-11.9382645,"Transit",2011,364.51200000
"WASP-45 b","WASP-45",5.2377567,-35.9984650,"Transit",2011,211.19600000
"WASP-46 b","WASP-46",318.7370122,-55.8718634,"Transit",2011,375.31000000
"WASP-47 b","WASP-47",331.2030920,-12.0190670,"Transit",2012,264.78000000
"WASP-47 c","WASP-47",331.2030920,-12.0190670,"Radial Velocity",2015,264.78000000
"WASP-47 d","WASP-47",331.2030920,-12.0190670,"Transit",2015,264.78000000
"WASP-47 e","WASP-47",331.2030920,-12.0190670,"Transit",2015,264.78000000
"WASP-48 b","WASP-48",291.1623865,55.4730273,"Transit",2011,454.14400000
"WASP-49 b","WASP-49",91.0897193,-16.9653901,"Transit",2012,194.55300000
"WASP-5 b","WASP-5",359.3490277,-41.2772202,"Transit",2008,309.13700000
"WASP-50 b","WASP-50",43.6880738,-10.8980242,"Transit",2011,184.84800000
"WASP-52 b","WASP-52",348.4947931,8.7610793,"Transit",2012,174.81800000
"WASP-53 b","WASP-53",31.9091639,-20.6618430,"Transit",2017,201.33800000
"WASP-53 c","WASP-53",31.9091639,-20.6618430,"Radial Velocity",2017,201.33800000
"WASP-54 b","WASP-54",205.4542456,-0.1281712,"Transit",2012,251.30300000
"WASP-55 b","WASP-55",203.7581951,-17.5034961,"Transit",2012,297.46200000
"WASP-56 b","WASP-56",183.3660401,23.0556870,"Transit",2012,321.08400000
"WASP-57 b","WASP-57",223.8199788,-2.0576866,"Transit",2012,398.27600000
"WASP-58 b","WASP-58",274.7012534,45.1722194,"Transit",2012,290.40400000
"WASP-59 b","WASP-59",349.6229547,24.8892770,"Transit",2012,115.93600000
"WASP-6 b","WASP-6",348.1571282,-22.6741248,"Transit",2009,197.11900000
"WASP-60 b","WASP-60",356.6667136,31.1559115,"Transit",2012,431.05200000
"WASP-61 b","WASP-61",75.2996637,-26.0541438,"Transit",2012,488.66000000
"WASP-62 b","WASP-62",87.1398205,-63.9883286,"Transit",2012,175.63100000
"WASP-63 b","WASP-63",94.3363562,-38.3233826,"Transit",2012,290.68400000
"WASP-64 b","WASP-64",101.1149223,-32.8583878,"Transit",2012,369.92600000
"WASP-65 b","WASP-65",133.3242982,8.5230171,"Transit",2013,273.70300000
"WASP-66 b","WASP-66",158.2250301,-34.9899074,"Transit",2012,500.25800000
"WASP-67 b","WASP-67",295.7438485,-19.9497314,"Transit",2012,189.46900000
"WASP-68 b","WASP-68",305.0957239,-19.3147271,"Transit",2014,226.39900000
"WASP-69 b","WASP-69",315.0259661,-5.0948570,"Transit",2014,49.96050000
"WASP-7 b","WASP-7",311.0427558,-39.2254856,"Transit",2008,162.30300000
"WASP-70 A b","WASP-70 A",315.4771912,-13.4333821,"Transit",2014,222.35500000
"WASP-71 b","WASP-71",29.2634506,0.7588247,"Transit",2012,362.71500000
"WASP-72 b","WASP-72",41.0400779,-30.1690785,"Transit",2012,434.75400000
"WASP-73 b","WASP-73",319.9496969,-58.1489328,"Transit",2014,316.67800000
"WASP-74 b","WASP-74",304.5388430,-1.0760033,"Transit",2015,149.21600000
"WASP-75 b","WASP-75",342.3858995,-10.6754686,"Transit",2013,294.00100000
"WASP-76 b","WASP-76",26.6329360,2.7003890,"Transit",2016,194.45900000
"WASP-77 A b","WASP-77 A",37.1555223,-7.0606675,"Transit",2012,105.16600000
"WASP-78 b","WASP-78",63.7562662,-22.1163901,"Transit",2012,754.25800000
"WASP-79 b","WASP-79",66.3709016,-30.6004362,"Transit",2012,246.69000000
"WASP-8 b","WASP-8",359.9008737,-35.0313349,"Transit",2010,89.96060000
"WASP-8 c","WASP-8",359.9008737,-35.0313349,"Radial Velocity",2013,89.96060000
"WASP-80 b","WASP-80",303.1667996,-2.1444369,"Transit",2012,49.78760000
"WASP-81 b","WASP-81",304.2079924,3.2939492,"Transit",2017,398.50500000
"WASP-82 b","WASP-82",72.6605916,1.8938365,"Transit",2015,275.66400000
"WASP-83 b","WASP-83",190.1519558,-19.2843527,"Transit",2015,271.10300000
"WASP-84 b","WASP-84",131.1069959,1.8598933,"Transit",2014,100.58800000
"WASP-84 c","WASP-84",131.1069959,1.8598933,"Transit",2023,100.58800000
"WASP-85 A b","WASP-85 A",175.9080328,6.5637842,"Transit",2016,141.88700000
"WASP-87 b","WASP-87",185.3246821,-52.8408163,"Transit",2016,298.39200000
"WASP-88 b","WASP-88",309.5112337,-48.4620833,"Transit",2014,523.75600000
"WASP-89 b","WASP-89",313.9000261,-18.9714084,"Transit",2015,290.94600000
"WASP-90 b","WASP-90",315.5319489,7.0562793,"Transit",2016,466.43300000
"WASP-91 b","WASP-91",357.8464340,-70.1528621,"Transit",2017,149.94200000
"WASP-92 b","WASP-92",246.6920395,51.0411328,"Transit",2016,575.88900000
"WASP-93 b","WASP-93",9.4587443,51.2887780,"Transit",2016,370.28400000
"WASP-94 A b","WASP-94 A",313.7832393,-34.1357512,"Transit",2014,211.21100000
"WASP-94 B b","WASP-94 B",313.7882932,-34.1357240,"Radial Velocity",2014,208.69600000
"WASP-95 b","WASP-95",337.4578243,-48.0030988,"Transit",2014,137.54400000
"WASP-96 b","WASP-96",1.0465696,-47.3606352,"Transit",2014,352.46400000
"WASP-97 b","WASP-97",24.6051389,-55.7720006,"Transit",2014,151.06800000
"WASP-98 b","WASP-98",58.4290113,-34.3282716,"Transit",2014,281.74200000
"WASP-99 b","WASP-99",39.8976689,-50.0081934,"Transit",2014,158.66000000
"WD 0806-661 b","WD 0806-661",121.7275683,-66.3058835,"Imaging",2011,19.24440000
"WD 1856+534 b","WD 1856+534",284.4156750,53.5090244,"Transit",2020,24.73590000
"WISE J033605.05-014350.4 b","WISE J033605.05-014350.4",54.0210417,-1.7306944,"Imaging",2023,
"WISEP J121756.91+162640.2 A b","WISEP J121756.91+162640.2 A",184.4871250,16.4445000,"Imaging",2012,10.10000000
"WISPIT 1 b","WISPIT 1",117.7985550,-50.1376852,"Imaging",2025,230.00700000
"WISPIT 1 c","WISPIT 1",117.7985550,-50.1376852,"Imaging",2025,230.00700000
"WISPIT 2 b","WISPIT 2",290.8209991,-7.6820823,"Imaging",2025,134.90700000
"WISPIT 2 c","WISPIT 2",290.8209991,-7.6820823,"Imaging",2026,134.90700000
"WTS-1 b","WTS-1",293.9850284,36.2962939,"Transit",2012,2346.01000000
"WTS-2 b","WTS-2",293.7327826,36.8154936,"Transit",2014,1030.76834437
"Wendelstein-1 b","Wendelstein-1",299.0506412,17.5699627,"Transit",2020,305.30000000
"Wendelstein-2 b","Wendelstein-2",297.7909214,16.9125679,"Transit",2020,565.54100000
"Wolf 1061 b","Wolf 1061",247.5748276,-12.6676866,"Radial Velocity",2015,4.30592000
"Wolf 1061 c","Wolf 1061",247.5748276,-12.6676866,"Radial Velocity",2015,4.30592000
"Wolf 1061 d","Wolf 1061",247.5748276,-12.6676866,"Radial Velocity",2015,4.30592000
"Wolf 1069 b","Wolf 1069",306.5242477,58.5753044,"Radial Velocity",2023,9.58341000
"Wolf 327 b","Wolf 327",148.3783199,35.5705480,"Transit",2024,28.53210000
"Wolf 503 b","Wolf 503",206.8461979,-6.1393369,"Transit",2018,44.52600000
"XO-1 b","XO-1",240.5492745,28.1696248,"Transit",2006,163.55300000
"XO-2 N b","XO-2 N",117.0267691,50.2251472,"Transit",2007,154.27300000
"XO-2 S b","XO-2 S",117.0309753,50.2169068,"Radial Velocity",2014,151.39800000
"XO-2 S c","XO-2 S",117.0309753,50.2169068,"Radial Velocity",2014,151.39800000
"XO-2 S d","XO-2 S",117.0309753,50.2169068,"Radial Velocity",2024,151.39800000
"XO-3 b","XO-3",65.4695814,57.8172095,"Transit",2007,213.05300000
"XO-4 b","XO-4",110.3880285,58.2681094,"Transit",2010,272.65500000
"XO-5 b","XO-5",116.7163868,39.0944695,"Transit",2008,276.21100000
"XO-6 b","XO-6",94.7929552,73.8275672,"Transit",2016,235.47900000
"XO-7 b","XO-7",277.4780753,85.2333208,"Transit",2019,234.14900000
"YZ Cet b","YZ Cet",18.1330792,-16.9962434,"Radial Velocity",2017,3.71207000
"YZ Cet c","YZ Cet",18.1330792,-16.9962434,"Radial Velocity",2017,3.71207000
"YZ Cet d","YZ Cet",18.1330792,-16.9962434,"Radial Velocity",2017,3.71207000
"ZTF J1230-2655 b","ZTF J1230-2655",187.5689308,-26.9309608,"Transit",2025,186.69000000
"ZTF J1828+2308 b","ZTF J1828+2308",277.2031946,23.1439121,"Transit",2025,201.82700000
"alf Ari b","alf Ari",31.7932860,23.4624210,"Radial Velocity",2010,20.21019000
"alf Tau b","alf Tau",68.9801740,16.5092010,"Radial Velocity",2015,20.43320000
"b Cen AB b","b Cen A",220.4897992,-37.7936323,"Imaging",2021,98.09350000
"bet Cnc b","bet Cnc",124.1286379,9.1853306,"Radial Velocity",2014,89.04720000
"bet Pic b","bet Pic",86.8212337,-51.0661480,"Imaging",2008,19.74420000
"bet Pic c","bet Pic",86.8212337,-51.0661480,"Radial Velocity",2019,19.74420000
"bet Pic d","bet Pic",86.8212337,-51.0661480,"Imaging",2026,19.74420000
"bet UMi b","bet UMi",222.6764950,74.1555480,"Radial Velocity",2014,38.77472000
"eps CrB b","eps CrB",239.3965057,26.8776171,"Radial Velocity",2012,69.86830000
"eps Eri b","eps Eri",53.2284306,-9.4581715,"Radial Velocity",2000,3.20260000
"eps Ind A b","eps Ind A",330.8714021,-56.7969023,"Radial Velocity",2019,3.63857000
"eps Tau b","eps Tau",67.1546573,19.1802782,"Radial Velocity",2006,47.52852000
"gam Cep b","gam Cep",354.8358233,77.6331009,"Radial Velocity",2003,14.10240000
"gam Lib b","gam Lib",233.8818636,-14.7895020,"Radial Velocity",2018,47.40170000
"gam Lib c","gam Lib",233.8818636,-14.7895020,"Radial Velocity",2018,47.40170000
"gam Psc b","gam Psc",349.2946794,3.2823664,"Radial Velocity",2021,41.31070000
"gam1 Leo b","gam1 Leo",154.9932080,19.8413890,"Radial Velocity",2009,39.88830000
"iot Dra b","iot Dra",231.2323227,58.9661403,"Radial Velocity",2002,31.32832000
"iot Dra c","iot Dra",231.2323227,58.9661403,"Radial Velocity",2021,31.32832000
"kap And b","kap And",355.1025974,44.3338511,"Imaging",2012,50.01770000
"kap CrB b","kap CrB",237.8080012,35.6558818,"Radial Velocity",2007,30.06510000
"mu Leo b","mu Leo",148.1898673,26.0067142,"Radial Velocity",2014,32.60810000
"mu2 Sco b","mu2 Sco",253.0838724,-38.0176339,"Imaging",2022,
"nu Oct A b","nu Oct A",325.3702792,-77.3910853,"Radial Velocity",2016,21.19990000
"nu Oph b","nu Oph",269.7566013,-9.7741342,"Radial Velocity",2012,46.21070000
"nu Oph c","nu Oph",269.7566013,-9.7741342,"Radial Velocity",2012,46.21070000
"ome Ser b","ome Ser",237.5732422,2.1963040,"Radial Velocity",2013,76.75560000
"omi CrB b","omi CrB",230.0350768,29.6160222,"Radial Velocity",2012,84.78830000
"omi UMa b","omi UMa",127.5649503,60.7177048,"Radial Velocity",2012,54.91490000
"pi Men c","HD 39091",84.2992798,-80.4646041,"Transit",2018,18.27020000
"pi Men d","HD 39091",84.2992798,-80.4646041,"Radial Velocity",2022,18.27020000
"psi1 Dra B b","psi1 Dra B",265.4925754,72.1557114,"Radial Velocity",2015,22.71880000
"rho CrB b","rho CrB",240.2600639,33.3001861,"Radial Velocity",1997,17.46710000
"rho CrB c","rho CrB",240.2600639,33.3001861,"Radial Velocity",2016,17.46710000
"rho CrB e","rho CrB",240.2600639,33.3001861,"Radial Velocity",2023,17.46710000
"tau Boo b","tau Boo",206.8134593,17.4571647,"Radial Velocity",1996,15.65210000
"tau Cet f","tau Cet",26.0093029,-15.9337987,"Radial Velocity",2017,3.60304000
"tau Cet g","tau Cet",26.0093029,-15.9337987,"Radial Velocity",2017,3.60304000
"tau Cet h","tau Cet",26.0093029,-15.9337987,"Radial Velocity",2017,3.60304000
"tau Gem b","tau Gem",107.7847232,30.2449545,"Radial Velocity",2013,112.53700000
"ups And b","ups And",24.1983534,41.4038147,"Radial Velocity",1996,13.40540000
"ups And c","ups And",24.1983534,41.4038147,"Radial Velocity",1999,13.40540000
"ups And d","ups And",24.1983534,41.4038147,"Radial Velocity",1999,13.40540000
"ups Leo b","ups Leo",174.2372188,-0.8235643,"Radial Velocity",2021,52.59730000
"xi Aql b","xi Aql",298.5624491,8.4611051,"Radial Velocity",2007,56.18580000
